2026-06-08 14:35:03 - bot - INFO - main:initialize:52 - Initializing bot components...
2026-06-08 14:35:03 - bot - ERROR - main:initialize:84 - Failed to initialize bot: type object 'Base' has no attribute 'software_metadata'
Traceback (most recent call last):
  File "/data/data/com.termux/files/home/telegram-software-bot/main.py", line 56, in initialize
    await db_manager.initialize()
  File "/data/data/com.termux/files/home/telegram-software-bot/database.py", line 26, in initialize
    await conn.run_sync(Base.software_metadata.create_all)
                        ^^^^^^^^^^^^^^^^^^^^^^
AttributeError: type object 'Base' has no attribute 'software_metadata'
2026-06-08 14:35:04 - bot - ERROR - main:start:158 - Failed to start bot: type object 'Base' has no attribute 'software_metadata'
Traceback (most recent call last):
  File "/data/data/com.termux/files/home/telegram-software-bot/main.py", line 133, in start
    await self.initialize()
  File "/data/data/com.termux/files/home/telegram-software-bot/main.py", line 56, in initialize
    await db_manager.initialize()
  File "/data/data/com.termux/files/home/telegram-software-bot/database.py", line 26, in initialize
    await conn.run_sync(Base.software_metadata.create_all)
                        ^^^^^^^^^^^^^^^^^^^^^^
AttributeError: type object 'Base' has no attribute 'software_metadata'
2026-06-08 14:35:04 - bot - ERROR - main:main:231 - Fatal error: type object 'Base' has no attribute 'software_metadata'
Traceback (most recent call last):
  File "/data/data/com.termux/files/home/telegram-software-bot/main.py", line 227, in main
    await bot.start()
  File "/data/data/com.termux/files/home/telegram-software-bot/main.py", line 133, in start
    await self.initialize()
  File "/data/data/com.termux/files/home/telegram-software-bot/main.py", line 56, in initialize
    await db_manager.initialize()
  File "/data/data/com.termux/files/home/telegram-software-bot/database.py", line 26, in initialize
    await conn.run_sync(Base.software_metadata.create_all)
                        ^^^^^^^^^^^^^^^^^^^^^^
AttributeError: type object 'Base' has no attribute 'software_metadata'
2026-06-08 14:35:49 - bot - INFO - main:initialize:52 - Initializing bot components...
2026-06-08 14:35:49 - bot - INFO - main:initialize:57 - Database initialized
2026-06-08 14:35:49 - bot - INFO - main:initialize:62 - Cache initialized
2026-06-08 14:35:49 - bot - ERROR - main:initialize:84 - Failed to initialize bot: 'Updater' object has no attribute '_Updater__polling_cleanup_cb' and no __dict__ for setting new attributes
Traceback (most recent call last):
  File "/data/data/com.termux/files/home/telegram-software-bot/main.py", line 69, in initialize
    .build()
     ~~~~~^^
  File "/data/data/com.termux/files/home/telegram-software-bot/venv/lib/python3.13/site-packages/telegram/ext/_applicationbuilder.py", line 312, in build
    updater = Updater(bot=bot, update_queue=update_queue)
  File "/data/data/com.termux/files/home/telegram-software-bot/venv/lib/python3.13/site-packages/telegram/ext/_updater.py", line 128, in __init__
    self.__polling_cleanup_cb: Optional[Callable[[], Coroutine[Any, Any, None]]] = None
    ^^^^^^^^^^^^^^^^^^^^^^^^^
AttributeError: 'Updater' object has no attribute '_Updater__polling_cleanup_cb' and no __dict__ for setting new attributes
2026-06-08 14:35:49 - bot - ERROR - main:start:158 - Failed to start bot: 'Updater' object has no attribute '_Updater__polling_cleanup_cb' and no __dict__ for setting new attributes
Traceback (most recent call last):
  File "/data/data/com.termux/files/home/telegram-software-bot/main.py", line 133, in start
    await self.initialize()
  File "/data/data/com.termux/files/home/telegram-software-bot/main.py", line 69, in initialize
    .build()
     ~~~~~^^
  File "/data/data/com.termux/files/home/telegram-software-bot/venv/lib/python3.13/site-packages/telegram/ext/_applicationbuilder.py", line 312, in build
    updater = Updater(bot=bot, update_queue=update_queue)
  File "/data/data/com.termux/files/home/telegram-software-bot/venv/lib/python3.13/site-packages/telegram/ext/_updater.py", line 128, in __init__
    self.__polling_cleanup_cb: Optional[Callable[[], Coroutine[Any, Any, None]]] = None
    ^^^^^^^^^^^^^^^^^^^^^^^^^
AttributeError: 'Updater' object has no attribute '_Updater__polling_cleanup_cb' and no __dict__ for setting new attributes
2026-06-08 14:35:49 - bot - ERROR - main:main:231 - Fatal error: 'Updater' object has no attribute '_Updater__polling_cleanup_cb' and no __dict__ for setting new attributes
Traceback (most recent call last):
  File "/data/data/com.termux/files/home/telegram-software-bot/main.py", line 227, in main
    await bot.start()
  File "/data/data/com.termux/files/home/telegram-software-bot/main.py", line 133, in start
    await self.initialize()
  File "/data/data/com.termux/files/home/telegram-software-bot/main.py", line 69, in initialize
    .build()
     ~~~~~^^
  File "/data/data/com.termux/files/home/telegram-software-bot/venv/lib/python3.13/site-packages/telegram/ext/_applicationbuilder.py", line 312, in build
    updater = Updater(bot=bot, update_queue=update_queue)
  File "/data/data/com.termux/files/home/telegram-software-bot/venv/lib/python3.13/site-packages/telegram/ext/_updater.py", line 128, in __init__
    self.__polling_cleanup_cb: Optional[Callable[[], Coroutine[Any, Any, None]]] = None
    ^^^^^^^^^^^^^^^^^^^^^^^^^
AttributeError: 'Updater' object has no attribute '_Updater__polling_cleanup_cb' and no __dict__ for setting new attributes
2026-06-08 14:37:32 - bot - INFO - main:initialize:52 - Initializing bot components...
2026-06-08 14:37:32 - bot - INFO - main:initialize:57 - Database initialized
2026-06-08 14:37:32 - bot - INFO - main:initialize:62 - Cache initialized
2026-06-08 14:37:32 - bot - INFO - main:_register_handlers:101 - Handlers registered
2026-06-08 14:37:32 - bot - INFO - main:initialize:81 - Bot initialized successfully
2026-06-08 14:37:32 - bot - INFO - main:start:136 - Starting bot...
2026-06-08 14:37:35 - bot - INFO - main:start:147 - Bot started successfully
2026-06-08 14:37:35 - bot - INFO - main:start:148 - Bot username: @Esamaibot
2026-06-08 14:37:35 - bot - ERROR - main:start:158 - Failed to start bot: 'No time zone found with key Asia/Aden'
Traceback (most recent call last):
  File "/data/data/com.termux/files/usr/lib/python3.13/zoneinfo/_common.py", line 12, in load_tzdata
    path = resources.files(package_name).joinpath(resource_name)
           ~~~~~~~~~~~~~~~^^^^^^^^^^^^^^
  File "/data/data/com.termux/files/usr/lib/python3.13/importlib/resources/_common.py", line 46, in wrapper
    return func(anchor)
  File "/data/data/com.termux/files/usr/lib/python3.13/importlib/resources/_common.py", line 56, in files
    return from_package(resolve(anchor))
                        ~~~~~~~^^^^^^^^
  File "/data/data/com.termux/files/usr/lib/python3.13/functools.py", line 934, in wrapper
    return dispatch(args[0].__class__)(*args, **kw)
           ~~~~~~~~~~~~~~~~~~~~~~~~~~~^^^^^^^^^^^^^
  File "/data/data/com.termux/files/usr/lib/python3.13/importlib/resources/_common.py", line 82, in _
    return importlib.import_module(cand)
           ~~~~~~~~~~~~~~~~~~~~~~~^^^^^^
  File "/data/data/com.termux/files/usr/lib/python3.13/importlib/__init__.py", line 88, in import_module
    return _bootstrap._gcd_import(name[level:], package, level)
           ~~~~~~~~~~~~~~~~~~~~~~^^^^^^^^^^^^^^^^^^^^^^^^^^^^^^
  File "<frozen importlib._bootstrap>", line 1395, in _gcd_import
  File "<frozen importlib._bootstrap>", line 1360, in _find_and_load
  File "<frozen importlib._bootstrap>", line 1310, in _find_and_load_unlocked
  File "<frozen importlib._bootstrap>", line 488, in _call_with_frames_removed
  File "<frozen importlib._bootstrap>", line 1395, in _gcd_import
  File "<frozen importlib._bootstrap>", line 1360, in _find_and_load
  File "<frozen importlib._bootstrap>", line 1310, in _find_and_load_unlocked
  File "<frozen importlib._bootstrap>", line 488, in _call_with_frames_removed
  File "<frozen importlib._bootstrap>", line 1395, in _gcd_import
  File "<frozen importlib._bootstrap>", line 1360, in _find_and_load
  File "<frozen importlib._bootstrap>", line 1324, in _find_and_load_unlocked
ModuleNotFoundError: No module named 'tzdata'

During handling of the above exception, another exception occurred:

Traceback (most recent call last):
  File "/data/data/com.termux/files/home/telegram-software-bot/main.py", line 151, in start
    await self._schedule_backups()
  File "/data/data/com.termux/files/home/telegram-software-bot/main.py", line 191, in _schedule_backups
    scheduler = AsyncIOScheduler()
  File "/data/data/com.termux/files/home/telegram-software-bot/venv/lib/python3.13/site-packages/apscheduler/schedulers/base.py", line 97, in __init__
    self.configure(gconfig, **options)
    ~~~~~~~~~~~~~~^^^^^^^^^^^^^^^^^^^^
  File "/data/data/com.termux/files/home/telegram-software-bot/venv/lib/python3.13/site-packages/apscheduler/schedulers/base.py", line 141, in configure
    self._configure(config)
    ~~~~~~~~~~~~~~~^^^^^^^^
  File "/data/data/com.termux/files/home/telegram-software-bot/venv/lib/python3.13/site-packages/apscheduler/schedulers/asyncio.py", line 46, in _configure
    super(AsyncIOScheduler, self)._configure(config)
    ~~~~~~~~~~~~~~~~~~~~~~~~~~~~~~~~~~~~~~~~^^^^^^^^
  File "/data/data/com.termux/files/home/telegram-software-bot/venv/lib/python3.13/site-packages/apscheduler/schedulers/base.py", line 711, in _configure
    self.timezone = astimezone(config.pop('timezone', None)) or get_localzone()
                                                                ~~~~~~~~~~~~~^^
  File "/data/data/com.termux/files/home/telegram-software-bot/venv/lib/python3.13/site-packages/tzlocal/unix.py", line 237, in get_localzone
    _cache_tz = _get_localzone()
  File "/data/data/com.termux/files/home/telegram-software-bot/venv/lib/python3.13/site-packages/tzlocal/unix.py", line 214, in _get_localzone
    tz = zoneinfo.ZoneInfo(tzname)
  File "/data/data/com.termux/files/usr/lib/python3.13/zoneinfo/_common.py", line 29, in load_tzdata
    raise ZoneInfoNotFoundError(f"No time zone found with key {key}")
zoneinfo._common.ZoneInfoNotFoundError: 'No time zone found with key Asia/Aden'
2026-06-08 14:37:35 - bot - ERROR - main:main:231 - Fatal error: 'No time zone found with key Asia/Aden'
Traceback (most recent call last):
  File "/data/data/com.termux/files/usr/lib/python3.13/zoneinfo/_common.py", line 12, in load_tzdata
    path = resources.files(package_name).joinpath(resource_name)
           ~~~~~~~~~~~~~~~^^^^^^^^^^^^^^
  File "/data/data/com.termux/files/usr/lib/python3.13/importlib/resources/_common.py", line 46, in wrapper
    return func(anchor)
  File "/data/data/com.termux/files/usr/lib/python3.13/importlib/resources/_common.py", line 56, in files
    return from_package(resolve(anchor))
                        ~~~~~~~^^^^^^^^
  File "/data/data/com.termux/files/usr/lib/python3.13/functools.py", line 934, in wrapper
    return dispatch(args[0].__class__)(*args, **kw)
           ~~~~~~~~~~~~~~~~~~~~~~~~~~~^^^^^^^^^^^^^
  File "/data/data/com.termux/files/usr/lib/python3.13/importlib/resources/_common.py", line 82, in _
    return importlib.import_module(cand)
           ~~~~~~~~~~~~~~~~~~~~~~~^^^^^^
  File "/data/data/com.termux/files/usr/lib/python3.13/importlib/__init__.py", line 88, in import_module
    return _bootstrap._gcd_import(name[level:], package, level)
           ~~~~~~~~~~~~~~~~~~~~~~^^^^^^^^^^^^^^^^^^^^^^^^^^^^^^
  File "<frozen importlib._bootstrap>", line 1395, in _gcd_import
  File "<frozen importlib._bootstrap>", line 1360, in _find_and_load
  File "<frozen importlib._bootstrap>", line 1310, in _find_and_load_unlocked
  File "<frozen importlib._bootstrap>", line 488, in _call_with_frames_removed
  File "<frozen importlib._bootstrap>", line 1395, in _gcd_import
  File "<frozen importlib._bootstrap>", line 1360, in _find_and_load
  File "<frozen importlib._bootstrap>", line 1310, in _find_and_load_unlocked
  File "<frozen importlib._bootstrap>", line 488, in _call_with_frames_removed
  File "<frozen importlib._bootstrap>", line 1395, in _gcd_import
  File "<frozen importlib._bootstrap>", line 1360, in _find_and_load
  File "<frozen importlib._bootstrap>", line 1324, in _find_and_load_unlocked
ModuleNotFoundError: No module named 'tzdata'

During handling of the above exception, another exception occurred:

Traceback (most recent call last):
  File "/data/data/com.termux/files/home/telegram-software-bot/main.py", line 227, in main
    await bot.start()
  File "/data/data/com.termux/files/home/telegram-software-bot/main.py", line 151, in start
    await self._schedule_backups()
  File "/data/data/com.termux/files/home/telegram-software-bot/main.py", line 191, in _schedule_backups
    scheduler = AsyncIOScheduler()
  File "/data/data/com.termux/files/home/telegram-software-bot/venv/lib/python3.13/site-packages/apscheduler/schedulers/base.py", line 97, in __init__
    self.configure(gconfig, **options)
    ~~~~~~~~~~~~~~^^^^^^^^^^^^^^^^^^^^
  File "/data/data/com.termux/files/home/telegram-software-bot/venv/lib/python3.13/site-packages/apscheduler/schedulers/base.py", line 141, in configure
    self._configure(config)
    ~~~~~~~~~~~~~~~^^^^^^^^
  File "/data/data/com.termux/files/home/telegram-software-bot/venv/lib/python3.13/site-packages/apscheduler/schedulers/asyncio.py", line 46, in _configure
    super(AsyncIOScheduler, self)._configure(config)
    ~~~~~~~~~~~~~~~~~~~~~~~~~~~~~~~~~~~~~~~~^^^^^^^^
  File "/data/data/com.termux/files/home/telegram-software-bot/venv/lib/python3.13/site-packages/apscheduler/schedulers/base.py", line 711, in _configure
    self.timezone = astimezone(config.pop('timezone', None)) or get_localzone()
                                                                ~~~~~~~~~~~~~^^
  File "/data/data/com.termux/files/home/telegram-software-bot/venv/lib/python3.13/site-packages/tzlocal/unix.py", line 237, in get_localzone
    _cache_tz = _get_localzone()
  File "/data/data/com.termux/files/home/telegram-software-bot/venv/lib/python3.13/site-packages/tzlocal/unix.py", line 214, in _get_localzone
    tz = zoneinfo.ZoneInfo(tzname)
  File "/data/data/com.termux/files/usr/lib/python3.13/zoneinfo/_common.py", line 29, in load_tzdata
    raise ZoneInfoNotFoundError(f"No time zone found with key {key}")
zoneinfo._common.ZoneInfoNotFoundError: 'No time zone found with key Asia/Aden'
2026-06-08 14:37:35 - bot - INFO - main:stop:166 - Stopping bot...
2026-06-08 14:37:36 - bot - INFO - main:stop:182 - Bot stopped successfully
2026-06-08 14:38:14 - bot - INFO - main:initialize:52 - Initializing bot components...
2026-06-08 14:38:14 - bot - INFO - main:initialize:57 - Database initialized
2026-06-08 14:38:14 - bot - INFO - main:initialize:62 - Cache initialized
2026-06-08 14:38:14 - bot - INFO - main:_register_handlers:101 - Handlers registered
2026-06-08 14:38:14 - bot - INFO - main:initialize:81 - Bot initialized successfully
2026-06-08 14:38:14 - bot - INFO - main:start:136 - Starting bot...
2026-06-08 14:38:15 - bot - INFO - main:start:147 - Bot started successfully
2026-06-08 14:38:15 - bot - INFO - main:start:148 - Bot username: @Esamaibot
2026-06-08 14:38:15 - bot - ERROR - main:start:158 - Failed to start bot: 'No time zone found with key Asia/Aden'
Traceback (most recent call last):
  File "/data/data/com.termux/files/usr/lib/python3.13/zoneinfo/_common.py", line 12, in load_tzdata
    path = resources.files(package_name).joinpath(resource_name)
           ~~~~~~~~~~~~~~~^^^^^^^^^^^^^^
  File "/data/data/com.termux/files/usr/lib/python3.13/importlib/resources/_common.py", line 46, in wrapper
    return func(anchor)
  File "/data/data/com.termux/files/usr/lib/python3.13/importlib/resources/_common.py", line 56, in files
    return from_package(resolve(anchor))
                        ~~~~~~~^^^^^^^^
  File "/data/data/com.termux/files/usr/lib/python3.13/functools.py", line 934, in wrapper
    return dispatch(args[0].__class__)(*args, **kw)
           ~~~~~~~~~~~~~~~~~~~~~~~~~~~^^^^^^^^^^^^^
  File "/data/data/com.termux/files/usr/lib/python3.13/importlib/resources/_common.py", line 82, in _
    return importlib.import_module(cand)
           ~~~~~~~~~~~~~~~~~~~~~~~^^^^^^
  File "/data/data/com.termux/files/usr/lib/python3.13/importlib/__init__.py", line 88, in import_module
    return _bootstrap._gcd_import(name[level:], package, level)
           ~~~~~~~~~~~~~~~~~~~~~~^^^^^^^^^^^^^^^^^^^^^^^^^^^^^^
  File "<frozen importlib._bootstrap>", line 1395, in _gcd_import
  File "<frozen importlib._bootstrap>", line 1360, in _find_and_load
  File "<frozen importlib._bootstrap>", line 1310, in _find_and_load_unlocked
  File "<frozen importlib._bootstrap>", line 488, in _call_with_frames_removed
  File "<frozen importlib._bootstrap>", line 1395, in _gcd_import
  File "<frozen importlib._bootstrap>", line 1360, in _find_and_load
  File "<frozen importlib._bootstrap>", line 1310, in _find_and_load_unlocked
  File "<frozen importlib._bootstrap>", line 488, in _call_with_frames_removed
  File "<frozen importlib._bootstrap>", line 1395, in _gcd_import
  File "<frozen importlib._bootstrap>", line 1360, in _find_and_load
  File "<frozen importlib._bootstrap>", line 1324, in _find_and_load_unlocked
ModuleNotFoundError: No module named 'tzdata'

During handling of the above exception, another exception occurred:

Traceback (most recent call last):
  File "/data/data/com.termux/files/home/telegram-software-bot/main.py", line 151, in start
    await self._schedule_backups()
  File "/data/data/com.termux/files/home/telegram-software-bot/main.py", line 191, in _schedule_backups
    scheduler = AsyncIOScheduler()
  File "/data/data/com.termux/files/home/telegram-software-bot/venv/lib/python3.13/site-packages/apscheduler/schedulers/base.py", line 97, in __init__
    self.configure(gconfig, **options)
    ~~~~~~~~~~~~~~^^^^^^^^^^^^^^^^^^^^
  File "/data/data/com.termux/files/home/telegram-software-bot/venv/lib/python3.13/site-packages/apscheduler/schedulers/base.py", line 141, in configure
    self._configure(config)
    ~~~~~~~~~~~~~~~^^^^^^^^
  File "/data/data/com.termux/files/home/telegram-software-bot/venv/lib/python3.13/site-packages/apscheduler/schedulers/asyncio.py", line 46, in _configure
    super(AsyncIOScheduler, self)._configure(config)
    ~~~~~~~~~~~~~~~~~~~~~~~~~~~~~~~~~~~~~~~~^^^^^^^^
  File "/data/data/com.termux/files/home/telegram-software-bot/venv/lib/python3.13/site-packages/apscheduler/schedulers/base.py", line 711, in _configure
    self.timezone = astimezone(config.pop('timezone', None)) or get_localzone()
                                                                ~~~~~~~~~~~~~^^
  File "/data/data/com.termux/files/home/telegram-software-bot/venv/lib/python3.13/site-packages/tzlocal/unix.py", line 237, in get_localzone
    _cache_tz = _get_localzone()
  File "/data/data/com.termux/files/home/telegram-software-bot/venv/lib/python3.13/site-packages/tzlocal/unix.py", line 214, in _get_localzone
    tz = zoneinfo.ZoneInfo(tzname)
  File "/data/data/com.termux/files/usr/lib/python3.13/zoneinfo/_common.py", line 29, in load_tzdata
    raise ZoneInfoNotFoundError(f"No time zone found with key {key}")
zoneinfo._common.ZoneInfoNotFoundError: 'No time zone found with key Asia/Aden'
2026-06-08 14:38:15 - bot - ERROR - main:main:231 - Fatal error: 'No time zone found with key Asia/Aden'
Traceback (most recent call last):
  File "/data/data/com.termux/files/usr/lib/python3.13/zoneinfo/_common.py", line 12, in load_tzdata
    path = resources.files(package_name).joinpath(resource_name)
           ~~~~~~~~~~~~~~~^^^^^^^^^^^^^^
  File "/data/data/com.termux/files/usr/lib/python3.13/importlib/resources/_common.py", line 46, in wrapper
    return func(anchor)
  File "/data/data/com.termux/files/usr/lib/python3.13/importlib/resources/_common.py", line 56, in files
    return from_package(resolve(anchor))
                        ~~~~~~~^^^^^^^^
  File "/data/data/com.termux/files/usr/lib/python3.13/functools.py", line 934, in wrapper
    return dispatch(args[0].__class__)(*args, **kw)
           ~~~~~~~~~~~~~~~~~~~~~~~~~~~^^^^^^^^^^^^^
  File "/data/data/com.termux/files/usr/lib/python3.13/importlib/resources/_common.py", line 82, in _
    return importlib.import_module(cand)
           ~~~~~~~~~~~~~~~~~~~~~~~^^^^^^
  File "/data/data/com.termux/files/usr/lib/python3.13/importlib/__init__.py", line 88, in import_module
    return _bootstrap._gcd_import(name[level:], package, level)
           ~~~~~~~~~~~~~~~~~~~~~~^^^^^^^^^^^^^^^^^^^^^^^^^^^^^^
  File "<frozen importlib._bootstrap>", line 1395, in _gcd_import
  File "<frozen importlib._bootstrap>", line 1360, in _find_and_load
  File "<frozen importlib._bootstrap>", line 1310, in _find_and_load_unlocked
  File "<frozen importlib._bootstrap>", line 488, in _call_with_frames_removed
  File "<frozen importlib._bootstrap>", line 1395, in _gcd_import
  File "<frozen importlib._bootstrap>", line 1360, in _find_and_load
  File "<frozen importlib._bootstrap>", line 1310, in _find_and_load_unlocked
  File "<frozen importlib._bootstrap>", line 488, in _call_with_frames_removed
  File "<frozen importlib._bootstrap>", line 1395, in _gcd_import
  File "<frozen importlib._bootstrap>", line 1360, in _find_and_load
  File "<frozen importlib._bootstrap>", line 1324, in _find_and_load_unlocked
ModuleNotFoundError: No module named 'tzdata'

During handling of the above exception, another exception occurred:

Traceback (most recent call last):
  File "/data/data/com.termux/files/home/telegram-software-bot/main.py", line 227, in main
    await bot.start()
  File "/data/data/com.termux/files/home/telegram-software-bot/main.py", line 151, in start
    await self._schedule_backups()
  File "/data/data/com.termux/files/home/telegram-software-bot/main.py", line 191, in _schedule_backups
    scheduler = AsyncIOScheduler()
  File "/data/data/com.termux/files/home/telegram-software-bot/venv/lib/python3.13/site-packages/apscheduler/schedulers/base.py", line 97, in __init__
    self.configure(gconfig, **options)
    ~~~~~~~~~~~~~~^^^^^^^^^^^^^^^^^^^^
  File "/data/data/com.termux/files/home/telegram-software-bot/venv/lib/python3.13/site-packages/apscheduler/schedulers/base.py", line 141, in configure
    self._configure(config)
    ~~~~~~~~~~~~~~~^^^^^^^^
  File "/data/data/com.termux/files/home/telegram-software-bot/venv/lib/python3.13/site-packages/apscheduler/schedulers/asyncio.py", line 46, in _configure
    super(AsyncIOScheduler, self)._configure(config)
    ~~~~~~~~~~~~~~~~~~~~~~~~~~~~~~~~~~~~~~~~^^^^^^^^
  File "/data/data/com.termux/files/home/telegram-software-bot/venv/lib/python3.13/site-packages/apscheduler/schedulers/base.py", line 711, in _configure
    self.timezone = astimezone(config.pop('timezone', None)) or get_localzone()
                                                                ~~~~~~~~~~~~~^^
  File "/data/data/com.termux/files/home/telegram-software-bot/venv/lib/python3.13/site-packages/tzlocal/unix.py", line 237, in get_localzone
    _cache_tz = _get_localzone()
  File "/data/data/com.termux/files/home/telegram-software-bot/venv/lib/python3.13/site-packages/tzlocal/unix.py", line 214, in _get_localzone
    tz = zoneinfo.ZoneInfo(tzname)
  File "/data/data/com.termux/files/usr/lib/python3.13/zoneinfo/_common.py", line 29, in load_tzdata
    raise ZoneInfoNotFoundError(f"No time zone found with key {key}")
zoneinfo._common.ZoneInfoNotFoundError: 'No time zone found with key Asia/Aden'
2026-06-08 14:38:15 - bot - INFO - main:stop:166 - Stopping bot...
2026-06-08 14:38:15 - bot - INFO - main:stop:182 - Bot stopped successfully
2026-06-08 14:42:32 - bot - INFO - main:initialize:52 - Initializing bot components...
2026-06-08 14:42:32 - bot - INFO - main:initialize:57 - Database initialized
2026-06-08 14:42:32 - bot - INFO - main:initialize:62 - Cache initialized
2026-06-08 14:42:32 - bot - INFO - main:_register_handlers:101 - Handlers registered
2026-06-08 14:42:32 - bot - INFO - main:initialize:81 - Bot initialized successfully
2026-06-08 14:42:32 - bot - INFO - main:start:136 - Starting bot...
2026-06-08 14:42:33 - bot - INFO - main:start:147 - Bot started successfully
2026-06-08 14:42:33 - bot - INFO - main:start:148 - Bot username: @Esamaibot
2026-06-08 14:43:01 - bot - ERROR - main:_error_handler:109 - Update Update(message=Message(channel_chat_created=False, chat=Chat(first_name='عصام', id=1431003618, last_name='مرحب', type=<ChatType.PRIVATE>, username='Esam_Marhb'), date=datetime.datetime(2026, 6, 8, 11, 43, tzinfo=datetime.timezone.utc), delete_chat_photo=False, from_user=User(first_name='عصام', id=1431003618, is_bot=False, language_code='ar', last_name='مرحب', username='Esam_Marhb'), group_chat_created=False, message_id=6, supergroup_chat_created=False, text='Chrome'), update_id=509989689) caused error Can't parse entities: character '.' is reserved and must be escaped with the preceding '\'
Traceback (most recent call last):
  File "/data/data/com.termux/files/home/telegram-software-bot/venv/lib/python3.13/site-packages/telegram/ext/_application.py", line 1315, in process_update
    await coroutine
  File "/data/data/com.termux/files/home/telegram-software-bot/venv/lib/python3.13/site-packages/telegram/ext/_handlers/basehandler.py", line 159, in handle_update
    return await self.callback(update, context)
           ^^^^^^^^^^^^^^^^^^^^^^^^^^^^^^^^^^^^
  File "/data/data/com.termux/files/home/telegram-software-bot/handlers/user_handlers.py", line 209, in handle_message
    await self._perform_search(
        update, context, sanitized_text, user.id
    )
  File "/data/data/com.termux/files/home/telegram-software-bot/handlers/user_handlers.py", line 253, in _perform_search
    searching_msg = await update.message.reply_text(
                    ^^^^^^^^^^^^^^^^^^^^^^^^^^^^^^^^
    ...<2 lines>...
    )
    ^
  File "/data/data/com.termux/files/home/telegram-software-bot/venv/lib/python3.13/site-packages/telegram/_message.py", line 2106, in reply_text
    return await self.get_bot().send_message(
           ^^^^^^^^^^^^^^^^^^^^^^^^^^^^^^^^^^
    ...<21 lines>...
    )
    ^
  File "/data/data/com.termux/files/home/telegram-software-bot/venv/lib/python3.13/site-packages/telegram/ext/_extbot.py", line 3118, in send_message
    return await super().send_message(
           ^^^^^^^^^^^^^^^^^^^^^^^^^^^
    ...<23 lines>...
    )
    ^
  File "/data/data/com.termux/files/home/telegram-software-bot/venv/lib/python3.13/site-packages/telegram/_bot.py", line 1123, in send_message
    return await self._send_message(
           ^^^^^^^^^^^^^^^^^^^^^^^^^
    ...<21 lines>...
    )
    ^
  File "/data/data/com.termux/files/home/telegram-software-bot/venv/lib/python3.13/site-packages/telegram/ext/_extbot.py", line 630, in _send_message
    result = await super()._send_message(
             ^^^^^^^^^^^^^^^^^^^^^^^^^^^^
    ...<23 lines>...
    )
    ^
  File "/data/data/com.termux/files/home/telegram-software-bot/venv/lib/python3.13/site-packages/telegram/_bot.py", line 820, in _send_message
    result = await self._post(
             ^^^^^^^^^^^^^^^^^
    ...<7 lines>...
    )
    ^
  File "/data/data/com.termux/files/home/telegram-software-bot/venv/lib/python3.13/site-packages/telegram/_bot.py", line 704, in _post
    return await self._do_post(
           ^^^^^^^^^^^^^^^^^^^^
    ...<6 lines>...
    )
    ^
  File "/data/data/com.termux/files/home/telegram-software-bot/venv/lib/python3.13/site-packages/telegram/ext/_extbot.py", line 370, in _do_post
    return await super()._do_post(
           ^^^^^^^^^^^^^^^^^^^^^^^
    ...<6 lines>...
    )
    ^
  File "/data/data/com.termux/files/home/telegram-software-bot/venv/lib/python3.13/site-packages/telegram/_bot.py", line 733, in _do_post
    result = await request.post(
             ^^^^^^^^^^^^^^^^^^^
    ...<6 lines>...
    )
    ^
  File "/data/data/com.termux/files/home/telegram-software-bot/venv/lib/python3.13/site-packages/telegram/request/_baserequest.py", line 198, in post
    result = await self._request_wrapper(
             ^^^^^^^^^^^^^^^^^^^^^^^^^^^^
    ...<7 lines>...
    )
    ^
  File "/data/data/com.termux/files/home/telegram-software-bot/venv/lib/python3.13/site-packages/telegram/request/_baserequest.py", line 375, in _request_wrapper
    raise exception
telegram.error.BadRequest: Can't parse entities: character '.' is reserved and must be escaped with the preceding '\'
2026-06-08 14:43:17 - bot - ERROR - main:_error_handler:109 - Update Update(message=Message(channel_chat_created=False, chat=Chat(first_name='عصام', id=1431003618, last_name='مرحب', type=<ChatType.PRIVATE>, username='Esam_Marhb'), date=datetime.datetime(2026, 6, 8, 11, 43, 16, tzinfo=datetime.timezone.utc), delete_chat_photo=False, from_user=User(first_name='عصام', id=1431003618, is_bot=False, language_code='ar', last_name='مرحب', username='Esam_Marhb'), group_chat_created=False, message_id=9, supergroup_chat_created=False, text='Chrome'), update_id=509989691) caused error Can't parse entities: character '.' is reserved and must be escaped with the preceding '\'
Traceback (most recent call last):
  File "/data/data/com.termux/files/home/telegram-software-bot/venv/lib/python3.13/site-packages/telegram/ext/_application.py", line 1315, in process_update
    await coroutine
  File "/data/data/com.termux/files/home/telegram-software-bot/venv/lib/python3.13/site-packages/telegram/ext/_handlers/basehandler.py", line 159, in handle_update
    return await self.callback(update, context)
           ^^^^^^^^^^^^^^^^^^^^^^^^^^^^^^^^^^^^
  File "/data/data/com.termux/files/home/telegram-software-bot/handlers/user_handlers.py", line 209, in handle_message
    await self._perform_search(
        update, context, sanitized_text, user.id
    )
  File "/data/data/com.termux/files/home/telegram-software-bot/handlers/user_handlers.py", line 253, in _perform_search
    searching_msg = await update.message.reply_text(
                    ^^^^^^^^^^^^^^^^^^^^^^^^^^^^^^^^
    ...<2 lines>...
    )
    ^
  File "/data/data/com.termux/files/home/telegram-software-bot/venv/lib/python3.13/site-packages/telegram/_message.py", line 2106, in reply_text
    return await self.get_bot().send_message(
           ^^^^^^^^^^^^^^^^^^^^^^^^^^^^^^^^^^
    ...<21 lines>...
    )
    ^
  File "/data/data/com.termux/files/home/telegram-software-bot/venv/lib/python3.13/site-packages/telegram/ext/_extbot.py", line 3118, in send_message
    return await super().send_message(
           ^^^^^^^^^^^^^^^^^^^^^^^^^^^
    ...<23 lines>...
    )
    ^
  File "/data/data/com.termux/files/home/telegram-software-bot/venv/lib/python3.13/site-packages/telegram/_bot.py", line 1123, in send_message
    return await self._send_message(
           ^^^^^^^^^^^^^^^^^^^^^^^^^
    ...<21 lines>...
    )
    ^
  File "/data/data/com.termux/files/home/telegram-software-bot/venv/lib/python3.13/site-packages/telegram/ext/_extbot.py", line 630, in _send_message
    result = await super()._send_message(
             ^^^^^^^^^^^^^^^^^^^^^^^^^^^^
    ...<23 lines>...
    )
    ^
  File "/data/data/com.termux/files/home/telegram-software-bot/venv/lib/python3.13/site-packages/telegram/_bot.py", line 820, in _send_message
    result = await self._post(
             ^^^^^^^^^^^^^^^^^
    ...<7 lines>...
    )
    ^
  File "/data/data/com.termux/files/home/telegram-software-bot/venv/lib/python3.13/site-packages/telegram/_bot.py", line 704, in _post
    return await self._do_post(
           ^^^^^^^^^^^^^^^^^^^^
    ...<6 lines>...
    )
    ^
  File "/data/data/com.termux/files/home/telegram-software-bot/venv/lib/python3.13/site-packages/telegram/ext/_extbot.py", line 370, in _do_post
    return await super()._do_post(
           ^^^^^^^^^^^^^^^^^^^^^^^
    ...<6 lines>...
    )
    ^
  File "/data/data/com.termux/files/home/telegram-software-bot/venv/lib/python3.13/site-packages/telegram/_bot.py", line 733, in _do_post
    result = await request.post(
             ^^^^^^^^^^^^^^^^^^^
    ...<6 lines>...
    )
    ^
  File "/data/data/com.termux/files/home/telegram-software-bot/venv/lib/python3.13/site-packages/telegram/request/_baserequest.py", line 198, in post
    result = await self._request_wrapper(
             ^^^^^^^^^^^^^^^^^^^^^^^^^^^^
    ...<7 lines>...
    )
    ^
  File "/data/data/com.termux/files/home/telegram-software-bot/venv/lib/python3.13/site-packages/telegram/request/_baserequest.py", line 375, in _request_wrapper
    raise exception
telegram.error.BadRequest: Can't parse entities: character '.' is reserved and must be escaped with the preceding '\'
2026-06-08 14:43:26 - bot - ERROR - main:_error_handler:109 - Update Update(message=Message(channel_chat_created=False, chat=Chat(first_name='عصام', id=1431003618, last_name='مرحب', type=<ChatType.PRIVATE>, username='Esam_Marhb'), date=datetime.datetime(2026, 6, 8, 11, 43, 26, tzinfo=datetime.timezone.utc), delete_chat_photo=False, from_user=User(first_name='عصام', id=1431003618, is_bot=False, language_code='ar', last_name='مرحب', username='Esam_Marhb'), group_chat_created=False, message_id=10, supergroup_chat_created=False, text='Kms'), update_id=509989692) caused error Can't parse entities: character '.' is reserved and must be escaped with the preceding '\'
Traceback (most recent call last):
  File "/data/data/com.termux/files/home/telegram-software-bot/venv/lib/python3.13/site-packages/telegram/ext/_application.py", line 1315, in process_update
    await coroutine
  File "/data/data/com.termux/files/home/telegram-software-bot/venv/lib/python3.13/site-packages/telegram/ext/_handlers/basehandler.py", line 159, in handle_update
    return await self.callback(update, context)
           ^^^^^^^^^^^^^^^^^^^^^^^^^^^^^^^^^^^^
  File "/data/data/com.termux/files/home/telegram-software-bot/handlers/user_handlers.py", line 209, in handle_message
    await self._perform_search(
        update, context, sanitized_text, user.id
    )
  File "/data/data/com.termux/files/home/telegram-software-bot/handlers/user_handlers.py", line 253, in _perform_search
    searching_msg = await update.message.reply_text(
                    ^^^^^^^^^^^^^^^^^^^^^^^^^^^^^^^^
    ...<2 lines>...
    )
    ^
  File "/data/data/com.termux/files/home/telegram-software-bot/venv/lib/python3.13/site-packages/telegram/_message.py", line 2106, in reply_text
    return await self.get_bot().send_message(
           ^^^^^^^^^^^^^^^^^^^^^^^^^^^^^^^^^^
    ...<21 lines>...
    )
    ^
  File "/data/data/com.termux/files/home/telegram-software-bot/venv/lib/python3.13/site-packages/telegram/ext/_extbot.py", line 3118, in send_message
    return await super().send_message(
           ^^^^^^^^^^^^^^^^^^^^^^^^^^^
    ...<23 lines>...
    )
    ^
  File "/data/data/com.termux/files/home/telegram-software-bot/venv/lib/python3.13/site-packages/telegram/_bot.py", line 1123, in send_message
    return await self._send_message(
           ^^^^^^^^^^^^^^^^^^^^^^^^^
    ...<21 lines>...
    )
    ^
  File "/data/data/com.termux/files/home/telegram-software-bot/venv/lib/python3.13/site-packages/telegram/ext/_extbot.py", line 630, in _send_message
    result = await super()._send_message(
             ^^^^^^^^^^^^^^^^^^^^^^^^^^^^
    ...<23 lines>...
    )
    ^
  File "/data/data/com.termux/files/home/telegram-software-bot/venv/lib/python3.13/site-packages/telegram/_bot.py", line 820, in _send_message
    result = await self._post(
             ^^^^^^^^^^^^^^^^^
    ...<7 lines>...
    )
    ^
  File "/data/data/com.termux/files/home/telegram-software-bot/venv/lib/python3.13/site-packages/telegram/_bot.py", line 704, in _post
    return await self._do_post(
           ^^^^^^^^^^^^^^^^^^^^
    ...<6 lines>...
    )
    ^
  File "/data/data/com.termux/files/home/telegram-software-bot/venv/lib/python3.13/site-packages/telegram/ext/_extbot.py", line 370, in _do_post
    return await super()._do_post(
           ^^^^^^^^^^^^^^^^^^^^^^^
    ...<6 lines>...
    )
    ^
  File "/data/data/com.termux/files/home/telegram-software-bot/venv/lib/python3.13/site-packages/telegram/_bot.py", line 733, in _do_post
    result = await request.post(
             ^^^^^^^^^^^^^^^^^^^
    ...<6 lines>...
    )
    ^
  File "/data/data/com.termux/files/home/telegram-software-bot/venv/lib/python3.13/site-packages/telegram/request/_baserequest.py", line 198, in post
    result = await self._request_wrapper(
             ^^^^^^^^^^^^^^^^^^^^^^^^^^^^
    ...<7 lines>...
    )
    ^
  File "/data/data/com.termux/files/home/telegram-software-bot/venv/lib/python3.13/site-packages/telegram/request/_baserequest.py", line 375, in _request_wrapper
    raise exception
telegram.error.BadRequest: Can't parse entities: character '.' is reserved and must be escaped with the preceding '\'
2026-06-08 14:43:54 - bot - ERROR - main:_error_handler:109 - Update Update(message=Message(channel_chat_created=False, chat=Chat(first_name='عصام', id=1431003618, last_name='مرحب', type=<ChatType.PRIVATE>, username='Esam_Marhb'), date=datetime.datetime(2026, 6, 8, 11, 43, 54, tzinfo=datetime.timezone.utc), delete_chat_photo=False, entities=(MessageEntity(length=7, offset=0, type=<MessageEntityType.BOT_COMMAND>), MessageEntity(length=24, offset=8, type=<MessageEntityType.URL>)), from_user=User(first_name='عصام', id=1431003618, is_bot=False, language_code='ar', last_name='مرحب', username='Esam_Marhb'), group_chat_created=False, message_id=13, supergroup_chat_created=False, text='/search project-nomad-1.32.1.zip'), update_id=509989694) caused error Can't parse entities: character '.' is reserved and must be escaped with the preceding '\'
Traceback (most recent call last):
  File "/data/data/com.termux/files/home/telegram-software-bot/venv/lib/python3.13/site-packages/telegram/ext/_application.py", line 1315, in process_update
    await coroutine
  File "/data/data/com.termux/files/home/telegram-software-bot/venv/lib/python3.13/site-packages/telegram/ext/_handlers/basehandler.py", line 159, in handle_update
    return await self.callback(update, context)
           ^^^^^^^^^^^^^^^^^^^^^^^^^^^^^^^^^^^^
  File "/data/data/com.termux/files/home/telegram-software-bot/handlers/user_handlers.py", line 232, in search_command
    await self._perform_search(
        update, context, sanitized_query, update.effective_user.id
    )
  File "/data/data/com.termux/files/home/telegram-software-bot/handlers/user_handlers.py", line 253, in _perform_search
    searching_msg = await update.message.reply_text(
                    ^^^^^^^^^^^^^^^^^^^^^^^^^^^^^^^^
    ...<2 lines>...
    )
    ^
  File "/data/data/com.termux/files/home/telegram-software-bot/venv/lib/python3.13/site-packages/telegram/_message.py", line 2106, in reply_text
    return await self.get_bot().send_message(
           ^^^^^^^^^^^^^^^^^^^^^^^^^^^^^^^^^^
    ...<21 lines>...
    )
    ^
  File "/data/data/com.termux/files/home/telegram-software-bot/venv/lib/python3.13/site-packages/telegram/ext/_extbot.py", line 3118, in send_message
    return await super().send_message(
           ^^^^^^^^^^^^^^^^^^^^^^^^^^^
    ...<23 lines>...
    )
    ^
  File "/data/data/com.termux/files/home/telegram-software-bot/venv/lib/python3.13/site-packages/telegram/_bot.py", line 1123, in send_message
    return await self._send_message(
           ^^^^^^^^^^^^^^^^^^^^^^^^^
    ...<21 lines>...
    )
    ^
  File "/data/data/com.termux/files/home/telegram-software-bot/venv/lib/python3.13/site-packages/telegram/ext/_extbot.py", line 630, in _send_message
    result = await super()._send_message(
             ^^^^^^^^^^^^^^^^^^^^^^^^^^^^
    ...<23 lines>...
    )
    ^
  File "/data/data/com.termux/files/home/telegram-software-bot/venv/lib/python3.13/site-packages/telegram/_bot.py", line 820, in _send_message
    result = await self._post(
             ^^^^^^^^^^^^^^^^^
    ...<7 lines>...
    )
    ^
  File "/data/data/com.termux/files/home/telegram-software-bot/venv/lib/python3.13/site-packages/telegram/_bot.py", line 704, in _post
    return await self._do_post(
           ^^^^^^^^^^^^^^^^^^^^
    ...<6 lines>...
    )
    ^
  File "/data/data/com.termux/files/home/telegram-software-bot/venv/lib/python3.13/site-packages/telegram/ext/_extbot.py", line 370, in _do_post
    return await super()._do_post(
           ^^^^^^^^^^^^^^^^^^^^^^^
    ...<6 lines>...
    )
    ^
  File "/data/data/com.termux/files/home/telegram-software-bot/venv/lib/python3.13/site-packages/telegram/_bot.py", line 733, in _do_post
    result = await request.post(
             ^^^^^^^^^^^^^^^^^^^
    ...<6 lines>...
    )
    ^
  File "/data/data/com.termux/files/home/telegram-software-bot/venv/lib/python3.13/site-packages/telegram/request/_baserequest.py", line 198, in post
    result = await self._request_wrapper(
             ^^^^^^^^^^^^^^^^^^^^^^^^^^^^
    ...<7 lines>...
    )
    ^
  File "/data/data/com.termux/files/home/telegram-software-bot/venv/lib/python3.13/site-packages/telegram/request/_baserequest.py", line 375, in _request_wrapper
    raise exception
telegram.error.BadRequest: Can't parse entities: character '.' is reserved and must be escaped with the preceding '\'
2026-06-08 14:44:00 - bot - ERROR - main:_error_handler:109 - Update Update(message=Message(channel_chat_created=False, chat=Chat(first_name='عصام', id=1431003618, last_name='مرحب', type=<ChatType.PRIVATE>, username='Esam_Marhb'), date=datetime.datetime(2026, 6, 8, 11, 44, 1, tzinfo=datetime.timezone.utc), delete_chat_photo=False, entities=(MessageEntity(length=24, offset=0, type=<MessageEntityType.URL>),), from_user=User(first_name='عصام', id=1431003618, is_bot=False, language_code='ar', last_name='مرحب', username='Esam_Marhb'), group_chat_created=False, message_id=16, supergroup_chat_created=False, text='project-nomad-1.32.1.zip'), update_id=509989696) caused error Can't parse entities: character '.' is reserved and must be escaped with the preceding '\'
Traceback (most recent call last):
  File "/data/data/com.termux/files/home/telegram-software-bot/venv/lib/python3.13/site-packages/telegram/ext/_application.py", line 1315, in process_update
    await coroutine
  File "/data/data/com.termux/files/home/telegram-software-bot/venv/lib/python3.13/site-packages/telegram/ext/_handlers/basehandler.py", line 159, in handle_update
    return await self.callback(update, context)
           ^^^^^^^^^^^^^^^^^^^^^^^^^^^^^^^^^^^^
  File "/data/data/com.termux/files/home/telegram-software-bot/handlers/user_handlers.py", line 209, in handle_message
    await self._perform_search(
        update, context, sanitized_text, user.id
    )
  File "/data/data/com.termux/files/home/telegram-software-bot/handlers/user_handlers.py", line 253, in _perform_search
    searching_msg = await update.message.reply_text(
                    ^^^^^^^^^^^^^^^^^^^^^^^^^^^^^^^^
    ...<2 lines>...
    )
    ^
  File "/data/data/com.termux/files/home/telegram-software-bot/venv/lib/python3.13/site-packages/telegram/_message.py", line 2106, in reply_text
    return await self.get_bot().send_message(
           ^^^^^^^^^^^^^^^^^^^^^^^^^^^^^^^^^^
    ...<21 lines>...
    )
    ^
  File "/data/data/com.termux/files/home/telegram-software-bot/venv/lib/python3.13/site-packages/telegram/ext/_extbot.py", line 3118, in send_message
    return await super().send_message(
           ^^^^^^^^^^^^^^^^^^^^^^^^^^^
    ...<23 lines>...
    )
    ^
  File "/data/data/com.termux/files/home/telegram-software-bot/venv/lib/python3.13/site-packages/telegram/_bot.py", line 1123, in send_message
    return await self._send_message(
           ^^^^^^^^^^^^^^^^^^^^^^^^^
    ...<21 lines>...
    )
    ^
  File "/data/data/com.termux/files/home/telegram-software-bot/venv/lib/python3.13/site-packages/telegram/ext/_extbot.py", line 630, in _send_message
    result = await super()._send_message(
             ^^^^^^^^^^^^^^^^^^^^^^^^^^^^
    ...<23 lines>...
    )
    ^
  File "/data/data/com.termux/files/home/telegram-software-bot/venv/lib/python3.13/site-packages/telegram/_bot.py", line 820, in _send_message
    result = await self._post(
             ^^^^^^^^^^^^^^^^^
    ...<7 lines>...
    )
    ^
  File "/data/data/com.termux/files/home/telegram-software-bot/venv/lib/python3.13/site-packages/telegram/_bot.py", line 704, in _post
    return await self._do_post(
           ^^^^^^^^^^^^^^^^^^^^
    ...<6 lines>...
    )
    ^
  File "/data/data/com.termux/files/home/telegram-software-bot/venv/lib/python3.13/site-packages/telegram/ext/_extbot.py", line 370, in _do_post
    return await super()._do_post(
           ^^^^^^^^^^^^^^^^^^^^^^^
    ...<6 lines>...
    )
    ^
  File "/data/data/com.termux/files/home/telegram-software-bot/venv/lib/python3.13/site-packages/telegram/_bot.py", line 733, in _do_post
    result = await request.post(
             ^^^^^^^^^^^^^^^^^^^
    ...<6 lines>...
    )
    ^
  File "/data/data/com.termux/files/home/telegram-software-bot/venv/lib/python3.13/site-packages/telegram/request/_baserequest.py", line 198, in post
    result = await self._request_wrapper(
             ^^^^^^^^^^^^^^^^^^^^^^^^^^^^
    ...<7 lines>...
    )
    ^
  File "/data/data/com.termux/files/home/telegram-software-bot/venv/lib/python3.13/site-packages/telegram/request/_baserequest.py", line 375, in _request_wrapper
    raise exception
telegram.error.BadRequest: Can't parse entities: character '.' is reserved and must be escaped with the preceding '\'
2026-06-08 14:44:02 - bot - ERROR - main:_error_handler:109 - Update Update(message=Message(channel_chat_created=False, chat=Chat(first_name='عصام', id=1431003618, last_name='مرحب', type=<ChatType.PRIVATE>, username='Esam_Marhb'), date=datetime.datetime(2026, 6, 8, 11, 44, 2, tzinfo=datetime.timezone.utc), delete_chat_photo=False, from_user=User(first_name='عصام', id=1431003618, is_bot=False, language_code='ar', last_name='مرحب', username='Esam_Marhb'), group_chat_created=False, message_id=17, supergroup_chat_created=False, text='📂 الفئات'), update_id=509989697) caused error Can't parse entities: character '.' is reserved and must be escaped with the preceding '\'
Traceback (most recent call last):
  File "/data/data/com.termux/files/home/telegram-software-bot/venv/lib/python3.13/site-packages/telegram/ext/_application.py", line 1315, in process_update
    await coroutine
  File "/data/data/com.termux/files/home/telegram-software-bot/venv/lib/python3.13/site-packages/telegram/ext/_handlers/basehandler.py", line 159, in handle_update
    return await self.callback(update, context)
           ^^^^^^^^^^^^^^^^^^^^^^^^^^^^^^^^^^^^
  File "/data/data/com.termux/files/home/telegram-software-bot/handlers/user_handlers.py", line 191, in handle_message
    await self.categories_command(update, context)
  File "/data/data/com.termux/files/home/telegram-software-bot/handlers/user_handlers.py", line 508, in categories_command
    await update.message.reply_text("❌ لا توجد فئات متاحة.")
  File "/data/data/com.termux/files/home/telegram-software-bot/venv/lib/python3.13/site-packages/telegram/_message.py", line 2106, in reply_text
    return await self.get_bot().send_message(
           ^^^^^^^^^^^^^^^^^^^^^^^^^^^^^^^^^^
    ...<21 lines>...
    )
    ^
  File "/data/data/com.termux/files/home/telegram-software-bot/venv/lib/python3.13/site-packages/telegram/ext/_extbot.py", line 3118, in send_message
    return await super().send_message(
           ^^^^^^^^^^^^^^^^^^^^^^^^^^^
    ...<23 lines>...
    )
    ^
  File "/data/data/com.termux/files/home/telegram-software-bot/venv/lib/python3.13/site-packages/telegram/_bot.py", line 1123, in send_message
    return await self._send_message(
           ^^^^^^^^^^^^^^^^^^^^^^^^^
    ...<21 lines>...
    )
    ^
  File "/data/data/com.termux/files/home/telegram-software-bot/venv/lib/python3.13/site-packages/telegram/ext/_extbot.py", line 630, in _send_message
    result = await super()._send_message(
             ^^^^^^^^^^^^^^^^^^^^^^^^^^^^
    ...<23 lines>...
    )
    ^
  File "/data/data/com.termux/files/home/telegram-software-bot/venv/lib/python3.13/site-packages/telegram/_bot.py", line 820, in _send_message
    result = await self._post(
             ^^^^^^^^^^^^^^^^^
    ...<7 lines>...
    )
    ^
  File "/data/data/com.termux/files/home/telegram-software-bot/venv/lib/python3.13/site-packages/telegram/_bot.py", line 704, in _post
    return await self._do_post(
           ^^^^^^^^^^^^^^^^^^^^
    ...<6 lines>...
    )
    ^
  File "/data/data/com.termux/files/home/telegram-software-bot/venv/lib/python3.13/site-packages/telegram/ext/_extbot.py", line 370, in _do_post
    return await super()._do_post(
           ^^^^^^^^^^^^^^^^^^^^^^^
    ...<6 lines>...
    )
    ^
  File "/data/data/com.termux/files/home/telegram-software-bot/venv/lib/python3.13/site-packages/telegram/_bot.py", line 733, in _do_post
    result = await request.post(
             ^^^^^^^^^^^^^^^^^^^
    ...<6 lines>...
    )
    ^
  File "/data/data/com.termux/files/home/telegram-software-bot/venv/lib/python3.13/site-packages/telegram/request/_baserequest.py", line 198, in post
    result = await self._request_wrapper(
             ^^^^^^^^^^^^^^^^^^^^^^^^^^^^
    ...<7 lines>...
    )
    ^
  File "/data/data/com.termux/files/home/telegram-software-bot/venv/lib/python3.13/site-packages/telegram/request/_baserequest.py", line 375, in _request_wrapper
    raise exception
telegram.error.BadRequest: Can't parse entities: character '.' is reserved and must be escaped with the preceding '\'
2026-06-08 14:44:05 - bot - ERROR - main:_error_handler:109 - Update Update(message=Message(channel_chat_created=False, chat=Chat(first_name='عصام', id=1431003618, last_name='مرحب', type=<ChatType.PRIVATE>, username='Esam_Marhb'), date=datetime.datetime(2026, 6, 8, 11, 44, 6, tzinfo=datetime.timezone.utc), delete_chat_photo=False, from_user=User(first_name='عصام', id=1431003618, is_bot=False, language_code='ar', last_name='مرحب', username='Esam_Marhb'), group_chat_created=False, message_id=18, supergroup_chat_created=False, text='📊 الأكثر تحميلاً'), update_id=509989698) caused error Can't parse entities: character '.' is reserved and must be escaped with the preceding '\'
Traceback (most recent call last):
  File "/data/data/com.termux/files/home/telegram-software-bot/venv/lib/python3.13/site-packages/telegram/ext/_application.py", line 1315, in process_update
    await coroutine
  File "/data/data/com.termux/files/home/telegram-software-bot/venv/lib/python3.13/site-packages/telegram/ext/_handlers/basehandler.py", line 159, in handle_update
    return await self.callback(update, context)
           ^^^^^^^^^^^^^^^^^^^^^^^^^^^^^^^^^^^^
  File "/data/data/com.termux/files/home/telegram-software-bot/handlers/user_handlers.py", line 194, in handle_message
    await self.trending_command(update, context)
  File "/data/data/com.termux/files/home/telegram-software-bot/handlers/user_handlers.py", line 496, in trending_command
    await self.popular_command(update, context)
  File "/data/data/com.termux/files/home/telegram-software-bot/handlers/user_handlers.py", line 461, in popular_command
    await update.message.reply_text("❌ لا توجد بيانات متاحة حالياً.")
  File "/data/data/com.termux/files/home/telegram-software-bot/venv/lib/python3.13/site-packages/telegram/_message.py", line 2106, in reply_text
    return await self.get_bot().send_message(
           ^^^^^^^^^^^^^^^^^^^^^^^^^^^^^^^^^^
    ...<21 lines>...
    )
    ^
  File "/data/data/com.termux/files/home/telegram-software-bot/venv/lib/python3.13/site-packages/telegram/ext/_extbot.py", line 3118, in send_message
    return await super().send_message(
           ^^^^^^^^^^^^^^^^^^^^^^^^^^^
    ...<23 lines>...
    )
    ^
  File "/data/data/com.termux/files/home/telegram-software-bot/venv/lib/python3.13/site-packages/telegram/_bot.py", line 1123, in send_message
    return await self._send_message(
           ^^^^^^^^^^^^^^^^^^^^^^^^^
    ...<21 lines>...
    )
    ^
  File "/data/data/com.termux/files/home/telegram-software-bot/venv/lib/python3.13/site-packages/telegram/ext/_extbot.py", line 630, in _send_message
    result = await super()._send_message(
             ^^^^^^^^^^^^^^^^^^^^^^^^^^^^
    ...<23 lines>...
    )
    ^
  File "/data/data/com.termux/files/home/telegram-software-bot/venv/lib/python3.13/site-packages/telegram/_bot.py", line 820, in _send_message
    result = await self._post(
             ^^^^^^^^^^^^^^^^^
    ...<7 lines>...
    )
    ^
  File "/data/data/com.termux/files/home/telegram-software-bot/venv/lib/python3.13/site-packages/telegram/_bot.py", line 704, in _post
    return await self._do_post(
           ^^^^^^^^^^^^^^^^^^^^
    ...<6 lines>...
    )
    ^
  File "/data/data/com.termux/files/home/telegram-software-bot/venv/lib/python3.13/site-packages/telegram/ext/_extbot.py", line 370, in _do_post
    return await super()._do_post(
           ^^^^^^^^^^^^^^^^^^^^^^^
    ...<6 lines>...
    )
    ^
  File "/data/data/com.termux/files/home/telegram-software-bot/venv/lib/python3.13/site-packages/telegram/_bot.py", line 733, in _do_post
    result = await request.post(
             ^^^^^^^^^^^^^^^^^^^
    ...<6 lines>...
    )
    ^
  File "/data/data/com.termux/files/home/telegram-software-bot/venv/lib/python3.13/site-packages/telegram/request/_baserequest.py", line 198, in post
    result = await self._request_wrapper(
             ^^^^^^^^^^^^^^^^^^^^^^^^^^^^
    ...<7 lines>...
    )
    ^
  File "/data/data/com.termux/files/home/telegram-software-bot/venv/lib/python3.13/site-packages/telegram/request/_baserequest.py", line 375, in _request_wrapper
    raise exception
telegram.error.BadRequest: Can't parse entities: character '.' is reserved and must be escaped with the preceding '\'
2026-06-08 14:44:19 - bot - ERROR - main:_error_handler:109 - Update Update(message=Message(channel_chat_created=False, chat=Chat(first_name='عصام', id=1431003618, last_name='مرحب', type=<ChatType.PRIVATE>, username='Esam_Marhb'), date=datetime.datetime(2026, 6, 8, 11, 44, 19, tzinfo=datetime.timezone.utc), delete_chat_photo=False, entities=(MessageEntity(length=8, offset=0, type=<MessageEntityType.BOT_COMMAND>),), from_user=User(first_name='عصام', id=1431003618, is_bot=False, language_code='ar', last_name='مرحب', username='Esam_Marhb'), group_chat_created=False, message_id=23, supergroup_chat_created=False, text='/popular'), update_id=509989701) caused error Can't parse entities: character '.' is reserved and must be escaped with the preceding '\'
Traceback (most recent call last):
  File "/data/data/com.termux/files/home/telegram-software-bot/venv/lib/python3.13/site-packages/telegram/ext/_application.py", line 1315, in process_update
    await coroutine
  File "/data/data/com.termux/files/home/telegram-software-bot/venv/lib/python3.13/site-packages/telegram/ext/_handlers/basehandler.py", line 159, in handle_update
    return await self.callback(update, context)
           ^^^^^^^^^^^^^^^^^^^^^^^^^^^^^^^^^^^^
  File "/data/data/com.termux/files/home/telegram-software-bot/handlers/user_handlers.py", line 461, in popular_command
    await update.message.reply_text("❌ لا توجد بيانات متاحة حالياً.")
  File "/data/data/com.termux/files/home/telegram-software-bot/venv/lib/python3.13/site-packages/telegram/_message.py", line 2106, in reply_text
    return await self.get_bot().send_message(
           ^^^^^^^^^^^^^^^^^^^^^^^^^^^^^^^^^^
    ...<21 lines>...
    )
    ^
  File "/data/data/com.termux/files/home/telegram-software-bot/venv/lib/python3.13/site-packages/telegram/ext/_extbot.py", line 3118, in send_message
    return await super().send_message(
           ^^^^^^^^^^^^^^^^^^^^^^^^^^^
    ...<23 lines>...
    )
    ^
  File "/data/data/com.termux/files/home/telegram-software-bot/venv/lib/python3.13/site-packages/telegram/_bot.py", line 1123, in send_message
    return await self._send_message(
           ^^^^^^^^^^^^^^^^^^^^^^^^^
    ...<21 lines>...
    )
    ^
  File "/data/data/com.termux/files/home/telegram-software-bot/venv/lib/python3.13/site-packages/telegram/ext/_extbot.py", line 630, in _send_message
    result = await super()._send_message(
             ^^^^^^^^^^^^^^^^^^^^^^^^^^^^
    ...<23 lines>...
    )
    ^
  File "/data/data/com.termux/files/home/telegram-software-bot/venv/lib/python3.13/site-packages/telegram/_bot.py", line 820, in _send_message
    result = await self._post(
             ^^^^^^^^^^^^^^^^^
    ...<7 lines>...
    )
    ^
  File "/data/data/com.termux/files/home/telegram-software-bot/venv/lib/python3.13/site-packages/telegram/_bot.py", line 704, in _post
    return await self._do_post(
           ^^^^^^^^^^^^^^^^^^^^
    ...<6 lines>...
    )
    ^
  File "/data/data/com.termux/files/home/telegram-software-bot/venv/lib/python3.13/site-packages/telegram/ext/_extbot.py", line 370, in _do_post
    return await super()._do_post(
           ^^^^^^^^^^^^^^^^^^^^^^^
    ...<6 lines>...
    )
    ^
  File "/data/data/com.termux/files/home/telegram-software-bot/venv/lib/python3.13/site-packages/telegram/_bot.py", line 733, in _do_post
    result = await request.post(
             ^^^^^^^^^^^^^^^^^^^
    ...<6 lines>...
    )
    ^
  File "/data/data/com.termux/files/home/telegram-software-bot/venv/lib/python3.13/site-packages/telegram/request/_baserequest.py", line 198, in post
    result = await self._request_wrapper(
             ^^^^^^^^^^^^^^^^^^^^^^^^^^^^
    ...<7 lines>...
    )
    ^
  File "/data/data/com.termux/files/home/telegram-software-bot/venv/lib/python3.13/site-packages/telegram/request/_baserequest.py", line 375, in _request_wrapper
    raise exception
telegram.error.BadRequest: Can't parse entities: character '.' is reserved and must be escaped with the preceding '\'
2026-06-08 14:44:24 - bot - ERROR - main:_error_handler:109 - Update Update(message=Message(channel_chat_created=False, chat=Chat(first_name='عصام', id=1431003618, last_name='مرحب', type=<ChatType.PRIVATE>, username='Esam_Marhb'), date=datetime.datetime(2026, 6, 8, 11, 44, 24, tzinfo=datetime.timezone.utc), delete_chat_photo=False, entities=(MessageEntity(length=11, offset=0, type=<MessageEntityType.BOT_COMMAND>),), from_user=User(first_name='عصام', id=1431003618, is_bot=False, language_code='ar', last_name='مرحب', username='Esam_Marhb'), group_chat_created=False, message_id=24, supergroup_chat_created=False, text='/categories'), update_id=509989702) caused error Can't parse entities: character '.' is reserved and must be escaped with the preceding '\'
Traceback (most recent call last):
  File "/data/data/com.termux/files/home/telegram-software-bot/venv/lib/python3.13/site-packages/telegram/ext/_application.py", line 1315, in process_update
    await coroutine
  File "/data/data/com.termux/files/home/telegram-software-bot/venv/lib/python3.13/site-packages/telegram/ext/_handlers/basehandler.py", line 159, in handle_update
    return await self.callback(update, context)
           ^^^^^^^^^^^^^^^^^^^^^^^^^^^^^^^^^^^^
  File "/data/data/com.termux/files/home/telegram-software-bot/handlers/user_handlers.py", line 508, in categories_command
    await update.message.reply_text("❌ لا توجد فئات متاحة.")
  File "/data/data/com.termux/files/home/telegram-software-bot/venv/lib/python3.13/site-packages/telegram/_message.py", line 2106, in reply_text
    return await self.get_bot().send_message(
           ^^^^^^^^^^^^^^^^^^^^^^^^^^^^^^^^^^
    ...<21 lines>...
    )
    ^
  File "/data/data/com.termux/files/home/telegram-software-bot/venv/lib/python3.13/site-packages/telegram/ext/_extbot.py", line 3118, in send_message
    return await super().send_message(
           ^^^^^^^^^^^^^^^^^^^^^^^^^^^
    ...<23 lines>...
    )
    ^
  File "/data/data/com.termux/files/home/telegram-software-bot/venv/lib/python3.13/site-packages/telegram/_bot.py", line 1123, in send_message
    return await self._send_message(
           ^^^^^^^^^^^^^^^^^^^^^^^^^
    ...<21 lines>...
    )
    ^
  File "/data/data/com.termux/files/home/telegram-software-bot/venv/lib/python3.13/site-packages/telegram/ext/_extbot.py", line 630, in _send_message
    result = await super()._send_message(
             ^^^^^^^^^^^^^^^^^^^^^^^^^^^^
    ...<23 lines>...
    )
    ^
  File "/data/data/com.termux/files/home/telegram-software-bot/venv/lib/python3.13/site-packages/telegram/_bot.py", line 820, in _send_message
    result = await self._post(
             ^^^^^^^^^^^^^^^^^
    ...<7 lines>...
    )
    ^
  File "/data/data/com.termux/files/home/telegram-software-bot/venv/lib/python3.13/site-packages/telegram/_bot.py", line 704, in _post
    return await self._do_post(
           ^^^^^^^^^^^^^^^^^^^^
    ...<6 lines>...
    )
    ^
  File "/data/data/com.termux/files/home/telegram-software-bot/venv/lib/python3.13/site-packages/telegram/ext/_extbot.py", line 370, in _do_post
    return await super()._do_post(
           ^^^^^^^^^^^^^^^^^^^^^^^
    ...<6 lines>...
    )
    ^
  File "/data/data/com.termux/files/home/telegram-software-bot/venv/lib/python3.13/site-packages/telegram/_bot.py", line 733, in _do_post
    result = await request.post(
             ^^^^^^^^^^^^^^^^^^^
    ...<6 lines>...
    )
    ^
  File "/data/data/com.termux/files/home/telegram-software-bot/venv/lib/python3.13/site-packages/telegram/request/_baserequest.py", line 198, in post
    result = await self._request_wrapper(
             ^^^^^^^^^^^^^^^^^^^^^^^^^^^^
    ...<7 lines>...
    )
    ^
  File "/data/data/com.termux/files/home/telegram-software-bot/venv/lib/python3.13/site-packages/telegram/request/_baserequest.py", line 375, in _request_wrapper
    raise exception
telegram.error.BadRequest: Can't parse entities: character '.' is reserved and must be escaped with the preceding '\'
2026-06-08 14:44:34 - bot - ERROR - main:_error_handler:109 - Update Update(message=Message(channel_chat_created=False, chat=Chat(first_name='عصام', id=1431003618, last_name='مرحب', type=<ChatType.PRIVATE>, username='Esam_Marhb'), date=datetime.datetime(2026, 6, 8, 11, 44, 35, tzinfo=datetime.timezone.utc), delete_chat_photo=False, entities=(MessageEntity(length=24, offset=0, type=<MessageEntityType.URL>),), from_user=User(first_name='عصام', id=1431003618, is_bot=False, language_code='ar', last_name='مرحب', username='Esam_Marhb'), group_chat_created=False, message_id=27, supergroup_chat_created=False, text='project-nomad-1.32.1.zip'), update_id=509989704) caused error Can't parse entities: character '.' is reserved and must be escaped with the preceding '\'
Traceback (most recent call last):
  File "/data/data/com.termux/files/home/telegram-software-bot/venv/lib/python3.13/site-packages/telegram/ext/_application.py", line 1315, in process_update
    await coroutine
  File "/data/data/com.termux/files/home/telegram-software-bot/venv/lib/python3.13/site-packages/telegram/ext/_handlers/basehandler.py", line 159, in handle_update
    return await self.callback(update, context)
           ^^^^^^^^^^^^^^^^^^^^^^^^^^^^^^^^^^^^
  File "/data/data/com.termux/files/home/telegram-software-bot/handlers/user_handlers.py", line 209, in handle_message
    await self._perform_search(
        update, context, sanitized_text, user.id
    )
  File "/data/data/com.termux/files/home/telegram-software-bot/handlers/user_handlers.py", line 253, in _perform_search
    searching_msg = await update.message.reply_text(
                    ^^^^^^^^^^^^^^^^^^^^^^^^^^^^^^^^
    ...<2 lines>...
    )
    ^
  File "/data/data/com.termux/files/home/telegram-software-bot/venv/lib/python3.13/site-packages/telegram/_message.py", line 2106, in reply_text
    return await self.get_bot().send_message(
           ^^^^^^^^^^^^^^^^^^^^^^^^^^^^^^^^^^
    ...<21 lines>...
    )
    ^
  File "/data/data/com.termux/files/home/telegram-software-bot/venv/lib/python3.13/site-packages/telegram/ext/_extbot.py", line 3118, in send_message
    return await super().send_message(
           ^^^^^^^^^^^^^^^^^^^^^^^^^^^
    ...<23 lines>...
    )
    ^
  File "/data/data/com.termux/files/home/telegram-software-bot/venv/lib/python3.13/site-packages/telegram/_bot.py", line 1123, in send_message
    return await self._send_message(
           ^^^^^^^^^^^^^^^^^^^^^^^^^
    ...<21 lines>...
    )
    ^
  File "/data/data/com.termux/files/home/telegram-software-bot/venv/lib/python3.13/site-packages/telegram/ext/_extbot.py", line 630, in _send_message
    result = await super()._send_message(
             ^^^^^^^^^^^^^^^^^^^^^^^^^^^^
    ...<23 lines>...
    )
    ^
  File "/data/data/com.termux/files/home/telegram-software-bot/venv/lib/python3.13/site-packages/telegram/_bot.py", line 820, in _send_message
    result = await self._post(
             ^^^^^^^^^^^^^^^^^
    ...<7 lines>...
    )
    ^
  File "/data/data/com.termux/files/home/telegram-software-bot/venv/lib/python3.13/site-packages/telegram/_bot.py", line 704, in _post
    return await self._do_post(
           ^^^^^^^^^^^^^^^^^^^^
    ...<6 lines>...
    )
    ^
  File "/data/data/com.termux/files/home/telegram-software-bot/venv/lib/python3.13/site-packages/telegram/ext/_extbot.py", line 370, in _do_post
    return await super()._do_post(
           ^^^^^^^^^^^^^^^^^^^^^^^
    ...<6 lines>...
    )
    ^
  File "/data/data/com.termux/files/home/telegram-software-bot/venv/lib/python3.13/site-packages/telegram/_bot.py", line 733, in _do_post
    result = await request.post(
             ^^^^^^^^^^^^^^^^^^^
    ...<6 lines>...
    )
    ^
  File "/data/data/com.termux/files/home/telegram-software-bot/venv/lib/python3.13/site-packages/telegram/request/_baserequest.py", line 198, in post
    result = await self._request_wrapper(
             ^^^^^^^^^^^^^^^^^^^^^^^^^^^^
    ...<7 lines>...
    )
    ^
  File "/data/data/com.termux/files/home/telegram-software-bot/venv/lib/python3.13/site-packages/telegram/request/_baserequest.py", line 375, in _request_wrapper
    raise exception
telegram.error.BadRequest: Can't parse entities: character '.' is reserved and must be escaped with the preceding '\'
2026-06-08 14:54:56 - bot - ERROR - main:_error_handler:109 - Update Update(message=Message(channel_chat_created=False, chat=Chat(first_name='عصام', id=1431003618, last_name='مرحب', type=<ChatType.PRIVATE>, username='Esam_Marhb'), date=datetime.datetime(2026, 6, 8, 11, 54, 56, tzinfo=datetime.timezone.utc), delete_chat_photo=False, entities=(MessageEntity(length=24, offset=0, type=<MessageEntityType.URL>),), from_user=User(first_name='عصام', id=1431003618, is_bot=False, language_code='ar', last_name='مرحب', username='Esam_Marhb'), group_chat_created=False, message_id=34, supergroup_chat_created=False, text='project-nomad-1.32.1.zip'), update_id=509989708) caused error Can't parse entities: character '.' is reserved and must be escaped with the preceding '\'
Traceback (most recent call last):
  File "/data/data/com.termux/files/home/telegram-software-bot/venv/lib/python3.13/site-packages/telegram/ext/_application.py", line 1315, in process_update
    await coroutine
  File "/data/data/com.termux/files/home/telegram-software-bot/venv/lib/python3.13/site-packages/telegram/ext/_handlers/basehandler.py", line 159, in handle_update
    return await self.callback(update, context)
           ^^^^^^^^^^^^^^^^^^^^^^^^^^^^^^^^^^^^
  File "/data/data/com.termux/files/home/telegram-software-bot/handlers/user_handlers.py", line 209, in handle_message
    await self._perform_search(
        update, context, sanitized_text, user.id
    )
  File "/data/data/com.termux/files/home/telegram-software-bot/handlers/user_handlers.py", line 253, in _perform_search
    searching_msg = await update.message.reply_text(
                    ^^^^^^^^^^^^^^^^^^^^^^^^^^^^^^^^
    ...<2 lines>...
    )
    ^
  File "/data/data/com.termux/files/home/telegram-software-bot/venv/lib/python3.13/site-packages/telegram/_message.py", line 2106, in reply_text
    return await self.get_bot().send_message(
           ^^^^^^^^^^^^^^^^^^^^^^^^^^^^^^^^^^
    ...<21 lines>...
    )
    ^
  File "/data/data/com.termux/files/home/telegram-software-bot/venv/lib/python3.13/site-packages/telegram/ext/_extbot.py", line 3118, in send_message
    return await super().send_message(
           ^^^^^^^^^^^^^^^^^^^^^^^^^^^
    ...<23 lines>...
    )
    ^
  File "/data/data/com.termux/files/home/telegram-software-bot/venv/lib/python3.13/site-packages/telegram/_bot.py", line 1123, in send_message
    return await self._send_message(
           ^^^^^^^^^^^^^^^^^^^^^^^^^
    ...<21 lines>...
    )
    ^
  File "/data/data/com.termux/files/home/telegram-software-bot/venv/lib/python3.13/site-packages/telegram/ext/_extbot.py", line 630, in _send_message
    result = await super()._send_message(
             ^^^^^^^^^^^^^^^^^^^^^^^^^^^^
    ...<23 lines>...
    )
    ^
  File "/data/data/com.termux/files/home/telegram-software-bot/venv/lib/python3.13/site-packages/telegram/_bot.py", line 820, in _send_message
    result = await self._post(
             ^^^^^^^^^^^^^^^^^
    ...<7 lines>...
    )
    ^
  File "/data/data/com.termux/files/home/telegram-software-bot/venv/lib/python3.13/site-packages/telegram/_bot.py", line 704, in _post
    return await self._do_post(
           ^^^^^^^^^^^^^^^^^^^^
    ...<6 lines>...
    )
    ^
  File "/data/data/com.termux/files/home/telegram-software-bot/venv/lib/python3.13/site-packages/telegram/ext/_extbot.py", line 370, in _do_post
    return await super()._do_post(
           ^^^^^^^^^^^^^^^^^^^^^^^
    ...<6 lines>...
    )
    ^
  File "/data/data/com.termux/files/home/telegram-software-bot/venv/lib/python3.13/site-packages/telegram/_bot.py", line 733, in _do_post
    result = await request.post(
             ^^^^^^^^^^^^^^^^^^^
    ...<6 lines>...
    )
    ^
  File "/data/data/com.termux/files/home/telegram-software-bot/venv/lib/python3.13/site-packages/telegram/request/_baserequest.py", line 198, in post
    result = await self._request_wrapper(
             ^^^^^^^^^^^^^^^^^^^^^^^^^^^^
    ...<7 lines>...
    )
    ^
  File "/data/data/com.termux/files/home/telegram-software-bot/venv/lib/python3.13/site-packages/telegram/request/_baserequest.py", line 375, in _request_wrapper
    raise exception
telegram.error.BadRequest: Can't parse entities: character '.' is reserved and must be escaped with the preceding '\'
2026-06-08 14:55:02 - bot - ERROR - main:_error_handler:109 - Update Update(message=Message(channel_chat_created=False, chat=Chat(first_name='عصام', id=1431003618, last_name='مرحب', type=<ChatType.PRIVATE>, username='Esam_Marhb'), date=datetime.datetime(2026, 6, 8, 11, 55, 1, tzinfo=datetime.timezone.utc), delete_chat_photo=False, entities=(MessageEntity(length=8, offset=0, type=<MessageEntityType.BOT_COMMAND>),), from_user=User(first_name='عصام', id=1431003618, is_bot=False, language_code='ar', last_name='مرحب', username='Esam_Marhb'), group_chat_created=False, message_id=35, supergroup_chat_created=False, text='/reindex'), update_id=509989709) caused error Can't parse entities: character '.' is reserved and must be escaped with the preceding '\'
Traceback (most recent call last):
  File "/data/data/com.termux/files/home/telegram-software-bot/venv/lib/python3.13/site-packages/telegram/ext/_application.py", line 1315, in process_update
    await coroutine
  File "/data/data/com.termux/files/home/telegram-software-bot/venv/lib/python3.13/site-packages/telegram/ext/_handlers/basehandler.py", line 159, in handle_update
    return await self.callback(update, context)
           ^^^^^^^^^^^^^^^^^^^^^^^^^^^^^^^^^^^^
  File "/data/data/com.termux/files/home/telegram-software-bot/handlers/admin_handlers.py", line 403, in reindex_command
    await update.message.reply_text("🔄 *جاري إعادة الفهرسة...*")
  File "/data/data/com.termux/files/home/telegram-software-bot/venv/lib/python3.13/site-packages/telegram/_message.py", line 2106, in reply_text
    return await self.get_bot().send_message(
           ^^^^^^^^^^^^^^^^^^^^^^^^^^^^^^^^^^
    ...<21 lines>...
    )
    ^
  File "/data/data/com.termux/files/home/telegram-software-bot/venv/lib/python3.13/site-packages/telegram/ext/_extbot.py", line 3118, in send_message
    return await super().send_message(
           ^^^^^^^^^^^^^^^^^^^^^^^^^^^
    ...<23 lines>...
    )
    ^
  File "/data/data/com.termux/files/home/telegram-software-bot/venv/lib/python3.13/site-packages/telegram/_bot.py", line 1123, in send_message
    return await self._send_message(
           ^^^^^^^^^^^^^^^^^^^^^^^^^
    ...<21 lines>...
    )
    ^
  File "/data/data/com.termux/files/home/telegram-software-bot/venv/lib/python3.13/site-packages/telegram/ext/_extbot.py", line 630, in _send_message
    result = await super()._send_message(
             ^^^^^^^^^^^^^^^^^^^^^^^^^^^^
    ...<23 lines>...
    )
    ^
  File "/data/data/com.termux/files/home/telegram-software-bot/venv/lib/python3.13/site-packages/telegram/_bot.py", line 820, in _send_message
    result = await self._post(
             ^^^^^^^^^^^^^^^^^
    ...<7 lines>...
    )
    ^
  File "/data/data/com.termux/files/home/telegram-software-bot/venv/lib/python3.13/site-packages/telegram/_bot.py", line 704, in _post
    return await self._do_post(
           ^^^^^^^^^^^^^^^^^^^^
    ...<6 lines>...
    )
    ^
  File "/data/data/com.termux/files/home/telegram-software-bot/venv/lib/python3.13/site-packages/telegram/ext/_extbot.py", line 370, in _do_post
    return await super()._do_post(
           ^^^^^^^^^^^^^^^^^^^^^^^
    ...<6 lines>...
    )
    ^
  File "/data/data/com.termux/files/home/telegram-software-bot/venv/lib/python3.13/site-packages/telegram/_bot.py", line 733, in _do_post
    result = await request.post(
             ^^^^^^^^^^^^^^^^^^^
    ...<6 lines>...
    )
    ^
  File "/data/data/com.termux/files/home/telegram-software-bot/venv/lib/python3.13/site-packages/telegram/request/_baserequest.py", line 198, in post
    result = await self._request_wrapper(
             ^^^^^^^^^^^^^^^^^^^^^^^^^^^^
    ...<7 lines>...
    )
    ^
  File "/data/data/com.termux/files/home/telegram-software-bot/venv/lib/python3.13/site-packages/telegram/request/_baserequest.py", line 375, in _request_wrapper
    raise exception
telegram.error.BadRequest: Can't parse entities: character '.' is reserved and must be escaped with the preceding '\'
2026-06-08 14:55:21 - bot - ERROR - main:_error_handler:109 - Update Update(message=Message(channel_chat_created=False, chat=Chat(first_name='عصام', id=1431003618, last_name='مرحب', type=<ChatType.PRIVATE>, username='Esam_Marhb'), date=datetime.datetime(2026, 6, 8, 11, 55, 20, tzinfo=datetime.timezone.utc), delete_chat_photo=False, entities=(MessageEntity(length=12, offset=0, type=<MessageEntityType.BOT_COMMAND>),), from_user=User(first_name='عصام', id=1431003618, is_bot=False, language_code='ar', last_name='مرحب', username='Esam_Marhb'), group_chat_created=False, message_id=36, supergroup_chat_created=False, text='/addsoftware'), update_id=509989710) caused error Can't parse entities: character '.' is reserved and must be escaped with the preceding '\'
Traceback (most recent call last):
  File "/data/data/com.termux/files/home/telegram-software-bot/venv/lib/python3.13/site-packages/telegram/ext/_application.py", line 1315, in process_update
    await coroutine
  File "/data/data/com.termux/files/home/telegram-software-bot/venv/lib/python3.13/site-packages/telegram/ext/_handlers/basehandler.py", line 159, in handle_update
    return await self.callback(update, context)
           ^^^^^^^^^^^^^^^^^^^^^^^^^^^^^^^^^^^^
  File "/data/data/com.termux/files/home/telegram-software-bot/handlers/admin_handlers.py", line 140, in add_software_command
    await update.message.reply_text(
    ...<7 lines>...
    )
  File "/data/data/com.termux/files/home/telegram-software-bot/venv/lib/python3.13/site-packages/telegram/_message.py", line 2106, in reply_text
    return await self.get_bot().send_message(
           ^^^^^^^^^^^^^^^^^^^^^^^^^^^^^^^^^^
    ...<21 lines>...
    )
    ^
  File "/data/data/com.termux/files/home/telegram-software-bot/venv/lib/python3.13/site-packages/telegram/ext/_extbot.py", line 3118, in send_message
    return await super().send_message(
           ^^^^^^^^^^^^^^^^^^^^^^^^^^^
    ...<23 lines>...
    )
    ^
  File "/data/data/com.termux/files/home/telegram-software-bot/venv/lib/python3.13/site-packages/telegram/_bot.py", line 1123, in send_message
    return await self._send_message(
           ^^^^^^^^^^^^^^^^^^^^^^^^^
    ...<21 lines>...
    )
    ^
  File "/data/data/com.termux/files/home/telegram-software-bot/venv/lib/python3.13/site-packages/telegram/ext/_extbot.py", line 630, in _send_message
    result = await super()._send_message(
             ^^^^^^^^^^^^^^^^^^^^^^^^^^^^
    ...<23 lines>...
    )
    ^
  File "/data/data/com.termux/files/home/telegram-software-bot/venv/lib/python3.13/site-packages/telegram/_bot.py", line 820, in _send_message
    result = await self._post(
             ^^^^^^^^^^^^^^^^^
    ...<7 lines>...
    )
    ^
  File "/data/data/com.termux/files/home/telegram-software-bot/venv/lib/python3.13/site-packages/telegram/_bot.py", line 704, in _post
    return await self._do_post(
           ^^^^^^^^^^^^^^^^^^^^
    ...<6 lines>...
    )
    ^
  File "/data/data/com.termux/files/home/telegram-software-bot/venv/lib/python3.13/site-packages/telegram/ext/_extbot.py", line 370, in _do_post
    return await super()._do_post(
           ^^^^^^^^^^^^^^^^^^^^^^^
    ...<6 lines>...
    )
    ^
  File "/data/data/com.termux/files/home/telegram-software-bot/venv/lib/python3.13/site-packages/telegram/_bot.py", line 733, in _do_post
    result = await request.post(
             ^^^^^^^^^^^^^^^^^^^
    ...<6 lines>...
    )
    ^
  File "/data/data/com.termux/files/home/telegram-software-bot/venv/lib/python3.13/site-packages/telegram/request/_baserequest.py", line 198, in post
    result = await self._request_wrapper(
             ^^^^^^^^^^^^^^^^^^^^^^^^^^^^
    ...<7 lines>...
    )
    ^
  File "/data/data/com.termux/files/home/telegram-software-bot/venv/lib/python3.13/site-packages/telegram/request/_baserequest.py", line 375, in _request_wrapper
    raise exception
telegram.error.BadRequest: Can't parse entities: character '.' is reserved and must be escaped with the preceding '\'
2026-06-08 14:56:35 - bot - ERROR - main:_error_handler:109 - Update Update(message=Message(channel_chat_created=False, chat=Chat(first_name='عصام', id=1431003618, last_name='مرحب', type=<ChatType.PRIVATE>, username='Esam_Marhb'), date=datetime.datetime(2026, 6, 8, 11, 56, 35, tzinfo=datetime.timezone.utc), delete_chat_photo=False, entities=(MessageEntity(length=29, offset=0, type=<MessageEntityType.URL>),), from_user=User(first_name='عصام', id=1431003618, is_bot=False, language_code='ar', last_name='مرحب', username='Esam_Marhb'), group_chat_created=False, link_preview_options=LinkPreviewOptions(url='https://t.me/win_app_exe/3506'), message_id=39, supergroup_chat_created=False, text='https://t.me/win_app_exe/3506'), update_id=509989712) caused error Can't parse entities: character '.' is reserved and must be escaped with the preceding '\'
Traceback (most recent call last):
  File "/data/data/com.termux/files/home/telegram-software-bot/venv/lib/python3.13/site-packages/telegram/ext/_application.py", line 1315, in process_update
    await coroutine
  File "/data/data/com.termux/files/home/telegram-software-bot/venv/lib/python3.13/site-packages/telegram/ext/_handlers/basehandler.py", line 159, in handle_update
    return await self.callback(update, context)
           ^^^^^^^^^^^^^^^^^^^^^^^^^^^^^^^^^^^^
  File "/data/data/com.termux/files/home/telegram-software-bot/handlers/user_handlers.py", line 209, in handle_message
    await self._perform_search(
        update, context, sanitized_text, user.id
    )
  File "/data/data/com.termux/files/home/telegram-software-bot/handlers/user_handlers.py", line 253, in _perform_search
    searching_msg = await update.message.reply_text(
                    ^^^^^^^^^^^^^^^^^^^^^^^^^^^^^^^^
    ...<2 lines>...
    )
    ^
  File "/data/data/com.termux/files/home/telegram-software-bot/venv/lib/python3.13/site-packages/telegram/_message.py", line 2106, in reply_text
    return await self.get_bot().send_message(
           ^^^^^^^^^^^^^^^^^^^^^^^^^^^^^^^^^^
    ...<21 lines>...
    )
    ^
  File "/data/data/com.termux/files/home/telegram-software-bot/venv/lib/python3.13/site-packages/telegram/ext/_extbot.py", line 3118, in send_message
    return await super().send_message(
           ^^^^^^^^^^^^^^^^^^^^^^^^^^^
    ...<23 lines>...
    )
    ^
  File "/data/data/com.termux/files/home/telegram-software-bot/venv/lib/python3.13/site-packages/telegram/_bot.py", line 1123, in send_message
    return await self._send_message(
           ^^^^^^^^^^^^^^^^^^^^^^^^^
    ...<21 lines>...
    )
    ^
  File "/data/data/com.termux/files/home/telegram-software-bot/venv/lib/python3.13/site-packages/telegram/ext/_extbot.py", line 630, in _send_message
    result = await super()._send_message(
             ^^^^^^^^^^^^^^^^^^^^^^^^^^^^
    ...<23 lines>...
    )
    ^
  File "/data/data/com.termux/files/home/telegram-software-bot/venv/lib/python3.13/site-packages/telegram/_bot.py", line 820, in _send_message
    result = await self._post(
             ^^^^^^^^^^^^^^^^^
    ...<7 lines>...
    )
    ^
  File "/data/data/com.termux/files/home/telegram-software-bot/venv/lib/python3.13/site-packages/telegram/_bot.py", line 704, in _post
    return await self._do_post(
           ^^^^^^^^^^^^^^^^^^^^
    ...<6 lines>...
    )
    ^
  File "/data/data/com.termux/files/home/telegram-software-bot/venv/lib/python3.13/site-packages/telegram/ext/_extbot.py", line 370, in _do_post
    return await super()._do_post(
           ^^^^^^^^^^^^^^^^^^^^^^^
    ...<6 lines>...
    )
    ^
  File "/data/data/com.termux/files/home/telegram-software-bot/venv/lib/python3.13/site-packages/telegram/_bot.py", line 733, in _do_post
    result = await request.post(
             ^^^^^^^^^^^^^^^^^^^
    ...<6 lines>...
    )
    ^
  File "/data/data/com.termux/files/home/telegram-software-bot/venv/lib/python3.13/site-packages/telegram/request/_baserequest.py", line 198, in post
    result = await self._request_wrapper(
             ^^^^^^^^^^^^^^^^^^^^^^^^^^^^
    ...<7 lines>...
    )
    ^
  File "/data/data/com.termux/files/home/telegram-software-bot/venv/lib/python3.13/site-packages/telegram/request/_baserequest.py", line 375, in _request_wrapper
    raise exception
telegram.error.BadRequest: Can't parse entities: character '.' is reserved and must be escaped with the preceding '\'
2026-06-08 14:56:41 - bot - ERROR - main:_error_handler:109 - Update Update(message=Message(channel_chat_created=False, chat=Chat(first_name='عصام', id=1431003618, last_name='مرحب', type=<ChatType.PRIVATE>, username='Esam_Marhb'), date=datetime.datetime(2026, 6, 8, 11, 56, 41, tzinfo=datetime.timezone.utc), delete_chat_photo=False, from_user=User(first_name='عصام', id=1431003618, is_bot=False, language_code='ar', last_name='مرحب', username='Esam_Marhb'), group_chat_created=False, message_id=40, supergroup_chat_created=False, text='Chrome'), update_id=509989713) caused error Can't parse entities: character '.' is reserved and must be escaped with the preceding '\'
Traceback (most recent call last):
  File "/data/data/com.termux/files/home/telegram-software-bot/venv/lib/python3.13/site-packages/telegram/ext/_application.py", line 1315, in process_update
    await coroutine
  File "/data/data/com.termux/files/home/telegram-software-bot/venv/lib/python3.13/site-packages/telegram/ext/_handlers/basehandler.py", line 159, in handle_update
    return await self.callback(update, context)
           ^^^^^^^^^^^^^^^^^^^^^^^^^^^^^^^^^^^^
  File "/data/data/com.termux/files/home/telegram-software-bot/handlers/user_handlers.py", line 209, in handle_message
    await self._perform_search(
        update, context, sanitized_text, user.id
    )
  File "/data/data/com.termux/files/home/telegram-software-bot/handlers/user_handlers.py", line 253, in _perform_search
    searching_msg = await update.message.reply_text(
                    ^^^^^^^^^^^^^^^^^^^^^^^^^^^^^^^^
    ...<2 lines>...
    )
    ^
  File "/data/data/com.termux/files/home/telegram-software-bot/venv/lib/python3.13/site-packages/telegram/_message.py", line 2106, in reply_text
    return await self.get_bot().send_message(
           ^^^^^^^^^^^^^^^^^^^^^^^^^^^^^^^^^^
    ...<21 lines>...
    )
    ^
  File "/data/data/com.termux/files/home/telegram-software-bot/venv/lib/python3.13/site-packages/telegram/ext/_extbot.py", line 3118, in send_message
    return await super().send_message(
           ^^^^^^^^^^^^^^^^^^^^^^^^^^^
    ...<23 lines>...
    )
    ^
  File "/data/data/com.termux/files/home/telegram-software-bot/venv/lib/python3.13/site-packages/telegram/_bot.py", line 1123, in send_message
    return await self._send_message(
           ^^^^^^^^^^^^^^^^^^^^^^^^^
    ...<21 lines>...
    )
    ^
  File "/data/data/com.termux/files/home/telegram-software-bot/venv/lib/python3.13/site-packages/telegram/ext/_extbot.py", line 630, in _send_message
    result = await super()._send_message(
             ^^^^^^^^^^^^^^^^^^^^^^^^^^^^
    ...<23 lines>...
    )
    ^
  File "/data/data/com.termux/files/home/telegram-software-bot/venv/lib/python3.13/site-packages/telegram/_bot.py", line 820, in _send_message
    result = await self._post(
             ^^^^^^^^^^^^^^^^^
    ...<7 lines>...
    )
    ^
  File "/data/data/com.termux/files/home/telegram-software-bot/venv/lib/python3.13/site-packages/telegram/_bot.py", line 704, in _post
    return await self._do_post(
           ^^^^^^^^^^^^^^^^^^^^
    ...<6 lines>...
    )
    ^
  File "/data/data/com.termux/files/home/telegram-software-bot/venv/lib/python3.13/site-packages/telegram/ext/_extbot.py", line 370, in _do_post
    return await super()._do_post(
           ^^^^^^^^^^^^^^^^^^^^^^^
    ...<6 lines>...
    )
    ^
  File "/data/data/com.termux/files/home/telegram-software-bot/venv/lib/python3.13/site-packages/telegram/_bot.py", line 733, in _do_post
    result = await request.post(
             ^^^^^^^^^^^^^^^^^^^
    ...<6 lines>...
    )
    ^
  File "/data/data/com.termux/files/home/telegram-software-bot/venv/lib/python3.13/site-packages/telegram/request/_baserequest.py", line 198, in post
    result = await self._request_wrapper(
             ^^^^^^^^^^^^^^^^^^^^^^^^^^^^
    ...<7 lines>...
    )
    ^
  File "/data/data/com.termux/files/home/telegram-software-bot/venv/lib/python3.13/site-packages/telegram/request/_baserequest.py", line 375, in _request_wrapper
    raise exception
telegram.error.BadRequest: Can't parse entities: character '.' is reserved and must be escaped with the preceding '\'
2026-06-08 14:56:43 - bot - ERROR - main:_error_handler:109 - Update Update(message=Message(channel_chat_created=False, chat=Chat(first_name='عصام', id=1431003618, last_name='مرحب', type=<ChatType.PRIVATE>, username='Esam_Marhb'), date=datetime.datetime(2026, 6, 8, 11, 56, 43, tzinfo=datetime.timezone.utc), delete_chat_photo=False, entities=(MessageEntity(length=8, offset=0, type=<MessageEntityType.BOT_COMMAND>),), from_user=User(first_name='عصام', id=1431003618, is_bot=False, language_code='ar', last_name='مرحب', username='Esam_Marhb'), group_chat_created=False, message_id=41, supergroup_chat_created=False, text='/reindex'), update_id=509989714) caused error Can't parse entities: character '.' is reserved and must be escaped with the preceding '\'
Traceback (most recent call last):
  File "/data/data/com.termux/files/home/telegram-software-bot/venv/lib/python3.13/site-packages/telegram/ext/_application.py", line 1315, in process_update
    await coroutine
  File "/data/data/com.termux/files/home/telegram-software-bot/venv/lib/python3.13/site-packages/telegram/ext/_handlers/basehandler.py", line 159, in handle_update
    return await self.callback(update, context)
           ^^^^^^^^^^^^^^^^^^^^^^^^^^^^^^^^^^^^
  File "/data/data/com.termux/files/home/telegram-software-bot/handlers/admin_handlers.py", line 403, in reindex_command
    await update.message.reply_text("🔄 *جاري إعادة الفهرسة...*")
  File "/data/data/com.termux/files/home/telegram-software-bot/venv/lib/python3.13/site-packages/telegram/_message.py", line 2106, in reply_text
    return await self.get_bot().send_message(
           ^^^^^^^^^^^^^^^^^^^^^^^^^^^^^^^^^^
    ...<21 lines>...
    )
    ^
  File "/data/data/com.termux/files/home/telegram-software-bot/venv/lib/python3.13/site-packages/telegram/ext/_extbot.py", line 3118, in send_message
    return await super().send_message(
           ^^^^^^^^^^^^^^^^^^^^^^^^^^^
    ...<23 lines>...
    )
    ^
  File "/data/data/com.termux/files/home/telegram-software-bot/venv/lib/python3.13/site-packages/telegram/_bot.py", line 1123, in send_message
    return await self._send_message(
           ^^^^^^^^^^^^^^^^^^^^^^^^^
    ...<21 lines>...
    )
    ^
  File "/data/data/com.termux/files/home/telegram-software-bot/venv/lib/python3.13/site-packages/telegram/ext/_extbot.py", line 630, in _send_message
    result = await super()._send_message(
             ^^^^^^^^^^^^^^^^^^^^^^^^^^^^
    ...<23 lines>...
    )
    ^
  File "/data/data/com.termux/files/home/telegram-software-bot/venv/lib/python3.13/site-packages/telegram/_bot.py", line 820, in _send_message
    result = await self._post(
             ^^^^^^^^^^^^^^^^^
    ...<7 lines>...
    )
    ^
  File "/data/data/com.termux/files/home/telegram-software-bot/venv/lib/python3.13/site-packages/telegram/_bot.py", line 704, in _post
    return await self._do_post(
           ^^^^^^^^^^^^^^^^^^^^
    ...<6 lines>...
    )
    ^
  File "/data/data/com.termux/files/home/telegram-software-bot/venv/lib/python3.13/site-packages/telegram/ext/_extbot.py", line 370, in _do_post
    return await super()._do_post(
           ^^^^^^^^^^^^^^^^^^^^^^^
    ...<6 lines>...
    )
    ^
  File "/data/data/com.termux/files/home/telegram-software-bot/venv/lib/python3.13/site-packages/telegram/_bot.py", line 733, in _do_post
    result = await request.post(
             ^^^^^^^^^^^^^^^^^^^
    ...<6 lines>...
    )
    ^
  File "/data/data/com.termux/files/home/telegram-software-bot/venv/lib/python3.13/site-packages/telegram/request/_baserequest.py", line 198, in post
    result = await self._request_wrapper(
             ^^^^^^^^^^^^^^^^^^^^^^^^^^^^
    ...<7 lines>...
    )
    ^
  File "/data/data/com.termux/files/home/telegram-software-bot/venv/lib/python3.13/site-packages/telegram/request/_baserequest.py", line 375, in _request_wrapper
    raise exception
telegram.error.BadRequest: Can't parse entities: character '.' is reserved and must be escaped with the preceding '\'
2026-06-08 14:56:44 - bot - ERROR - main:_error_handler:109 - Update Update(message=Message(channel_chat_created=False, chat=Chat(first_name='عصام', id=1431003618, last_name='مرحب', type=<ChatType.PRIVATE>, username='Esam_Marhb'), date=datetime.datetime(2026, 6, 8, 11, 56, 44, tzinfo=datetime.timezone.utc), delete_chat_photo=False, entities=(MessageEntity(length=12, offset=0, type=<MessageEntityType.BOT_COMMAND>),), from_user=User(first_name='عصام', id=1431003618, is_bot=False, language_code='ar', last_name='مرحب', username='Esam_Marhb'), group_chat_created=False, message_id=42, supergroup_chat_created=False, text='/addsoftware'), update_id=509989715) caused error Can't parse entities: character '.' is reserved and must be escaped with the preceding '\'
Traceback (most recent call last):
  File "/data/data/com.termux/files/home/telegram-software-bot/venv/lib/python3.13/site-packages/telegram/ext/_application.py", line 1315, in process_update
    await coroutine
  File "/data/data/com.termux/files/home/telegram-software-bot/venv/lib/python3.13/site-packages/telegram/ext/_handlers/basehandler.py", line 159, in handle_update
    return await self.callback(update, context)
           ^^^^^^^^^^^^^^^^^^^^^^^^^^^^^^^^^^^^
  File "/data/data/com.termux/files/home/telegram-software-bot/handlers/admin_handlers.py", line 140, in add_software_command
    await update.message.reply_text(
    ...<7 lines>...
    )
  File "/data/data/com.termux/files/home/telegram-software-bot/venv/lib/python3.13/site-packages/telegram/_message.py", line 2106, in reply_text
    return await self.get_bot().send_message(
           ^^^^^^^^^^^^^^^^^^^^^^^^^^^^^^^^^^
    ...<21 lines>...
    )
    ^
  File "/data/data/com.termux/files/home/telegram-software-bot/venv/lib/python3.13/site-packages/telegram/ext/_extbot.py", line 3118, in send_message
    return await super().send_message(
           ^^^^^^^^^^^^^^^^^^^^^^^^^^^
    ...<23 lines>...
    )
    ^
  File "/data/data/com.termux/files/home/telegram-software-bot/venv/lib/python3.13/site-packages/telegram/_bot.py", line 1123, in send_message
    return await self._send_message(
           ^^^^^^^^^^^^^^^^^^^^^^^^^
    ...<21 lines>...
    )
    ^
  File "/data/data/com.termux/files/home/telegram-software-bot/venv/lib/python3.13/site-packages/telegram/ext/_extbot.py", line 630, in _send_message
    result = await super()._send_message(
             ^^^^^^^^^^^^^^^^^^^^^^^^^^^^
    ...<23 lines>...
    )
    ^
  File "/data/data/com.termux/files/home/telegram-software-bot/venv/lib/python3.13/site-packages/telegram/_bot.py", line 820, in _send_message
    result = await self._post(
             ^^^^^^^^^^^^^^^^^
    ...<7 lines>...
    )
    ^
  File "/data/data/com.termux/files/home/telegram-software-bot/venv/lib/python3.13/site-packages/telegram/_bot.py", line 704, in _post
    return await self._do_post(
           ^^^^^^^^^^^^^^^^^^^^
    ...<6 lines>...
    )
    ^
  File "/data/data/com.termux/files/home/telegram-software-bot/venv/lib/python3.13/site-packages/telegram/ext/_extbot.py", line 370, in _do_post
    return await super()._do_post(
           ^^^^^^^^^^^^^^^^^^^^^^^
    ...<6 lines>...
    )
    ^
  File "/data/data/com.termux/files/home/telegram-software-bot/venv/lib/python3.13/site-packages/telegram/_bot.py", line 733, in _do_post
    result = await request.post(
             ^^^^^^^^^^^^^^^^^^^
    ...<6 lines>...
    )
    ^
  File "/data/data/com.termux/files/home/telegram-software-bot/venv/lib/python3.13/site-packages/telegram/request/_baserequest.py", line 198, in post
    result = await self._request_wrapper(
             ^^^^^^^^^^^^^^^^^^^^^^^^^^^^
    ...<7 lines>...
    )
    ^
  File "/data/data/com.termux/files/home/telegram-software-bot/venv/lib/python3.13/site-packages/telegram/request/_baserequest.py", line 375, in _request_wrapper
    raise exception
telegram.error.BadRequest: Can't parse entities: character '.' is reserved and must be escaped with the preceding '\'
2026-06-08 14:57:14 - bot - INFO - main:initialize:52 - Initializing bot components...
2026-06-08 14:57:14 - bot - INFO - main:initialize:57 - Database initialized
2026-06-08 14:57:14 - bot - INFO - main:initialize:62 - Cache initialized
2026-06-08 14:57:14 - bot - INFO - main:_register_handlers:101 - Handlers registered
2026-06-08 14:57:14 - bot - INFO - main:initialize:81 - Bot initialized successfully
2026-06-08 14:57:14 - bot - INFO - main:start:136 - Starting bot...
2026-06-08 14:57:15 - bot - INFO - main:start:147 - Bot started successfully
2026-06-08 14:57:15 - bot - INFO - main:start:148 - Bot username: @Esamaibot
2026-06-08 14:57:20 - bot - ERROR - main:_error_handler:109 - Update Update(message=Message(channel_chat_created=False, chat=Chat(first_name='عصام', id=1431003618, last_name='مرحب', type=<ChatType.PRIVATE>, username='Esam_Marhb'), date=datetime.datetime(2026, 6, 8, 11, 57, 20, tzinfo=datetime.timezone.utc), delete_chat_photo=False, entities=(MessageEntity(length=12, offset=0, type=<MessageEntityType.BOT_COMMAND>),), from_user=User(first_name='عصام', id=1431003618, is_bot=False, language_code='ar', last_name='مرحب', username='Esam_Marhb'), group_chat_created=False, message_id=43, supergroup_chat_created=False, text='/addsoftware'), update_id=509989716) caused error Can't parse entities: character '.' is reserved and must be escaped with the preceding '\'
Traceback (most recent call last):
  File "/data/data/com.termux/files/home/telegram-software-bot/venv/lib/python3.13/site-packages/telegram/ext/_application.py", line 1315, in process_update
    await coroutine
  File "/data/data/com.termux/files/home/telegram-software-bot/venv/lib/python3.13/site-packages/telegram/ext/_handlers/basehandler.py", line 159, in handle_update
    return await self.callback(update, context)
           ^^^^^^^^^^^^^^^^^^^^^^^^^^^^^^^^^^^^
  File "/data/data/com.termux/files/home/telegram-software-bot/handlers/admin_handlers.py", line 140, in add_software_command
    await update.message.reply_text(
    ...<7 lines>...
    )
  File "/data/data/com.termux/files/home/telegram-software-bot/venv/lib/python3.13/site-packages/telegram/_message.py", line 2106, in reply_text
    return await self.get_bot().send_message(
           ^^^^^^^^^^^^^^^^^^^^^^^^^^^^^^^^^^
    ...<21 lines>...
    )
    ^
  File "/data/data/com.termux/files/home/telegram-software-bot/venv/lib/python3.13/site-packages/telegram/ext/_extbot.py", line 3118, in send_message
    return await super().send_message(
           ^^^^^^^^^^^^^^^^^^^^^^^^^^^
    ...<23 lines>...
    )
    ^
  File "/data/data/com.termux/files/home/telegram-software-bot/venv/lib/python3.13/site-packages/telegram/_bot.py", line 1123, in send_message
    return await self._send_message(
           ^^^^^^^^^^^^^^^^^^^^^^^^^
    ...<21 lines>...
    )
    ^
  File "/data/data/com.termux/files/home/telegram-software-bot/venv/lib/python3.13/site-packages/telegram/ext/_extbot.py", line 630, in _send_message
    result = await super()._send_message(
             ^^^^^^^^^^^^^^^^^^^^^^^^^^^^
    ...<23 lines>...
    )
    ^
  File "/data/data/com.termux/files/home/telegram-software-bot/venv/lib/python3.13/site-packages/telegram/_bot.py", line 820, in _send_message
    result = await self._post(
             ^^^^^^^^^^^^^^^^^
    ...<7 lines>...
    )
    ^
  File "/data/data/com.termux/files/home/telegram-software-bot/venv/lib/python3.13/site-packages/telegram/_bot.py", line 704, in _post
    return await self._do_post(
           ^^^^^^^^^^^^^^^^^^^^
    ...<6 lines>...
    )
    ^
  File "/data/data/com.termux/files/home/telegram-software-bot/venv/lib/python3.13/site-packages/telegram/ext/_extbot.py", line 370, in _do_post
    return await super()._do_post(
           ^^^^^^^^^^^^^^^^^^^^^^^
    ...<6 lines>...
    )
    ^
  File "/data/data/com.termux/files/home/telegram-software-bot/venv/lib/python3.13/site-packages/telegram/_bot.py", line 733, in _do_post
    result = await request.post(
             ^^^^^^^^^^^^^^^^^^^
    ...<6 lines>...
    )
    ^
  File "/data/data/com.termux/files/home/telegram-software-bot/venv/lib/python3.13/site-packages/telegram/request/_baserequest.py", line 198, in post
    result = await self._request_wrapper(
             ^^^^^^^^^^^^^^^^^^^^^^^^^^^^
    ...<7 lines>...
    )
    ^
  File "/data/data/com.termux/files/home/telegram-software-bot/venv/lib/python3.13/site-packages/telegram/request/_baserequest.py", line 375, in _request_wrapper
    raise exception
telegram.error.BadRequest: Can't parse entities: character '.' is reserved and must be escaped with the preceding '\'
2026-06-08 14:57:21 - bot - ERROR - main:_error_handler:109 - Update Update(message=Message(channel_chat_created=False, chat=Chat(first_name='عصام', id=1431003618, last_name='مرحب', type=<ChatType.PRIVATE>, username='Esam_Marhb'), date=datetime.datetime(2026, 6, 8, 11, 57, 21, tzinfo=datetime.timezone.utc), delete_chat_photo=False, entities=(MessageEntity(length=8, offset=0, type=<MessageEntityType.BOT_COMMAND>),), from_user=User(first_name='عصام', id=1431003618, is_bot=False, language_code='ar', last_name='مرحب', username='Esam_Marhb'), group_chat_created=False, message_id=44, supergroup_chat_created=False, text='/reindex'), update_id=509989717) caused error Can't parse entities: character '.' is reserved and must be escaped with the preceding '\'
Traceback (most recent call last):
  File "/data/data/com.termux/files/home/telegram-software-bot/venv/lib/python3.13/site-packages/telegram/ext/_application.py", line 1315, in process_update
    await coroutine
  File "/data/data/com.termux/files/home/telegram-software-bot/venv/lib/python3.13/site-packages/telegram/ext/_handlers/basehandler.py", line 159, in handle_update
    return await self.callback(update, context)
           ^^^^^^^^^^^^^^^^^^^^^^^^^^^^^^^^^^^^
  File "/data/data/com.termux/files/home/telegram-software-bot/handlers/admin_handlers.py", line 403, in reindex_command
    await update.message.reply_text("🔄 *جاري إعادة الفهرسة...*")
  File "/data/data/com.termux/files/home/telegram-software-bot/venv/lib/python3.13/site-packages/telegram/_message.py", line 2106, in reply_text
    return await self.get_bot().send_message(
           ^^^^^^^^^^^^^^^^^^^^^^^^^^^^^^^^^^
    ...<21 lines>...
    )
    ^
  File "/data/data/com.termux/files/home/telegram-software-bot/venv/lib/python3.13/site-packages/telegram/ext/_extbot.py", line 3118, in send_message
    return await super().send_message(
           ^^^^^^^^^^^^^^^^^^^^^^^^^^^
    ...<23 lines>...
    )
    ^
  File "/data/data/com.termux/files/home/telegram-software-bot/venv/lib/python3.13/site-packages/telegram/_bot.py", line 1123, in send_message
    return await self._send_message(
           ^^^^^^^^^^^^^^^^^^^^^^^^^
    ...<21 lines>...
    )
    ^
  File "/data/data/com.termux/files/home/telegram-software-bot/venv/lib/python3.13/site-packages/telegram/ext/_extbot.py", line 630, in _send_message
    result = await super()._send_message(
             ^^^^^^^^^^^^^^^^^^^^^^^^^^^^
    ...<23 lines>...
    )
    ^
  File "/data/data/com.termux/files/home/telegram-software-bot/venv/lib/python3.13/site-packages/telegram/_bot.py", line 820, in _send_message
    result = await self._post(
             ^^^^^^^^^^^^^^^^^
    ...<7 lines>...
    )
    ^
  File "/data/data/com.termux/files/home/telegram-software-bot/venv/lib/python3.13/site-packages/telegram/_bot.py", line 704, in _post
    return await self._do_post(
           ^^^^^^^^^^^^^^^^^^^^
    ...<6 lines>...
    )
    ^
  File "/data/data/com.termux/files/home/telegram-software-bot/venv/lib/python3.13/site-packages/telegram/ext/_extbot.py", line 370, in _do_post
    return await super()._do_post(
           ^^^^^^^^^^^^^^^^^^^^^^^
    ...<6 lines>...
    )
    ^
  File "/data/data/com.termux/files/home/telegram-software-bot/venv/lib/python3.13/site-packages/telegram/_bot.py", line 733, in _do_post
    result = await request.post(
             ^^^^^^^^^^^^^^^^^^^
    ...<6 lines>...
    )
    ^
  File "/data/data/com.termux/files/home/telegram-software-bot/venv/lib/python3.13/site-packages/telegram/request/_baserequest.py", line 198, in post
    result = await self._request_wrapper(
             ^^^^^^^^^^^^^^^^^^^^^^^^^^^^
    ...<7 lines>...
    )
    ^
  File "/data/data/com.termux/files/home/telegram-software-bot/venv/lib/python3.13/site-packages/telegram/request/_baserequest.py", line 375, in _request_wrapper
    raise exception
telegram.error.BadRequest: Can't parse entities: character '.' is reserved and must be escaped with the preceding '\'
2026-06-08 14:57:38 - bot - ERROR - main:_error_handler:109 - Update Update(message=Message(channel_chat_created=False, chat=Chat(first_name='عصام', id=1431003618, last_name='مرحب', type=<ChatType.PRIVATE>, username='Esam_Marhb'), date=datetime.datetime(2026, 6, 8, 11, 57, 39, tzinfo=datetime.timezone.utc), delete_chat_photo=False, from_user=User(first_name='عصام', id=1431003618, is_bot=False, language_code='ar', last_name='مرحب', username='Esam_Marhb'), group_chat_created=False, message_id=49, supergroup_chat_created=False, text='Chrome'), update_id=509989720) caused error Can't parse entities: character '.' is reserved and must be escaped with the preceding '\'
Traceback (most recent call last):
  File "/data/data/com.termux/files/home/telegram-software-bot/venv/lib/python3.13/site-packages/telegram/ext/_application.py", line 1315, in process_update
    await coroutine
  File "/data/data/com.termux/files/home/telegram-software-bot/venv/lib/python3.13/site-packages/telegram/ext/_handlers/basehandler.py", line 159, in handle_update
    return await self.callback(update, context)
           ^^^^^^^^^^^^^^^^^^^^^^^^^^^^^^^^^^^^
  File "/data/data/com.termux/files/home/telegram-software-bot/handlers/user_handlers.py", line 209, in handle_message
    await self._perform_search(
        update, context, sanitized_text, user.id
    )
  File "/data/data/com.termux/files/home/telegram-software-bot/handlers/user_handlers.py", line 253, in _perform_search
    searching_msg = await update.message.reply_text(
                    ^^^^^^^^^^^^^^^^^^^^^^^^^^^^^^^^
    ...<2 lines>...
    )
    ^
  File "/data/data/com.termux/files/home/telegram-software-bot/venv/lib/python3.13/site-packages/telegram/_message.py", line 2106, in reply_text
    return await self.get_bot().send_message(
           ^^^^^^^^^^^^^^^^^^^^^^^^^^^^^^^^^^
    ...<21 lines>...
    )
    ^
  File "/data/data/com.termux/files/home/telegram-software-bot/venv/lib/python3.13/site-packages/telegram/ext/_extbot.py", line 3118, in send_message
    return await super().send_message(
           ^^^^^^^^^^^^^^^^^^^^^^^^^^^
    ...<23 lines>...
    )
    ^
  File "/data/data/com.termux/files/home/telegram-software-bot/venv/lib/python3.13/site-packages/telegram/_bot.py", line 1123, in send_message
    return await self._send_message(
           ^^^^^^^^^^^^^^^^^^^^^^^^^
    ...<21 lines>...
    )
    ^
  File "/data/data/com.termux/files/home/telegram-software-bot/venv/lib/python3.13/site-packages/telegram/ext/_extbot.py", line 630, in _send_message
    result = await super()._send_message(
             ^^^^^^^^^^^^^^^^^^^^^^^^^^^^
    ...<23 lines>...
    )
    ^
  File "/data/data/com.termux/files/home/telegram-software-bot/venv/lib/python3.13/site-packages/telegram/_bot.py", line 820, in _send_message
    result = await self._post(
             ^^^^^^^^^^^^^^^^^
    ...<7 lines>...
    )
    ^
  File "/data/data/com.termux/files/home/telegram-software-bot/venv/lib/python3.13/site-packages/telegram/_bot.py", line 704, in _post
    return await self._do_post(
           ^^^^^^^^^^^^^^^^^^^^
    ...<6 lines>...
    )
    ^
  File "/data/data/com.termux/files/home/telegram-software-bot/venv/lib/python3.13/site-packages/telegram/ext/_extbot.py", line 370, in _do_post
    return await super()._do_post(
           ^^^^^^^^^^^^^^^^^^^^^^^
    ...<6 lines>...
    )
    ^
  File "/data/data/com.termux/files/home/telegram-software-bot/venv/lib/python3.13/site-packages/telegram/_bot.py", line 733, in _do_post
    result = await request.post(
             ^^^^^^^^^^^^^^^^^^^
    ...<6 lines>...
    )
    ^
  File "/data/data/com.termux/files/home/telegram-software-bot/venv/lib/python3.13/site-packages/telegram/request/_baserequest.py", line 198, in post
    result = await self._request_wrapper(
             ^^^^^^^^^^^^^^^^^^^^^^^^^^^^
    ...<7 lines>...
    )
    ^
  File "/data/data/com.termux/files/home/telegram-software-bot/venv/lib/python3.13/site-packages/telegram/request/_baserequest.py", line 375, in _request_wrapper
    raise exception
telegram.error.BadRequest: Can't parse entities: character '.' is reserved and must be escaped with the preceding '\'
2026-06-08 14:57:53 - bot - ERROR - main:_error_handler:109 - Update Update(message=Message(channel_chat_created=False, chat=Chat(first_name='عصام', id=1431003618, last_name='مرحب', type=<ChatType.PRIVATE>, username='Esam_Marhb'), date=datetime.datetime(2026, 6, 8, 11, 57, 52, tzinfo=datetime.timezone.utc), delete_chat_photo=False, entities=(MessageEntity(length=24, offset=0, type=<MessageEntityType.URL>),), from_user=User(first_name='عصام', id=1431003618, is_bot=False, language_code='ar', last_name='مرحب', username='Esam_Marhb'), group_chat_created=False, message_id=50, supergroup_chat_created=False, text='project-nomad-1.32.1.zip'), update_id=509989721) caused error Can't parse entities: character '.' is reserved and must be escaped with the preceding '\'
Traceback (most recent call last):
  File "/data/data/com.termux/files/home/telegram-software-bot/venv/lib/python3.13/site-packages/telegram/ext/_application.py", line 1315, in process_update
    await coroutine
  File "/data/data/com.termux/files/home/telegram-software-bot/venv/lib/python3.13/site-packages/telegram/ext/_handlers/basehandler.py", line 159, in handle_update
    return await self.callback(update, context)
           ^^^^^^^^^^^^^^^^^^^^^^^^^^^^^^^^^^^^
  File "/data/data/com.termux/files/home/telegram-software-bot/handlers/user_handlers.py", line 209, in handle_message
    await self._perform_search(
        update, context, sanitized_text, user.id
    )
  File "/data/data/com.termux/files/home/telegram-software-bot/handlers/user_handlers.py", line 253, in _perform_search
    searching_msg = await update.message.reply_text(
                    ^^^^^^^^^^^^^^^^^^^^^^^^^^^^^^^^
    ...<2 lines>...
    )
    ^
  File "/data/data/com.termux/files/home/telegram-software-bot/venv/lib/python3.13/site-packages/telegram/_message.py", line 2106, in reply_text
    return await self.get_bot().send_message(
           ^^^^^^^^^^^^^^^^^^^^^^^^^^^^^^^^^^
    ...<21 lines>...
    )
    ^
  File "/data/data/com.termux/files/home/telegram-software-bot/venv/lib/python3.13/site-packages/telegram/ext/_extbot.py", line 3118, in send_message
    return await super().send_message(
           ^^^^^^^^^^^^^^^^^^^^^^^^^^^
    ...<23 lines>...
    )
    ^
  File "/data/data/com.termux/files/home/telegram-software-bot/venv/lib/python3.13/site-packages/telegram/_bot.py", line 1123, in send_message
    return await self._send_message(
           ^^^^^^^^^^^^^^^^^^^^^^^^^
    ...<21 lines>...
    )
    ^
  File "/data/data/com.termux/files/home/telegram-software-bot/venv/lib/python3.13/site-packages/telegram/ext/_extbot.py", line 630, in _send_message
    result = await super()._send_message(
             ^^^^^^^^^^^^^^^^^^^^^^^^^^^^
    ...<23 lines>...
    )
    ^
  File "/data/data/com.termux/files/home/telegram-software-bot/venv/lib/python3.13/site-packages/telegram/_bot.py", line 820, in _send_message
    result = await self._post(
             ^^^^^^^^^^^^^^^^^
    ...<7 lines>...
    )
    ^
  File "/data/data/com.termux/files/home/telegram-software-bot/venv/lib/python3.13/site-packages/telegram/_bot.py", line 704, in _post
    return await self._do_post(
           ^^^^^^^^^^^^^^^^^^^^
    ...<6 lines>...
    )
    ^
  File "/data/data/com.termux/files/home/telegram-software-bot/venv/lib/python3.13/site-packages/telegram/ext/_extbot.py", line 370, in _do_post
    return await super()._do_post(
           ^^^^^^^^^^^^^^^^^^^^^^^
    ...<6 lines>...
    )
    ^
  File "/data/data/com.termux/files/home/telegram-software-bot/venv/lib/python3.13/site-packages/telegram/_bot.py", line 733, in _do_post
    result = await request.post(
             ^^^^^^^^^^^^^^^^^^^
    ...<6 lines>...
    )
    ^
  File "/data/data/com.termux/files/home/telegram-software-bot/venv/lib/python3.13/site-packages/telegram/request/_baserequest.py", line 198, in post
    result = await self._request_wrapper(
             ^^^^^^^^^^^^^^^^^^^^^^^^^^^^
    ...<7 lines>...
    )
    ^
  File "/data/data/com.termux/files/home/telegram-software-bot/venv/lib/python3.13/site-packages/telegram/request/_baserequest.py", line 375, in _request_wrapper
    raise exception
telegram.error.BadRequest: Can't parse entities: character '.' is reserved and must be escaped with the preceding '\'
2026-06-08 14:57:53 - bot - ERROR - main:_error_handler:109 - Update Update(message=Message(channel_chat_created=False, chat=Chat(first_name='عصام', id=1431003618, last_name='مرحب', type=<ChatType.PRIVATE>, username='Esam_Marhb'), date=datetime.datetime(2026, 6, 8, 11, 57, 52, tzinfo=datetime.timezone.utc), delete_chat_photo=False, entities=(MessageEntity(length=24, offset=0, type=<MessageEntityType.URL>),), from_user=User(first_name='عصام', id=1431003618, is_bot=False, language_code='ar', last_name='مرحب', username='Esam_Marhb'), group_chat_created=False, message_id=50, supergroup_chat_created=False, text='project-nomad-1.32.1.zip'), update_id=509989721) caused error Can't parse entities: character '.' is reserved and must be escaped with the preceding '\'
Traceback (most recent call last):
  File "/data/data/com.termux/files/home/telegram-software-bot/venv/lib/python3.13/site-packages/telegram/ext/_application.py", line 1315, in process_update
    await coroutine
  File "/data/data/com.termux/files/home/telegram-software-bot/venv/lib/python3.13/site-packages/telegram/ext/_handlers/basehandler.py", line 159, in handle_update
    return await self.callback(update, context)
           ^^^^^^^^^^^^^^^^^^^^^^^^^^^^^^^^^^^^
  File "/data/data/com.termux/files/home/telegram-software-bot/handlers/user_handlers.py", line 209, in handle_message
    await self._perform_search(
        update, context, sanitized_text, user.id
    )
  File "/data/data/com.termux/files/home/telegram-software-bot/handlers/user_handlers.py", line 253, in _perform_search
    searching_msg = await update.message.reply_text(
                    ^^^^^^^^^^^^^^^^^^^^^^^^^^^^^^^^
    ...<2 lines>...
    )
    ^
  File "/data/data/com.termux/files/home/telegram-software-bot/venv/lib/python3.13/site-packages/telegram/_message.py", line 2106, in reply_text
    return await self.get_bot().send_message(
           ^^^^^^^^^^^^^^^^^^^^^^^^^^^^^^^^^^
    ...<21 lines>...
    )
    ^
  File "/data/data/com.termux/files/home/telegram-software-bot/venv/lib/python3.13/site-packages/telegram/ext/_extbot.py", line 3118, in send_message
    return await super().send_message(
           ^^^^^^^^^^^^^^^^^^^^^^^^^^^
    ...<23 lines>...
    )
    ^
  File "/data/data/com.termux/files/home/telegram-software-bot/venv/lib/python3.13/site-packages/telegram/_bot.py", line 1123, in send_message
    return await self._send_message(
           ^^^^^^^^^^^^^^^^^^^^^^^^^
    ...<21 lines>...
    )
    ^
  File "/data/data/com.termux/files/home/telegram-software-bot/venv/lib/python3.13/site-packages/telegram/ext/_extbot.py", line 630, in _send_message
    result = await super()._send_message(
             ^^^^^^^^^^^^^^^^^^^^^^^^^^^^
    ...<23 lines>...
    )
    ^
  File "/data/data/com.termux/files/home/telegram-software-bot/venv/lib/python3.13/site-packages/telegram/_bot.py", line 820, in _send_message
    result = await self._post(
             ^^^^^^^^^^^^^^^^^
    ...<7 lines>...
    )
    ^
  File "/data/data/com.termux/files/home/telegram-software-bot/venv/lib/python3.13/site-packages/telegram/_bot.py", line 704, in _post
    return await self._do_post(
           ^^^^^^^^^^^^^^^^^^^^
    ...<6 lines>...
    )
    ^
  File "/data/data/com.termux/files/home/telegram-software-bot/venv/lib/python3.13/site-packages/telegram/ext/_extbot.py", line 370, in _do_post
    return await super()._do_post(
           ^^^^^^^^^^^^^^^^^^^^^^^
    ...<6 lines>...
    )
    ^
  File "/data/data/com.termux/files/home/telegram-software-bot/venv/lib/python3.13/site-packages/telegram/_bot.py", line 733, in _do_post
    result = await request.post(
             ^^^^^^^^^^^^^^^^^^^
    ...<6 lines>...
    )
    ^
  File "/data/data/com.termux/files/home/telegram-software-bot/venv/lib/python3.13/site-packages/telegram/request/_baserequest.py", line 198, in post
    result = await self._request_wrapper(
             ^^^^^^^^^^^^^^^^^^^^^^^^^^^^
    ...<7 lines>...
    )
    ^
  File "/data/data/com.termux/files/home/telegram-software-bot/venv/lib/python3.13/site-packages/telegram/request/_baserequest.py", line 375, in _request_wrapper
    raise exception
telegram.error.BadRequest: Can't parse entities: character '.' is reserved and must be escaped with the preceding '\'
2026-06-08 14:58:11 - bot - ERROR - main:_error_handler:109 - Update Update(message=Message(channel_chat_created=False, chat=Chat(first_name='عصام', id=1431003618, last_name='مرحب', type=<ChatType.PRIVATE>, username='Esam_Marhb'), date=datetime.datetime(2026, 6, 8, 11, 58, 11, tzinfo=datetime.timezone.utc), delete_chat_photo=False, entities=(MessageEntity(length=7, offset=0, type=<MessageEntityType.BOT_COMMAND>),), from_user=User(first_name='عصام', id=1431003618, is_bot=False, language_code='ar', last_name='مرحب', username='Esam_Marhb'), group_chat_created=False, message_id=53, supergroup_chat_created=False, text='/search Chrome'), update_id=509989723) caused error Can't parse entities: character '.' is reserved and must be escaped with the preceding '\'
Traceback (most recent call last):
  File "/data/data/com.termux/files/home/telegram-software-bot/venv/lib/python3.13/site-packages/telegram/ext/_application.py", line 1315, in process_update
    await coroutine
  File "/data/data/com.termux/files/home/telegram-software-bot/venv/lib/python3.13/site-packages/telegram/ext/_handlers/basehandler.py", line 159, in handle_update
    return await self.callback(update, context)
           ^^^^^^^^^^^^^^^^^^^^^^^^^^^^^^^^^^^^
  File "/data/data/com.termux/files/home/telegram-software-bot/handlers/user_handlers.py", line 232, in search_command
    await self._perform_search(
        update, context, sanitized_query, update.effective_user.id
    )
  File "/data/data/com.termux/files/home/telegram-software-bot/handlers/user_handlers.py", line 253, in _perform_search
    searching_msg = await update.message.reply_text(
                    ^^^^^^^^^^^^^^^^^^^^^^^^^^^^^^^^
    ...<2 lines>...
    )
    ^
  File "/data/data/com.termux/files/home/telegram-software-bot/venv/lib/python3.13/site-packages/telegram/_message.py", line 2106, in reply_text
    return await self.get_bot().send_message(
           ^^^^^^^^^^^^^^^^^^^^^^^^^^^^^^^^^^
    ...<21 lines>...
    )
    ^
  File "/data/data/com.termux/files/home/telegram-software-bot/venv/lib/python3.13/site-packages/telegram/ext/_extbot.py", line 3118, in send_message
    return await super().send_message(
           ^^^^^^^^^^^^^^^^^^^^^^^^^^^
    ...<23 lines>...
    )
    ^
  File "/data/data/com.termux/files/home/telegram-software-bot/venv/lib/python3.13/site-packages/telegram/_bot.py", line 1123, in send_message
    return await self._send_message(
           ^^^^^^^^^^^^^^^^^^^^^^^^^
    ...<21 lines>...
    )
    ^
  File "/data/data/com.termux/files/home/telegram-software-bot/venv/lib/python3.13/site-packages/telegram/ext/_extbot.py", line 630, in _send_message
    result = await super()._send_message(
             ^^^^^^^^^^^^^^^^^^^^^^^^^^^^
    ...<23 lines>...
    )
    ^
  File "/data/data/com.termux/files/home/telegram-software-bot/venv/lib/python3.13/site-packages/telegram/_bot.py", line 820, in _send_message
    result = await self._post(
             ^^^^^^^^^^^^^^^^^
    ...<7 lines>...
    )
    ^
  File "/data/data/com.termux/files/home/telegram-software-bot/venv/lib/python3.13/site-packages/telegram/_bot.py", line 704, in _post
    return await self._do_post(
           ^^^^^^^^^^^^^^^^^^^^
    ...<6 lines>...
    )
    ^
  File "/data/data/com.termux/files/home/telegram-software-bot/venv/lib/python3.13/site-packages/telegram/ext/_extbot.py", line 370, in _do_post
    return await super()._do_post(
           ^^^^^^^^^^^^^^^^^^^^^^^
    ...<6 lines>...
    )
    ^
  File "/data/data/com.termux/files/home/telegram-software-bot/venv/lib/python3.13/site-packages/telegram/_bot.py", line 733, in _do_post
    result = await request.post(
             ^^^^^^^^^^^^^^^^^^^
    ...<6 lines>...
    )
    ^
  File "/data/data/com.termux/files/home/telegram-software-bot/venv/lib/python3.13/site-packages/telegram/request/_baserequest.py", line 198, in post
    result = await self._request_wrapper(
             ^^^^^^^^^^^^^^^^^^^^^^^^^^^^
    ...<7 lines>...
    )
    ^
  File "/data/data/com.termux/files/home/telegram-software-bot/venv/lib/python3.13/site-packages/telegram/request/_baserequest.py", line 375, in _request_wrapper
    raise exception
telegram.error.BadRequest: Can't parse entities: character '.' is reserved and must be escaped with the preceding '\'
2026-06-08 14:59:39 - bot - INFO - main:stop:166 - Stopping bot...
2026-06-08 14:59:40 - bot - INFO - main:stop:182 - Bot stopped successfully
2026-06-08 15:00:49 - bot - ERROR - main:_error_handler:109 - Update Update(callback_query=CallbackQuery(chat_instance='2687171661052618728', data='admin_software', from_user=User(first_name='عصام', id=1431003618, is_bot=False, language_code='ar', last_name='مرحب', username='Esam_Marhb'), id='6146113741709547476', message=Message(channel_chat_created=False, chat=Chat(first_name='عصام', id=1431003618, last_name='مرحب', type=<ChatType.PRIVATE>, username='Esam_Marhb'), date=datetime.datetime(2026, 6, 8, 12, 0, 46, tzinfo=datetime.timezone.utc), delete_chat_photo=False, entities=(MessageEntity(length=11, offset=3, type=<MessageEntityType.BOLD>), MessageEntity(length=11, offset=19, type=<MessageEntityType.BOLD>), MessageEntity(length=8, offset=87, type=<MessageEntityType.BOLD>), MessageEntity(length=7, offset=114, type=<MessageEntityType.BOLD>)), from_user=User(first_name='مكتبة عصام التقنية', id=8822102096, is_bot=True, username='Esamaibot'), group_chat_created=False, message_id=57, reply_markup=InlineKeyboardMarkup(inline_keyboard=((InlineKeyboardButton(callback_data='admin_software', text='📋 إدارة البرامج'), InlineKeyboardButton(callback_data='admin_users', text='👥 إدارة المستخدمين')), (InlineKeyboardButton(callback_data='admin_stats', text='📊 إحصائيات'), InlineKeyboardButton(callback_data='admin_broadcast', text='📢 إرسال جماعي')), (InlineKeyboardButton(callback_data='admin_backup', text='💾 نسخ احتياطي'), InlineKeyboardButton(callback_data='admin_maintenance', text='🔧 صيانة')), (InlineKeyboardButton(callback_data='admin_reindex', text='🔄 إعادة فهرسة'), InlineKeyboardButton(callback_data='admin_settings', text='⚙️ الإعدادات')))), supergroup_chat_created=False, text='📊 لوحة التحكم\n\n👥 المستخدمين:\n• الإجمالي: 1\n• النشطون اليوم: 1\n• النشطون الشهر: 1\n\n📦 البرامج:\n• الإجمالي: 0\n\n📈 النشاط:\n• إجمالي البحث: 0\n• بحث اليوم: 0\n• إجمالي التحميل: 0\n• تحميل اليوم: 0')), update_id=509989726) caused error CallbackHandlers.handle_callback() missing 1 required positional argument: 'context'
Traceback (most recent call last):
  File "/data/data/com.termux/files/home/telegram-software-bot/venv/lib/python3.13/site-packages/telegram/ext/_application.py", line 1315, in process_update
    await coroutine
  File "/data/data/com.termux/files/home/telegram-software-bot/venv/lib/python3.13/site-packages/telegram/ext/_handlers/basehandler.py", line 159, in handle_update
    return await self.callback(update, context)
                 ~~~~~~~~~~~~~^^^^^^^^^^^^^^^^^
TypeError: CallbackHandlers.handle_callback() missing 1 required positional argument: 'context'
2026-06-08 15:01:09 - bot - INFO - main:initialize:52 - Initializing bot components...
2026-06-08 15:01:09 - bot - INFO - main:initialize:57 - Database initialized
2026-06-08 15:01:09 - bot - INFO - main:initialize:62 - Cache initialized
2026-06-08 15:01:10 - bot - INFO - main:_register_handlers:101 - Handlers registered
2026-06-08 15:01:10 - bot - INFO - main:initialize:81 - Bot initialized successfully
2026-06-08 15:01:10 - bot - INFO - main:start:136 - Starting bot...
2026-06-08 15:01:10 - bot - INFO - main:start:147 - Bot started successfully
2026-06-08 15:01:11 - bot - INFO - main:start:148 - Bot username: @Esamaibot
2026-06-08 15:01:14 - bot - ERROR - main:_error_handler:109 - Update Update(callback_query=CallbackQuery(chat_instance='2687171661052618728', data='admin_software', from_user=User(first_name='عصام', id=1431003618, is_bot=False, language_code='ar', last_name='مرحب', username='Esam_Marhb'), id='6146113740805944621', message=Message(channel_chat_created=False, chat=Chat(first_name='عصام', id=1431003618, last_name='مرحب', type=<ChatType.PRIVATE>, username='Esam_Marhb'), date=datetime.datetime(2026, 6, 8, 12, 0, 46, tzinfo=datetime.timezone.utc), delete_chat_photo=False, entities=(MessageEntity(length=11, offset=3, type=<MessageEntityType.BOLD>), MessageEntity(length=11, offset=19, type=<MessageEntityType.BOLD>), MessageEntity(length=8, offset=87, type=<MessageEntityType.BOLD>), MessageEntity(length=7, offset=114, type=<MessageEntityType.BOLD>)), from_user=User(first_name='مكتبة عصام التقنية', id=8822102096, is_bot=True, username='Esamaibot'), group_chat_created=False, message_id=57, reply_markup=InlineKeyboardMarkup(inline_keyboard=((InlineKeyboardButton(callback_data='admin_software', text='📋 إدارة البرامج'), InlineKeyboardButton(callback_data='admin_users', text='👥 إدارة المستخدمين')), (InlineKeyboardButton(callback_data='admin_stats', text='📊 إحصائيات'), InlineKeyboardButton(callback_data='admin_broadcast', text='📢 إرسال جماعي')), (InlineKeyboardButton(callback_data='admin_backup', text='💾 نسخ احتياطي'), InlineKeyboardButton(callback_data='admin_maintenance', text='🔧 صيانة')), (InlineKeyboardButton(callback_data='admin_reindex', text='🔄 إعادة فهرسة'), InlineKeyboardButton(callback_data='admin_settings', text='⚙️ الإعدادات')))), supergroup_chat_created=False, text='📊 لوحة التحكم\n\n👥 المستخدمين:\n• الإجمالي: 1\n• النشطون اليوم: 1\n• النشطون الشهر: 1\n\n📦 البرامج:\n• الإجمالي: 0\n\n📈 النشاط:\n• إجمالي البحث: 0\n• بحث اليوم: 0\n• إجمالي التحميل: 0\n• تحميل اليوم: 0')), update_id=509989727) caused error CallbackHandlers.handle_callback() missing 1 required positional argument: 'context'
Traceback (most recent call last):
  File "/data/data/com.termux/files/home/telegram-software-bot/venv/lib/python3.13/site-packages/telegram/ext/_application.py", line 1315, in process_update
    await coroutine
  File "/data/data/com.termux/files/home/telegram-software-bot/venv/lib/python3.13/site-packages/telegram/ext/_handlers/basehandler.py", line 159, in handle_update
    return await self.callback(update, context)
                 ~~~~~~~~~~~~~^^^^^^^^^^^^^^^^^
TypeError: CallbackHandlers.handle_callback() missing 1 required positional argument: 'context'
2026-06-08 15:01:22 - bot - ERROR - main:_error_handler:109 - Update Update(message=Message(channel_chat_created=False, chat=Chat(first_name='عصام', id=1431003618, last_name='مرحب', type=<ChatType.PRIVATE>, username='Esam_Marhb'), date=datetime.datetime(2026, 6, 8, 12, 1, 22, tzinfo=datetime.timezone.utc), delete_chat_photo=False, entities=(MessageEntity(length=8, offset=0, type=<MessageEntityType.BOT_COMMAND>),), from_user=User(first_name='عصام', id=1431003618, is_bot=False, language_code='ar', last_name='مرحب', username='Esam_Marhb'), group_chat_created=False, message_id=58, supergroup_chat_created=False, text='/reindex'), update_id=509989728) caused error Can't parse entities: character '.' is reserved and must be escaped with the preceding '\'
Traceback (most recent call last):
  File "/data/data/com.termux/files/home/telegram-software-bot/venv/lib/python3.13/site-packages/telegram/ext/_application.py", line 1315, in process_update
    await coroutine
  File "/data/data/com.termux/files/home/telegram-software-bot/venv/lib/python3.13/site-packages/telegram/ext/_handlers/basehandler.py", line 159, in handle_update
    return await self.callback(update, context)
           ^^^^^^^^^^^^^^^^^^^^^^^^^^^^^^^^^^^^
  File "/data/data/com.termux/files/home/telegram-software-bot/handlers/admin_handlers.py", line 403, in reindex_command
    await update.message.reply_text("🔄 *جاري إعادة الفهرسة...*")
  File "/data/data/com.termux/files/home/telegram-software-bot/venv/lib/python3.13/site-packages/telegram/_message.py", line 2106, in reply_text
    return await self.get_bot().send_message(
           ^^^^^^^^^^^^^^^^^^^^^^^^^^^^^^^^^^
    ...<21 lines>...
    )
    ^
  File "/data/data/com.termux/files/home/telegram-software-bot/venv/lib/python3.13/site-packages/telegram/ext/_extbot.py", line 3118, in send_message
    return await super().send_message(
           ^^^^^^^^^^^^^^^^^^^^^^^^^^^
    ...<23 lines>...
    )
    ^
  File "/data/data/com.termux/files/home/telegram-software-bot/venv/lib/python3.13/site-packages/telegram/_bot.py", line 1123, in send_message
    return await self._send_message(
           ^^^^^^^^^^^^^^^^^^^^^^^^^
    ...<21 lines>...
    )
    ^
  File "/data/data/com.termux/files/home/telegram-software-bot/venv/lib/python3.13/site-packages/telegram/ext/_extbot.py", line 630, in _send_message
    result = await super()._send_message(
             ^^^^^^^^^^^^^^^^^^^^^^^^^^^^
    ...<23 lines>...
    )
    ^
  File "/data/data/com.termux/files/home/telegram-software-bot/venv/lib/python3.13/site-packages/telegram/_bot.py", line 820, in _send_message
    result = await self._post(
             ^^^^^^^^^^^^^^^^^
    ...<7 lines>...
    )
    ^
  File "/data/data/com.termux/files/home/telegram-software-bot/venv/lib/python3.13/site-packages/telegram/_bot.py", line 704, in _post
    return await self._do_post(
           ^^^^^^^^^^^^^^^^^^^^
    ...<6 lines>...
    )
    ^
  File "/data/data/com.termux/files/home/telegram-software-bot/venv/lib/python3.13/site-packages/telegram/ext/_extbot.py", line 370, in _do_post
    return await super()._do_post(
           ^^^^^^^^^^^^^^^^^^^^^^^
    ...<6 lines>...
    )
    ^
  File "/data/data/com.termux/files/home/telegram-software-bot/venv/lib/python3.13/site-packages/telegram/_bot.py", line 733, in _do_post
    result = await request.post(
             ^^^^^^^^^^^^^^^^^^^
    ...<6 lines>...
    )
    ^
  File "/data/data/com.termux/files/home/telegram-software-bot/venv/lib/python3.13/site-packages/telegram/request/_baserequest.py", line 198, in post
    result = await self._request_wrapper(
             ^^^^^^^^^^^^^^^^^^^^^^^^^^^^
    ...<7 lines>...
    )
    ^
  File "/data/data/com.termux/files/home/telegram-software-bot/venv/lib/python3.13/site-packages/telegram/request/_baserequest.py", line 375, in _request_wrapper
    raise exception
telegram.error.BadRequest: Can't parse entities: character '.' is reserved and must be escaped with the preceding '\'
2026-06-08 15:01:27 - bot - ERROR - main:_error_handler:109 - Update Update(message=Message(channel_chat_created=False, chat=Chat(first_name='عصام', id=1431003618, last_name='مرحب', type=<ChatType.PRIVATE>, username='Esam_Marhb'), date=datetime.datetime(2026, 6, 8, 12, 1, 27, tzinfo=datetime.timezone.utc), delete_chat_photo=False, entities=(MessageEntity(length=12, offset=0, type=<MessageEntityType.BOT_COMMAND>),), from_user=User(first_name='عصام', id=1431003618, is_bot=False, language_code='ar', last_name='مرحب', username='Esam_Marhb'), group_chat_created=False, message_id=59, supergroup_chat_created=False, text='/addsoftware'), update_id=509989729) caused error Can't parse entities: character '.' is reserved and must be escaped with the preceding '\'
Traceback (most recent call last):
  File "/data/data/com.termux/files/home/telegram-software-bot/venv/lib/python3.13/site-packages/telegram/ext/_application.py", line 1315, in process_update
    await coroutine
  File "/data/data/com.termux/files/home/telegram-software-bot/venv/lib/python3.13/site-packages/telegram/ext/_handlers/basehandler.py", line 159, in handle_update
    return await self.callback(update, context)
           ^^^^^^^^^^^^^^^^^^^^^^^^^^^^^^^^^^^^
  File "/data/data/com.termux/files/home/telegram-software-bot/handlers/admin_handlers.py", line 140, in add_software_command
    await update.message.reply_text(
    ...<7 lines>...
    )
  File "/data/data/com.termux/files/home/telegram-software-bot/venv/lib/python3.13/site-packages/telegram/_message.py", line 2106, in reply_text
    return await self.get_bot().send_message(
           ^^^^^^^^^^^^^^^^^^^^^^^^^^^^^^^^^^
    ...<21 lines>...
    )
    ^
  File "/data/data/com.termux/files/home/telegram-software-bot/venv/lib/python3.13/site-packages/telegram/ext/_extbot.py", line 3118, in send_message
    return await super().send_message(
           ^^^^^^^^^^^^^^^^^^^^^^^^^^^
    ...<23 lines>...
    )
    ^
  File "/data/data/com.termux/files/home/telegram-software-bot/venv/lib/python3.13/site-packages/telegram/_bot.py", line 1123, in send_message
    return await self._send_message(
           ^^^^^^^^^^^^^^^^^^^^^^^^^
    ...<21 lines>...
    )
    ^
  File "/data/data/com.termux/files/home/telegram-software-bot/venv/lib/python3.13/site-packages/telegram/ext/_extbot.py", line 630, in _send_message
    result = await super()._send_message(
             ^^^^^^^^^^^^^^^^^^^^^^^^^^^^
    ...<23 lines>...
    )
    ^
  File "/data/data/com.termux/files/home/telegram-software-bot/venv/lib/python3.13/site-packages/telegram/_bot.py", line 820, in _send_message
    result = await self._post(
             ^^^^^^^^^^^^^^^^^
    ...<7 lines>...
    )
    ^
  File "/data/data/com.termux/files/home/telegram-software-bot/venv/lib/python3.13/site-packages/telegram/_bot.py", line 704, in _post
    return await self._do_post(
           ^^^^^^^^^^^^^^^^^^^^
    ...<6 lines>...
    )
    ^
  File "/data/data/com.termux/files/home/telegram-software-bot/venv/lib/python3.13/site-packages/telegram/ext/_extbot.py", line 370, in _do_post
    return await super()._do_post(
           ^^^^^^^^^^^^^^^^^^^^^^^
    ...<6 lines>...
    )
    ^
  File "/data/data/com.termux/files/home/telegram-software-bot/venv/lib/python3.13/site-packages/telegram/_bot.py", line 733, in _do_post
    result = await request.post(
             ^^^^^^^^^^^^^^^^^^^
    ...<6 lines>...
    )
    ^
  File "/data/data/com.termux/files/home/telegram-software-bot/venv/lib/python3.13/site-packages/telegram/request/_baserequest.py", line 198, in post
    result = await self._request_wrapper(
             ^^^^^^^^^^^^^^^^^^^^^^^^^^^^
    ...<7 lines>...
    )
    ^
  File "/data/data/com.termux/files/home/telegram-software-bot/venv/lib/python3.13/site-packages/telegram/request/_baserequest.py", line 375, in _request_wrapper
    raise exception
telegram.error.BadRequest: Can't parse entities: character '.' is reserved and must be escaped with the preceding '\'
2026-06-08 15:01:31 - bot - ERROR - main:_error_handler:109 - Update Update(callback_query=CallbackQuery(chat_instance='2687171661052618728', data='admin_software', from_user=User(first_name='عصام', id=1431003618, is_bot=False, language_code='ar', last_name='مرحب', username='Esam_Marhb'), id='6146113741634035210', message=Message(channel_chat_created=False, chat=Chat(first_name='عصام', id=1431003618, last_name='مرحب', type=<ChatType.PRIVATE>, username='Esam_Marhb'), date=datetime.datetime(2026, 6, 8, 12, 1, 30, tzinfo=datetime.timezone.utc), delete_chat_photo=False, entities=(MessageEntity(length=11, offset=3, type=<MessageEntityType.BOLD>), MessageEntity(length=11, offset=19, type=<MessageEntityType.BOLD>), MessageEntity(length=8, offset=87, type=<MessageEntityType.BOLD>), MessageEntity(length=7, offset=114, type=<MessageEntityType.BOLD>)), from_user=User(first_name='مكتبة عصام التقنية', id=8822102096, is_bot=True, username='Esamaibot'), group_chat_created=False, message_id=61, reply_markup=InlineKeyboardMarkup(inline_keyboard=((InlineKeyboardButton(callback_data='admin_software', text='📋 إدارة البرامج'), InlineKeyboardButton(callback_data='admin_users', text='👥 إدارة المستخدمين')), (InlineKeyboardButton(callback_data='admin_stats', text='📊 إحصائيات'), InlineKeyboardButton(callback_data='admin_broadcast', text='📢 إرسال جماعي')), (InlineKeyboardButton(callback_data='admin_backup', text='💾 نسخ احتياطي'), InlineKeyboardButton(callback_data='admin_maintenance', text='🔧 صيانة')), (InlineKeyboardButton(callback_data='admin_reindex', text='🔄 إعادة فهرسة'), InlineKeyboardButton(callback_data='admin_settings', text='⚙️ الإعدادات')))), supergroup_chat_created=False, text='📊 لوحة التحكم\n\n👥 المستخدمين:\n• الإجمالي: 1\n• النشطون اليوم: 1\n• النشطون الشهر: 1\n\n📦 البرامج:\n• الإجمالي: 0\n\n📈 النشاط:\n• إجمالي البحث: 0\n• بحث اليوم: 0\n• إجمالي التحميل: 0\n• تحميل اليوم: 0')), update_id=509989731) caused error CallbackHandlers.handle_callback() missing 1 required positional argument: 'context'
Traceback (most recent call last):
  File "/data/data/com.termux/files/home/telegram-software-bot/venv/lib/python3.13/site-packages/telegram/ext/_application.py", line 1315, in process_update
    await coroutine
  File "/data/data/com.termux/files/home/telegram-software-bot/venv/lib/python3.13/site-packages/telegram/ext/_handlers/basehandler.py", line 159, in handle_update
    return await self.callback(update, context)
                 ~~~~~~~~~~~~~^^^^^^^^^^^^^^^^^
TypeError: CallbackHandlers.handle_callback() missing 1 required positional argument: 'context'
2026-06-08 15:02:09 - bot - ERROR - main:_error_handler:109 - Update Update(message=Message(channel_chat_created=False, chat=Chat(first_name='عصام', id=1431003618, last_name='مرحب', type=<ChatType.PRIVATE>, username='Esam_Marhb'), date=datetime.datetime(2026, 6, 8, 12, 2, 8, tzinfo=datetime.timezone.utc), delete_chat_photo=False, entities=(MessageEntity(length=12, offset=0, type=<MessageEntityType.BOT_COMMAND>),), from_user=User(first_name='عصام', id=1431003618, is_bot=False, language_code='ar', last_name='مرحب', username='Esam_Marhb'), group_chat_created=False, message_id=63, supergroup_chat_created=False, text='/addsoftware'), update_id=509989733) caused error Can't parse entities: character '.' is reserved and must be escaped with the preceding '\'
Traceback (most recent call last):
  File "/data/data/com.termux/files/home/telegram-software-bot/venv/lib/python3.13/site-packages/telegram/ext/_application.py", line 1315, in process_update
    await coroutine
  File "/data/data/com.termux/files/home/telegram-software-bot/venv/lib/python3.13/site-packages/telegram/ext/_handlers/basehandler.py", line 159, in handle_update
    return await self.callback(update, context)
           ^^^^^^^^^^^^^^^^^^^^^^^^^^^^^^^^^^^^
  File "/data/data/com.termux/files/home/telegram-software-bot/handlers/admin_handlers.py", line 140, in add_software_command
    await update.message.reply_text(
    ...<7 lines>...
    )
  File "/data/data/com.termux/files/home/telegram-software-bot/venv/lib/python3.13/site-packages/telegram/_message.py", line 2106, in reply_text
    return await self.get_bot().send_message(
           ^^^^^^^^^^^^^^^^^^^^^^^^^^^^^^^^^^
    ...<21 lines>...
    )
    ^
  File "/data/data/com.termux/files/home/telegram-software-bot/venv/lib/python3.13/site-packages/telegram/ext/_extbot.py", line 3118, in send_message
    return await super().send_message(
           ^^^^^^^^^^^^^^^^^^^^^^^^^^^
    ...<23 lines>...
    )
    ^
  File "/data/data/com.termux/files/home/telegram-software-bot/venv/lib/python3.13/site-packages/telegram/_bot.py", line 1123, in send_message
    return await self._send_message(
           ^^^^^^^^^^^^^^^^^^^^^^^^^
    ...<21 lines>...
    )
    ^
  File "/data/data/com.termux/files/home/telegram-software-bot/venv/lib/python3.13/site-packages/telegram/ext/_extbot.py", line 630, in _send_message
    result = await super()._send_message(
             ^^^^^^^^^^^^^^^^^^^^^^^^^^^^
    ...<23 lines>...
    )
    ^
  File "/data/data/com.termux/files/home/telegram-software-bot/venv/lib/python3.13/site-packages/telegram/_bot.py", line 820, in _send_message
    result = await self._post(
             ^^^^^^^^^^^^^^^^^
    ...<7 lines>...
    )
    ^
  File "/data/data/com.termux/files/home/telegram-software-bot/venv/lib/python3.13/site-packages/telegram/_bot.py", line 704, in _post
    return await self._do_post(
           ^^^^^^^^^^^^^^^^^^^^
    ...<6 lines>...
    )
    ^
  File "/data/data/com.termux/files/home/telegram-software-bot/venv/lib/python3.13/site-packages/telegram/ext/_extbot.py", line 370, in _do_post
    return await super()._do_post(
           ^^^^^^^^^^^^^^^^^^^^^^^
    ...<6 lines>...
    )
    ^
  File "/data/data/com.termux/files/home/telegram-software-bot/venv/lib/python3.13/site-packages/telegram/_bot.py", line 733, in _do_post
    result = await request.post(
             ^^^^^^^^^^^^^^^^^^^
    ...<6 lines>...
    )
    ^
  File "/data/data/com.termux/files/home/telegram-software-bot/venv/lib/python3.13/site-packages/telegram/request/_baserequest.py", line 198, in post
    result = await self._request_wrapper(
             ^^^^^^^^^^^^^^^^^^^^^^^^^^^^
    ...<7 lines>...
    )
    ^
  File "/data/data/com.termux/files/home/telegram-software-bot/venv/lib/python3.13/site-packages/telegram/request/_baserequest.py", line 375, in _request_wrapper
    raise exception
telegram.error.BadRequest: Can't parse entities: character '.' is reserved and must be escaped with the preceding '\'
2026-06-08 15:02:42 - bot - ERROR - main:_error_handler:109 - Update Update(message=Message(channel_chat_created=False, chat=Chat(first_name='MR ARABIC', id=7343202051, type=<ChatType.PRIVATE>, username='Eeeessesej'), date=datetime.datetime(2026, 6, 8, 12, 2, 42, tzinfo=datetime.timezone.utc), delete_chat_photo=False, from_user=User(first_name='MR ARABIC', id=7343202051, is_bot=False, language_code='ar', username='Eeeessesej'), group_chat_created=False, message_id=70, supergroup_chat_created=False, text='Chrome'), update_id=509989737) caused error Can't parse entities: character '.' is reserved and must be escaped with the preceding '\'
Traceback (most recent call last):
  File "/data/data/com.termux/files/home/telegram-software-bot/venv/lib/python3.13/site-packages/telegram/ext/_application.py", line 1315, in process_update
    await coroutine
  File "/data/data/com.termux/files/home/telegram-software-bot/venv/lib/python3.13/site-packages/telegram/ext/_handlers/basehandler.py", line 159, in handle_update
    return await self.callback(update, context)
           ^^^^^^^^^^^^^^^^^^^^^^^^^^^^^^^^^^^^
  File "/data/data/com.termux/files/home/telegram-software-bot/handlers/user_handlers.py", line 209, in handle_message
    await self._perform_search(
        update, context, sanitized_text, user.id
    )
  File "/data/data/com.termux/files/home/telegram-software-bot/handlers/user_handlers.py", line 253, in _perform_search
    searching_msg = await update.message.reply_text(
                    ^^^^^^^^^^^^^^^^^^^^^^^^^^^^^^^^
    ...<2 lines>...
    )
    ^
  File "/data/data/com.termux/files/home/telegram-software-bot/venv/lib/python3.13/site-packages/telegram/_message.py", line 2106, in reply_text
    return await self.get_bot().send_message(
           ^^^^^^^^^^^^^^^^^^^^^^^^^^^^^^^^^^
    ...<21 lines>...
    )
    ^
  File "/data/data/com.termux/files/home/telegram-software-bot/venv/lib/python3.13/site-packages/telegram/ext/_extbot.py", line 3118, in send_message
    return await super().send_message(
           ^^^^^^^^^^^^^^^^^^^^^^^^^^^
    ...<23 lines>...
    )
    ^
  File "/data/data/com.termux/files/home/telegram-software-bot/venv/lib/python3.13/site-packages/telegram/_bot.py", line 1123, in send_message
    return await self._send_message(
           ^^^^^^^^^^^^^^^^^^^^^^^^^
    ...<21 lines>...
    )
    ^
  File "/data/data/com.termux/files/home/telegram-software-bot/venv/lib/python3.13/site-packages/telegram/ext/_extbot.py", line 630, in _send_message
    result = await super()._send_message(
             ^^^^^^^^^^^^^^^^^^^^^^^^^^^^
    ...<23 lines>...
    )
    ^
  File "/data/data/com.termux/files/home/telegram-software-bot/venv/lib/python3.13/site-packages/telegram/_bot.py", line 820, in _send_message
    result = await self._post(
             ^^^^^^^^^^^^^^^^^
    ...<7 lines>...
    )
    ^
  File "/data/data/com.termux/files/home/telegram-software-bot/venv/lib/python3.13/site-packages/telegram/_bot.py", line 704, in _post
    return await self._do_post(
           ^^^^^^^^^^^^^^^^^^^^
    ...<6 lines>...
    )
    ^
  File "/data/data/com.termux/files/home/telegram-software-bot/venv/lib/python3.13/site-packages/telegram/ext/_extbot.py", line 370, in _do_post
    return await super()._do_post(
           ^^^^^^^^^^^^^^^^^^^^^^^
    ...<6 lines>...
    )
    ^
  File "/data/data/com.termux/files/home/telegram-software-bot/venv/lib/python3.13/site-packages/telegram/_bot.py", line 733, in _do_post
    result = await request.post(
             ^^^^^^^^^^^^^^^^^^^
    ...<6 lines>...
    )
    ^
  File "/data/data/com.termux/files/home/telegram-software-bot/venv/lib/python3.13/site-packages/telegram/request/_baserequest.py", line 198, in post
    result = await self._request_wrapper(
             ^^^^^^^^^^^^^^^^^^^^^^^^^^^^
    ...<7 lines>...
    )
    ^
  File "/data/data/com.termux/files/home/telegram-software-bot/venv/lib/python3.13/site-packages/telegram/request/_baserequest.py", line 375, in _request_wrapper
    raise exception
telegram.error.BadRequest: Can't parse entities: character '.' is reserved and must be escaped with the preceding '\'
2026-06-08 15:02:49 - bot - ERROR - main:_error_handler:109 - Update Update(message=Message(channel_chat_created=False, chat=Chat(first_name='MR ARABIC', id=7343202051, type=<ChatType.PRIVATE>, username='Eeeessesej'), date=datetime.datetime(2026, 6, 8, 12, 2, 49, tzinfo=datetime.timezone.utc), delete_chat_photo=False, entities=(MessageEntity(length=24, offset=0, type=<MessageEntityType.URL>),), from_user=User(first_name='MR ARABIC', id=7343202051, is_bot=False, language_code='ar', username='Eeeessesej'), group_chat_created=False, message_id=71, supergroup_chat_created=False, text='project-nomad-1.32.1.zip'), update_id=509989738) caused error Can't parse entities: character '.' is reserved and must be escaped with the preceding '\'
Traceback (most recent call last):
  File "/data/data/com.termux/files/home/telegram-software-bot/venv/lib/python3.13/site-packages/telegram/ext/_application.py", line 1315, in process_update
    await coroutine
  File "/data/data/com.termux/files/home/telegram-software-bot/venv/lib/python3.13/site-packages/telegram/ext/_handlers/basehandler.py", line 159, in handle_update
    return await self.callback(update, context)
           ^^^^^^^^^^^^^^^^^^^^^^^^^^^^^^^^^^^^
  File "/data/data/com.termux/files/home/telegram-software-bot/handlers/user_handlers.py", line 209, in handle_message
    await self._perform_search(
        update, context, sanitized_text, user.id
    )
  File "/data/data/com.termux/files/home/telegram-software-bot/handlers/user_handlers.py", line 253, in _perform_search
    searching_msg = await update.message.reply_text(
                    ^^^^^^^^^^^^^^^^^^^^^^^^^^^^^^^^
    ...<2 lines>...
    )
    ^
  File "/data/data/com.termux/files/home/telegram-software-bot/venv/lib/python3.13/site-packages/telegram/_message.py", line 2106, in reply_text
    return await self.get_bot().send_message(
           ^^^^^^^^^^^^^^^^^^^^^^^^^^^^^^^^^^
    ...<21 lines>...
    )
    ^
  File "/data/data/com.termux/files/home/telegram-software-bot/venv/lib/python3.13/site-packages/telegram/ext/_extbot.py", line 3118, in send_message
    return await super().send_message(
           ^^^^^^^^^^^^^^^^^^^^^^^^^^^
    ...<23 lines>...
    )
    ^
  File "/data/data/com.termux/files/home/telegram-software-bot/venv/lib/python3.13/site-packages/telegram/_bot.py", line 1123, in send_message
    return await self._send_message(
           ^^^^^^^^^^^^^^^^^^^^^^^^^
    ...<21 lines>...
    )
    ^
  File "/data/data/com.termux/files/home/telegram-software-bot/venv/lib/python3.13/site-packages/telegram/ext/_extbot.py", line 630, in _send_message
    result = await super()._send_message(
             ^^^^^^^^^^^^^^^^^^^^^^^^^^^^
    ...<23 lines>...
    )
    ^
  File "/data/data/com.termux/files/home/telegram-software-bot/venv/lib/python3.13/site-packages/telegram/_bot.py", line 820, in _send_message
    result = await self._post(
             ^^^^^^^^^^^^^^^^^
    ...<7 lines>...
    )
    ^
  File "/data/data/com.termux/files/home/telegram-software-bot/venv/lib/python3.13/site-packages/telegram/_bot.py", line 704, in _post
    return await self._do_post(
           ^^^^^^^^^^^^^^^^^^^^
    ...<6 lines>...
    )
    ^
  File "/data/data/com.termux/files/home/telegram-software-bot/venv/lib/python3.13/site-packages/telegram/ext/_extbot.py", line 370, in _do_post
    return await super()._do_post(
           ^^^^^^^^^^^^^^^^^^^^^^^
    ...<6 lines>...
    )
    ^
  File "/data/data/com.termux/files/home/telegram-software-bot/venv/lib/python3.13/site-packages/telegram/_bot.py", line 733, in _do_post
    result = await request.post(
             ^^^^^^^^^^^^^^^^^^^
    ...<6 lines>...
    )
    ^
  File "/data/data/com.termux/files/home/telegram-software-bot/venv/lib/python3.13/site-packages/telegram/request/_baserequest.py", line 198, in post
    result = await self._request_wrapper(
             ^^^^^^^^^^^^^^^^^^^^^^^^^^^^
    ...<7 lines>...
    )
    ^
  File "/data/data/com.termux/files/home/telegram-software-bot/venv/lib/python3.13/site-packages/telegram/request/_baserequest.py", line 375, in _request_wrapper
    raise exception
telegram.error.BadRequest: Can't parse entities: character '.' is reserved and must be escaped with the preceding '\'
2026-06-08 15:02:53 - bot - ERROR - main:_error_handler:109 - Update Update(message=Message(channel_chat_created=False, chat=Chat(first_name='MR ARABIC', id=7343202051, type=<ChatType.PRIVATE>, username='Eeeessesej'), date=datetime.datetime(2026, 6, 8, 12, 2, 53, tzinfo=datetime.timezone.utc), delete_chat_photo=False, entities=(MessageEntity(length=6, offset=0, type=<MessageEntityType.BOT_COMMAND>),), from_user=User(first_name='MR ARABIC', id=7343202051, is_bot=False, language_code='ar', username='Eeeessesej'), group_chat_created=False, message_id=72, supergroup_chat_created=False, text='/admin'), update_id=509989739) caused error Can't parse entities: character '.' is reserved and must be escaped with the preceding '\'
Traceback (most recent call last):
  File "/data/data/com.termux/files/home/telegram-software-bot/venv/lib/python3.13/site-packages/telegram/ext/_application.py", line 1315, in process_update
    await coroutine
  File "/data/data/com.termux/files/home/telegram-software-bot/venv/lib/python3.13/site-packages/telegram/ext/_handlers/basehandler.py", line 159, in handle_update
    return await self.callback(update, context)
           ^^^^^^^^^^^^^^^^^^^^^^^^^^^^^^^^^^^^
  File "/data/data/com.termux/files/home/telegram-software-bot/handlers/admin_handlers.py", line 50, in admin_command
    await update.message.reply_text(
    ...<3 lines>...
    )
  File "/data/data/com.termux/files/home/telegram-software-bot/venv/lib/python3.13/site-packages/telegram/_message.py", line 2106, in reply_text
    return await self.get_bot().send_message(
           ^^^^^^^^^^^^^^^^^^^^^^^^^^^^^^^^^^
    ...<21 lines>...
    )
    ^
  File "/data/data/com.termux/files/home/telegram-software-bot/venv/lib/python3.13/site-packages/telegram/ext/_extbot.py", line 3118, in send_message
    return await super().send_message(
           ^^^^^^^^^^^^^^^^^^^^^^^^^^^
    ...<23 lines>...
    )
    ^
  File "/data/data/com.termux/files/home/telegram-software-bot/venv/lib/python3.13/site-packages/telegram/_bot.py", line 1123, in send_message
    return await self._send_message(
           ^^^^^^^^^^^^^^^^^^^^^^^^^
    ...<21 lines>...
    )
    ^
  File "/data/data/com.termux/files/home/telegram-software-bot/venv/lib/python3.13/site-packages/telegram/ext/_extbot.py", line 630, in _send_message
    result = await super()._send_message(
             ^^^^^^^^^^^^^^^^^^^^^^^^^^^^
    ...<23 lines>...
    )
    ^
  File "/data/data/com.termux/files/home/telegram-software-bot/venv/lib/python3.13/site-packages/telegram/_bot.py", line 820, in _send_message
    result = await self._post(
             ^^^^^^^^^^^^^^^^^
    ...<7 lines>...
    )
    ^
  File "/data/data/com.termux/files/home/telegram-software-bot/venv/lib/python3.13/site-packages/telegram/_bot.py", line 704, in _post
    return await self._do_post(
           ^^^^^^^^^^^^^^^^^^^^
    ...<6 lines>...
    )
    ^
  File "/data/data/com.termux/files/home/telegram-software-bot/venv/lib/python3.13/site-packages/telegram/ext/_extbot.py", line 370, in _do_post
    return await super()._do_post(
           ^^^^^^^^^^^^^^^^^^^^^^^
    ...<6 lines>...
    )
    ^
  File "/data/data/com.termux/files/home/telegram-software-bot/venv/lib/python3.13/site-packages/telegram/_bot.py", line 733, in _do_post
    result = await request.post(
             ^^^^^^^^^^^^^^^^^^^
    ...<6 lines>...
    )
    ^
  File "/data/data/com.termux/files/home/telegram-software-bot/venv/lib/python3.13/site-packages/telegram/request/_baserequest.py", line 198, in post
    result = await self._request_wrapper(
             ^^^^^^^^^^^^^^^^^^^^^^^^^^^^
    ...<7 lines>...
    )
    ^
  File "/data/data/com.termux/files/home/telegram-software-bot/venv/lib/python3.13/site-packages/telegram/request/_baserequest.py", line 375, in _request_wrapper
    raise exception
telegram.error.BadRequest: Can't parse entities: character '.' is reserved and must be escaped with the preceding '\'
2026-06-08 15:02:56 - bot - ERROR - main:_error_handler:109 - Update Update(message=Message(channel_chat_created=False, chat=Chat(first_name='MR ARABIC', id=7343202051, type=<ChatType.PRIVATE>, username='Eeeessesej'), date=datetime.datetime(2026, 6, 8, 12, 2, 56, tzinfo=datetime.timezone.utc), delete_chat_photo=False, entities=(MessageEntity(length=6, offset=0, type=<MessageEntityType.BOT_COMMAND>),), from_user=User(first_name='MR ARABIC', id=7343202051, is_bot=False, language_code='ar', username='Eeeessesej'), group_chat_created=False, message_id=73, supergroup_chat_created=False, text='/admin'), update_id=509989740) caused error Can't parse entities: character '.' is reserved and must be escaped with the preceding '\'
Traceback (most recent call last):
  File "/data/data/com.termux/files/home/telegram-software-bot/venv/lib/python3.13/site-packages/telegram/ext/_application.py", line 1315, in process_update
    await coroutine
  File "/data/data/com.termux/files/home/telegram-software-bot/venv/lib/python3.13/site-packages/telegram/ext/_handlers/basehandler.py", line 159, in handle_update
    return await self.callback(update, context)
           ^^^^^^^^^^^^^^^^^^^^^^^^^^^^^^^^^^^^
  File "/data/data/com.termux/files/home/telegram-software-bot/handlers/admin_handlers.py", line 50, in admin_command
    await update.message.reply_text(
    ...<3 lines>...
    )
  File "/data/data/com.termux/files/home/telegram-software-bot/venv/lib/python3.13/site-packages/telegram/_message.py", line 2106, in reply_text
    return await self.get_bot().send_message(
           ^^^^^^^^^^^^^^^^^^^^^^^^^^^^^^^^^^
    ...<21 lines>...
    )
    ^
  File "/data/data/com.termux/files/home/telegram-software-bot/venv/lib/python3.13/site-packages/telegram/ext/_extbot.py", line 3118, in send_message
    return await super().send_message(
           ^^^^^^^^^^^^^^^^^^^^^^^^^^^
    ...<23 lines>...
    )
    ^
  File "/data/data/com.termux/files/home/telegram-software-bot/venv/lib/python3.13/site-packages/telegram/_bot.py", line 1123, in send_message
    return await self._send_message(
           ^^^^^^^^^^^^^^^^^^^^^^^^^
    ...<21 lines>...
    )
    ^
  File "/data/data/com.termux/files/home/telegram-software-bot/venv/lib/python3.13/site-packages/telegram/ext/_extbot.py", line 630, in _send_message
    result = await super()._send_message(
             ^^^^^^^^^^^^^^^^^^^^^^^^^^^^
    ...<23 lines>...
    )
    ^
  File "/data/data/com.termux/files/home/telegram-software-bot/venv/lib/python3.13/site-packages/telegram/_bot.py", line 820, in _send_message
    result = await self._post(
             ^^^^^^^^^^^^^^^^^
    ...<7 lines>...
    )
    ^
  File "/data/data/com.termux/files/home/telegram-software-bot/venv/lib/python3.13/site-packages/telegram/_bot.py", line 704, in _post
    return await self._do_post(
           ^^^^^^^^^^^^^^^^^^^^
    ...<6 lines>...
    )
    ^
  File "/data/data/com.termux/files/home/telegram-software-bot/venv/lib/python3.13/site-packages/telegram/ext/_extbot.py", line 370, in _do_post
    return await super()._do_post(
           ^^^^^^^^^^^^^^^^^^^^^^^
    ...<6 lines>...
    )
    ^
  File "/data/data/com.termux/files/home/telegram-software-bot/venv/lib/python3.13/site-packages/telegram/_bot.py", line 733, in _do_post
    result = await request.post(
             ^^^^^^^^^^^^^^^^^^^
    ...<6 lines>...
    )
    ^
  File "/data/data/com.termux/files/home/telegram-software-bot/venv/lib/python3.13/site-packages/telegram/request/_baserequest.py", line 198, in post
    result = await self._request_wrapper(
             ^^^^^^^^^^^^^^^^^^^^^^^^^^^^
    ...<7 lines>...
    )
    ^
  File "/data/data/com.termux/files/home/telegram-software-bot/venv/lib/python3.13/site-packages/telegram/request/_baserequest.py", line 375, in _request_wrapper
    raise exception
telegram.error.BadRequest: Can't parse entities: character '.' is reserved and must be escaped with the preceding '\'
2026-06-08 15:03:47 - bot - ERROR - main:_error_handler:109 - Update Update(message=Message(channel_chat_created=False, chat=Chat(first_name='عصام', id=1431003618, last_name='مرحب', type=<ChatType.PRIVATE>, username='Esam_Marhb'), date=datetime.datetime(2026, 6, 8, 12, 3, 47, tzinfo=datetime.timezone.utc), delete_chat_photo=False, entities=(MessageEntity(length=12, offset=0, type=<MessageEntityType.BOT_COMMAND>),), from_user=User(first_name='عصام', id=1431003618, is_bot=False, language_code='ar', last_name='مرحب', username='Esam_Marhb'), group_chat_created=False, message_id=74, supergroup_chat_created=False, text='/addsoftware'), update_id=509989741) caused error Can't parse entities: character '.' is reserved and must be escaped with the preceding '\'
Traceback (most recent call last):
  File "/data/data/com.termux/files/home/telegram-software-bot/venv/lib/python3.13/site-packages/telegram/ext/_application.py", line 1315, in process_update
    await coroutine
  File "/data/data/com.termux/files/home/telegram-software-bot/venv/lib/python3.13/site-packages/telegram/ext/_handlers/basehandler.py", line 159, in handle_update
    return await self.callback(update, context)
           ^^^^^^^^^^^^^^^^^^^^^^^^^^^^^^^^^^^^
  File "/data/data/com.termux/files/home/telegram-software-bot/handlers/admin_handlers.py", line 140, in add_software_command
    await update.message.reply_text(
    ...<7 lines>...
    )
  File "/data/data/com.termux/files/home/telegram-software-bot/venv/lib/python3.13/site-packages/telegram/_message.py", line 2106, in reply_text
    return await self.get_bot().send_message(
           ^^^^^^^^^^^^^^^^^^^^^^^^^^^^^^^^^^
    ...<21 lines>...
    )
    ^
  File "/data/data/com.termux/files/home/telegram-software-bot/venv/lib/python3.13/site-packages/telegram/ext/_extbot.py", line 3118, in send_message
    return await super().send_message(
           ^^^^^^^^^^^^^^^^^^^^^^^^^^^
    ...<23 lines>...
    )
    ^
  File "/data/data/com.termux/files/home/telegram-software-bot/venv/lib/python3.13/site-packages/telegram/_bot.py", line 1123, in send_message
    return await self._send_message(
           ^^^^^^^^^^^^^^^^^^^^^^^^^
    ...<21 lines>...
    )
    ^
  File "/data/data/com.termux/files/home/telegram-software-bot/venv/lib/python3.13/site-packages/telegram/ext/_extbot.py", line 630, in _send_message
    result = await super()._send_message(
             ^^^^^^^^^^^^^^^^^^^^^^^^^^^^
    ...<23 lines>...
    )
    ^
  File "/data/data/com.termux/files/home/telegram-software-bot/venv/lib/python3.13/site-packages/telegram/_bot.py", line 820, in _send_message
    result = await self._post(
             ^^^^^^^^^^^^^^^^^
    ...<7 lines>...
    )
    ^
  File "/data/data/com.termux/files/home/telegram-software-bot/venv/lib/python3.13/site-packages/telegram/_bot.py", line 704, in _post
    return await self._do_post(
           ^^^^^^^^^^^^^^^^^^^^
    ...<6 lines>...
    )
    ^
  File "/data/data/com.termux/files/home/telegram-software-bot/venv/lib/python3.13/site-packages/telegram/ext/_extbot.py", line 370, in _do_post
    return await super()._do_post(
           ^^^^^^^^^^^^^^^^^^^^^^^
    ...<6 lines>...
    )
    ^
  File "/data/data/com.termux/files/home/telegram-software-bot/venv/lib/python3.13/site-packages/telegram/_bot.py", line 733, in _do_post
    result = await request.post(
             ^^^^^^^^^^^^^^^^^^^
    ...<6 lines>...
    )
    ^
  File "/data/data/com.termux/files/home/telegram-software-bot/venv/lib/python3.13/site-packages/telegram/request/_baserequest.py", line 198, in post
    result = await self._request_wrapper(
             ^^^^^^^^^^^^^^^^^^^^^^^^^^^^
    ...<7 lines>...
    )
    ^
  File "/data/data/com.termux/files/home/telegram-software-bot/venv/lib/python3.13/site-packages/telegram/request/_baserequest.py", line 375, in _request_wrapper
    raise exception
telegram.error.BadRequest: Can't parse entities: character '.' is reserved and must be escaped with the preceding '\'
2026-06-08 15:03:57 - bot - ERROR - main:_error_handler:109 - Update Update(callback_query=CallbackQuery(chat_instance='2687171661052618728', data='admin_software', from_user=User(first_name='عصام', id=1431003618, is_bot=False, language_code='ar', last_name='مرحب', username='Esam_Marhb'), id='6146113741441619966', message=Message(channel_chat_created=False, chat=Chat(first_name='عصام', id=1431003618, last_name='مرحب', type=<ChatType.PRIVATE>, username='Esam_Marhb'), date=datetime.datetime(2026, 6, 8, 12, 3, 50, tzinfo=datetime.timezone.utc), delete_chat_photo=False, entities=(MessageEntity(length=11, offset=3, type=<MessageEntityType.BOLD>), MessageEntity(length=11, offset=19, type=<MessageEntityType.BOLD>), MessageEntity(length=8, offset=87, type=<MessageEntityType.BOLD>), MessageEntity(length=7, offset=114, type=<MessageEntityType.BOLD>)), from_user=User(first_name='مكتبة عصام التقنية', id=8822102096, is_bot=True, username='Esamaibot'), group_chat_created=False, message_id=76, reply_markup=InlineKeyboardMarkup(inline_keyboard=((InlineKeyboardButton(callback_data='admin_software', text='📋 إدارة البرامج'), InlineKeyboardButton(callback_data='admin_users', text='👥 إدارة المستخدمين')), (InlineKeyboardButton(callback_data='admin_stats', text='📊 إحصائيات'), InlineKeyboardButton(callback_data='admin_broadcast', text='📢 إرسال جماعي')), (InlineKeyboardButton(callback_data='admin_backup', text='💾 نسخ احتياطي'), InlineKeyboardButton(callback_data='admin_maintenance', text='🔧 صيانة')), (InlineKeyboardButton(callback_data='admin_reindex', text='🔄 إعادة فهرسة'), InlineKeyboardButton(callback_data='admin_settings', text='⚙️ الإعدادات')))), supergroup_chat_created=False, text='📊 لوحة التحكم\n\n👥 المستخدمين:\n• الإجمالي: 2\n• النشطون اليوم: 2\n• النشطون الشهر: 2\n\n📦 البرامج:\n• الإجمالي: 0\n\n📈 النشاط:\n• إجمالي البحث: 0\n• بحث اليوم: 0\n• إجمالي التحميل: 0\n• تحميل اليوم: 0')), update_id=509989743) caused error CallbackHandlers.handle_callback() missing 1 required positional argument: 'context'
Traceback (most recent call last):
  File "/data/data/com.termux/files/home/telegram-software-bot/venv/lib/python3.13/site-packages/telegram/ext/_application.py", line 1315, in process_update
    await coroutine
  File "/data/data/com.termux/files/home/telegram-software-bot/venv/lib/python3.13/site-packages/telegram/ext/_handlers/basehandler.py", line 159, in handle_update
    return await self.callback(update, context)
                 ~~~~~~~~~~~~~^^^^^^^^^^^^^^^^^
TypeError: CallbackHandlers.handle_callback() missing 1 required positional argument: 'context'
2026-06-08 15:04:47 - bot - INFO - main:stop:166 - Stopping bot...
2026-06-08 15:05:36 - bot - INFO - main:stop:166 - Stopping bot...
2026-06-08 15:05:36 - bot - INFO - main:stop:182 - Bot stopped successfully
2026-06-08 15:05:38 - bot - INFO - main:initialize:52 - Initializing bot components...
2026-06-08 15:05:38 - bot - INFO - main:initialize:57 - Database initialized
2026-06-08 15:05:38 - bot - INFO - main:initialize:62 - Cache initialized
2026-06-08 15:05:38 - bot - INFO - main:_register_handlers:101 - Handlers registered
2026-06-08 15:05:38 - bot - INFO - main:initialize:81 - Bot initialized successfully
2026-06-08 15:05:38 - bot - INFO - main:start:136 - Starting bot...
2026-06-08 15:05:39 - bot - INFO - main:start:147 - Bot started successfully
2026-06-08 15:05:39 - bot - INFO - main:start:148 - Bot username: @Esamaibot
2026-06-08 15:05:40 - bot - ERROR - main:_error_handler:109 - Update Update(callback_query=CallbackQuery(chat_instance='2687171661052618728', data='admin_software', from_user=User(first_name='عصام', id=1431003618, is_bot=False, language_code='ar', last_name='مرحب', username='Esam_Marhb'), id='6146113742304416988', message=Message(channel_chat_created=False, chat=Chat(first_name='عصام', id=1431003618, last_name='مرحب', type=<ChatType.PRIVATE>, username='Esam_Marhb'), date=datetime.datetime(2026, 6, 8, 12, 3, 50, tzinfo=datetime.timezone.utc), delete_chat_photo=False, entities=(MessageEntity(length=11, offset=3, type=<MessageEntityType.BOLD>), MessageEntity(length=11, offset=19, type=<MessageEntityType.BOLD>), MessageEntity(length=8, offset=87, type=<MessageEntityType.BOLD>), MessageEntity(length=7, offset=114, type=<MessageEntityType.BOLD>)), from_user=User(first_name='مكتبة عصام التقنية', id=8822102096, is_bot=True, username='Esamaibot'), group_chat_created=False, message_id=76, reply_markup=InlineKeyboardMarkup(inline_keyboard=((InlineKeyboardButton(callback_data='admin_software', text='📋 إدارة البرامج'), InlineKeyboardButton(callback_data='admin_users', text='👥 إدارة المستخدمين')), (InlineKeyboardButton(callback_data='admin_stats', text='📊 إحصائيات'), InlineKeyboardButton(callback_data='admin_broadcast', text='📢 إرسال جماعي')), (InlineKeyboardButton(callback_data='admin_backup', text='💾 نسخ احتياطي'), InlineKeyboardButton(callback_data='admin_maintenance', text='🔧 صيانة')), (InlineKeyboardButton(callback_data='admin_reindex', text='🔄 إعادة فهرسة'), InlineKeyboardButton(callback_data='admin_settings', text='⚙️ الإعدادات')))), supergroup_chat_created=False, text='📊 لوحة التحكم\n\n👥 المستخدمين:\n• الإجمالي: 2\n• النشطون اليوم: 2\n• النشطون الشهر: 2\n\n📦 البرامج:\n• الإجمالي: 0\n\n📈 النشاط:\n• إجمالي البحث: 0\n• بحث اليوم: 0\n• إجمالي التحميل: 0\n• تحميل اليوم: 0')), update_id=509989744) caused error CallbackHandlers.handle_callback() missing 1 required positional argument: 'context'
Traceback (most recent call last):
  File "/data/data/com.termux/files/home/telegram-software-bot/venv/lib/python3.13/site-packages/telegram/ext/_application.py", line 1315, in process_update
    await coroutine
  File "/data/data/com.termux/files/home/telegram-software-bot/venv/lib/python3.13/site-packages/telegram/ext/_handlers/basehandler.py", line 159, in handle_update
    return await self.callback(update, context)
                 ~~~~~~~~~~~~~^^^^^^^^^^^^^^^^^
TypeError: CallbackHandlers.handle_callback() missing 1 required positional argument: 'context'
2026-06-08 15:05:45 - bot - ERROR - main:_error_handler:109 - Update Update(callback_query=CallbackQuery(chat_instance='2687171661052618728', data='admin_software', from_user=User(first_name='عصام', id=1431003618, is_bot=False, language_code='ar', last_name='مرحب', username='Esam_Marhb'), id='6146113742511600218', message=Message(channel_chat_created=False, chat=Chat(first_name='عصام', id=1431003618, last_name='مرحب', type=<ChatType.PRIVATE>, username='Esam_Marhb'), date=datetime.datetime(2026, 6, 8, 12, 5, 44, tzinfo=datetime.timezone.utc), delete_chat_photo=False, entities=(MessageEntity(length=11, offset=3, type=<MessageEntityType.BOLD>), MessageEntity(length=11, offset=19, type=<MessageEntityType.BOLD>), MessageEntity(length=8, offset=87, type=<MessageEntityType.BOLD>), MessageEntity(length=7, offset=114, type=<MessageEntityType.BOLD>)), from_user=User(first_name='مكتبة عصام التقنية', id=8822102096, is_bot=True, username='Esamaibot'), group_chat_created=False, message_id=78, reply_markup=InlineKeyboardMarkup(inline_keyboard=((InlineKeyboardButton(callback_data='admin_software', text='📋 إدارة البرامج'), InlineKeyboardButton(callback_data='admin_users', text='👥 إدارة المستخدمين')), (InlineKeyboardButton(callback_data='admin_stats', text='📊 إحصائيات'), InlineKeyboardButton(callback_data='admin_broadcast', text='📢 إرسال جماعي')), (InlineKeyboardButton(callback_data='admin_backup', text='💾 نسخ احتياطي'), InlineKeyboardButton(callback_data='admin_maintenance', text='🔧 صيانة')), (InlineKeyboardButton(callback_data='admin_reindex', text='🔄 إعادة فهرسة'), InlineKeyboardButton(callback_data='admin_settings', text='⚙️ الإعدادات')))), supergroup_chat_created=False, text='📊 لوحة التحكم\n\n👥 المستخدمين:\n• الإجمالي: 2\n• النشطون اليوم: 2\n• النشطون الشهر: 2\n\n📦 البرامج:\n• الإجمالي: 0\n\n📈 النشاط:\n• إجمالي البحث: 0\n• بحث اليوم: 0\n• إجمالي التحميل: 0\n• تحميل اليوم: 0')), update_id=509989746) caused error CallbackHandlers.handle_callback() missing 1 required positional argument: 'context'
Traceback (most recent call last):
  File "/data/data/com.termux/files/home/telegram-software-bot/venv/lib/python3.13/site-packages/telegram/ext/_application.py", line 1315, in process_update
    await coroutine
  File "/data/data/com.termux/files/home/telegram-software-bot/venv/lib/python3.13/site-packages/telegram/ext/_handlers/basehandler.py", line 159, in handle_update
    return await self.callback(update, context)
                 ~~~~~~~~~~~~~^^^^^^^^^^^^^^^^^
TypeError: CallbackHandlers.handle_callback() missing 1 required positional argument: 'context'
2026-06-08 15:06:00 - bot - ERROR - main:_error_handler:109 - Update Update(message=Message(channel_chat_created=False, chat=Chat(first_name='MR ARABIC', id=7343202051, type=<ChatType.PRIVATE>, username='Eeeessesej'), date=datetime.datetime(2026, 6, 8, 12, 6, tzinfo=datetime.timezone.utc), delete_chat_photo=False, from_user=User(first_name='MR ARABIC', id=7343202051, is_bot=False, language_code='ar', username='Eeeessesej'), group_chat_created=False, message_id=81, supergroup_chat_created=False, text='telegram-software-bot'), update_id=509989748) caused error Can't parse entities: character '.' is reserved and must be escaped with the preceding '\'
Traceback (most recent call last):
  File "/data/data/com.termux/files/home/telegram-software-bot/venv/lib/python3.13/site-packages/telegram/ext/_application.py", line 1315, in process_update
    await coroutine
  File "/data/data/com.termux/files/home/telegram-software-bot/venv/lib/python3.13/site-packages/telegram/ext/_handlers/basehandler.py", line 159, in handle_update
    return await self.callback(update, context)
           ^^^^^^^^^^^^^^^^^^^^^^^^^^^^^^^^^^^^
  File "/data/data/com.termux/files/home/telegram-software-bot/handlers/user_handlers.py", line 209, in handle_message
    await self._perform_search(
        update, context, sanitized_text, user.id
    )
  File "/data/data/com.termux/files/home/telegram-software-bot/handlers/user_handlers.py", line 253, in _perform_search
    searching_msg = await update.message.reply_text(
                    ^^^^^^^^^^^^^^^^^^^^^^^^^^^^^^^^
    ...<2 lines>...
    )
    ^
  File "/data/data/com.termux/files/home/telegram-software-bot/venv/lib/python3.13/site-packages/telegram/_message.py", line 2106, in reply_text
    return await self.get_bot().send_message(
           ^^^^^^^^^^^^^^^^^^^^^^^^^^^^^^^^^^
    ...<21 lines>...
    )
    ^
  File "/data/data/com.termux/files/home/telegram-software-bot/venv/lib/python3.13/site-packages/telegram/ext/_extbot.py", line 3118, in send_message
    return await super().send_message(
           ^^^^^^^^^^^^^^^^^^^^^^^^^^^
    ...<23 lines>...
    )
    ^
  File "/data/data/com.termux/files/home/telegram-software-bot/venv/lib/python3.13/site-packages/telegram/_bot.py", line 1123, in send_message
    return await self._send_message(
           ^^^^^^^^^^^^^^^^^^^^^^^^^
    ...<21 lines>...
    )
    ^
  File "/data/data/com.termux/files/home/telegram-software-bot/venv/lib/python3.13/site-packages/telegram/ext/_extbot.py", line 630, in _send_message
    result = await super()._send_message(
             ^^^^^^^^^^^^^^^^^^^^^^^^^^^^
    ...<23 lines>...
    )
    ^
  File "/data/data/com.termux/files/home/telegram-software-bot/venv/lib/python3.13/site-packages/telegram/_bot.py", line 820, in _send_message
    result = await self._post(
             ^^^^^^^^^^^^^^^^^
    ...<7 lines>...
    )
    ^
  File "/data/data/com.termux/files/home/telegram-software-bot/venv/lib/python3.13/site-packages/telegram/_bot.py", line 704, in _post
    return await self._do_post(
           ^^^^^^^^^^^^^^^^^^^^
    ...<6 lines>...
    )
    ^
  File "/data/data/com.termux/files/home/telegram-software-bot/venv/lib/python3.13/site-packages/telegram/ext/_extbot.py", line 370, in _do_post
    return await super()._do_post(
           ^^^^^^^^^^^^^^^^^^^^^^^
    ...<6 lines>...
    )
    ^
  File "/data/data/com.termux/files/home/telegram-software-bot/venv/lib/python3.13/site-packages/telegram/_bot.py", line 733, in _do_post
    result = await request.post(
             ^^^^^^^^^^^^^^^^^^^
    ...<6 lines>...
    )
    ^
  File "/data/data/com.termux/files/home/telegram-software-bot/venv/lib/python3.13/site-packages/telegram/request/_baserequest.py", line 198, in post
    result = await self._request_wrapper(
             ^^^^^^^^^^^^^^^^^^^^^^^^^^^^
    ...<7 lines>...
    )
    ^
  File "/data/data/com.termux/files/home/telegram-software-bot/venv/lib/python3.13/site-packages/telegram/request/_baserequest.py", line 375, in _request_wrapper
    raise exception
telegram.error.BadRequest: Can't parse entities: character '.' is reserved and must be escaped with the preceding '\'
2026-06-08 15:06:04 - bot - ERROR - main:_error_handler:109 - Update Update(callback_query=CallbackQuery(chat_instance='2687171661052618728', data='admin_software', from_user=User(first_name='عصام', id=1431003618, is_bot=False, language_code='ar', last_name='مرحب', username='Esam_Marhb'), id='6146113741200893127', message=Message(channel_chat_created=False, chat=Chat(first_name='عصام', id=1431003618, last_name='مرحب', type=<ChatType.PRIVATE>, username='Esam_Marhb'), date=datetime.datetime(2026, 6, 8, 12, 5, 44, tzinfo=datetime.timezone.utc), delete_chat_photo=False, entities=(MessageEntity(length=11, offset=3, type=<MessageEntityType.BOLD>), MessageEntity(length=11, offset=19, type=<MessageEntityType.BOLD>), MessageEntity(length=8, offset=87, type=<MessageEntityType.BOLD>), MessageEntity(length=7, offset=114, type=<MessageEntityType.BOLD>)), from_user=User(first_name='مكتبة عصام التقنية', id=8822102096, is_bot=True, username='Esamaibot'), group_chat_created=False, message_id=78, reply_markup=InlineKeyboardMarkup(inline_keyboard=((InlineKeyboardButton(callback_data='admin_software', text='📋 إدارة البرامج'), InlineKeyboardButton(callback_data='admin_users', text='👥 إدارة المستخدمين')), (InlineKeyboardButton(callback_data='admin_stats', text='📊 إحصائيات'), InlineKeyboardButton(callback_data='admin_broadcast', text='📢 إرسال جماعي')), (InlineKeyboardButton(callback_data='admin_backup', text='💾 نسخ احتياطي'), InlineKeyboardButton(callback_data='admin_maintenance', text='🔧 صيانة')), (InlineKeyboardButton(callback_data='admin_reindex', text='🔄 إعادة فهرسة'), InlineKeyboardButton(callback_data='admin_settings', text='⚙️ الإعدادات')))), supergroup_chat_created=False, text='📊 لوحة التحكم\n\n👥 المستخدمين:\n• الإجمالي: 2\n• النشطون اليوم: 2\n• النشطون الشهر: 2\n\n📦 البرامج:\n• الإجمالي: 0\n\n📈 النشاط:\n• إجمالي البحث: 0\n• بحث اليوم: 0\n• إجمالي التحميل: 0\n• تحميل اليوم: 0')), update_id=509989749) caused error CallbackHandlers.handle_callback() missing 1 required positional argument: 'context'
Traceback (most recent call last):
  File "/data/data/com.termux/files/home/telegram-software-bot/venv/lib/python3.13/site-packages/telegram/ext/_application.py", line 1315, in process_update
    await coroutine
  File "/data/data/com.termux/files/home/telegram-software-bot/venv/lib/python3.13/site-packages/telegram/ext/_handlers/basehandler.py", line 159, in handle_update
    return await self.callback(update, context)
                 ~~~~~~~~~~~~~^^^^^^^^^^^^^^^^^
TypeError: CallbackHandlers.handle_callback() missing 1 required positional argument: 'context'
2026-06-08 15:06:43 - bot - ERROR - main:_error_handler:109 - Update Update(message=Message(channel_chat_created=False, chat=Chat(first_name='عصام', id=1431003618, last_name='مرحب', type=<ChatType.PRIVATE>, username='Esam_Marhb'), date=datetime.datetime(2026, 6, 8, 12, 6, 42, tzinfo=datetime.timezone.utc), delete_chat_photo=False, entities=(MessageEntity(length=12, offset=0, type=<MessageEntityType.BOT_COMMAND>), MessageEntity(length=29, offset=13, type=<MessageEntityType.URL>)), from_user=User(first_name='عصام', id=1431003618, is_bot=False, language_code='ar', last_name='مرحب', username='Esam_Marhb'), group_chat_created=False, link_preview_options=LinkPreviewOptions(prefer_large_media=True, url='https://t.me/win_app_exe/3506'), message_id=82, supergroup_chat_created=False, text='/addsoftware https://t.me/win_app_exe/3506'), update_id=509989750) caused error Can't parse entities: character '.' is reserved and must be escaped with the preceding '\'
Traceback (most recent call last):
  File "/data/data/com.termux/files/home/telegram-software-bot/venv/lib/python3.13/site-packages/telegram/ext/_application.py", line 1315, in process_update
    await coroutine
  File "/data/data/com.termux/files/home/telegram-software-bot/venv/lib/python3.13/site-packages/telegram/ext/_handlers/basehandler.py", line 159, in handle_update
    return await self.callback(update, context)
           ^^^^^^^^^^^^^^^^^^^^^^^^^^^^^^^^^^^^
  File "/data/data/com.termux/files/home/telegram-software-bot/handlers/admin_handlers.py", line 140, in add_software_command
    await update.message.reply_text(
    ...<7 lines>...
    )
  File "/data/data/com.termux/files/home/telegram-software-bot/venv/lib/python3.13/site-packages/telegram/_message.py", line 2106, in reply_text
    return await self.get_bot().send_message(
           ^^^^^^^^^^^^^^^^^^^^^^^^^^^^^^^^^^
    ...<21 lines>...
    )
    ^
  File "/data/data/com.termux/files/home/telegram-software-bot/venv/lib/python3.13/site-packages/telegram/ext/_extbot.py", line 3118, in send_message
    return await super().send_message(
           ^^^^^^^^^^^^^^^^^^^^^^^^^^^
    ...<23 lines>...
    )
    ^
  File "/data/data/com.termux/files/home/telegram-software-bot/venv/lib/python3.13/site-packages/telegram/_bot.py", line 1123, in send_message
    return await self._send_message(
           ^^^^^^^^^^^^^^^^^^^^^^^^^
    ...<21 lines>...
    )
    ^
  File "/data/data/com.termux/files/home/telegram-software-bot/venv/lib/python3.13/site-packages/telegram/ext/_extbot.py", line 630, in _send_message
    result = await super()._send_message(
             ^^^^^^^^^^^^^^^^^^^^^^^^^^^^
    ...<23 lines>...
    )
    ^
  File "/data/data/com.termux/files/home/telegram-software-bot/venv/lib/python3.13/site-packages/telegram/_bot.py", line 820, in _send_message
    result = await self._post(
             ^^^^^^^^^^^^^^^^^
    ...<7 lines>...
    )
    ^
  File "/data/data/com.termux/files/home/telegram-software-bot/venv/lib/python3.13/site-packages/telegram/_bot.py", line 704, in _post
    return await self._do_post(
           ^^^^^^^^^^^^^^^^^^^^
    ...<6 lines>...
    )
    ^
  File "/data/data/com.termux/files/home/telegram-software-bot/venv/lib/python3.13/site-packages/telegram/ext/_extbot.py", line 370, in _do_post
    return await super()._do_post(
           ^^^^^^^^^^^^^^^^^^^^^^^
    ...<6 lines>...
    )
    ^
  File "/data/data/com.termux/files/home/telegram-software-bot/venv/lib/python3.13/site-packages/telegram/_bot.py", line 733, in _do_post
    result = await request.post(
             ^^^^^^^^^^^^^^^^^^^
    ...<6 lines>...
    )
    ^
  File "/data/data/com.termux/files/home/telegram-software-bot/venv/lib/python3.13/site-packages/telegram/request/_baserequest.py", line 198, in post
    result = await self._request_wrapper(
             ^^^^^^^^^^^^^^^^^^^^^^^^^^^^
    ...<7 lines>...
    )
    ^
  File "/data/data/com.termux/files/home/telegram-software-bot/venv/lib/python3.13/site-packages/telegram/request/_baserequest.py", line 375, in _request_wrapper
    raise exception
telegram.error.BadRequest: Can't parse entities: character '.' is reserved and must be escaped with the preceding '\'
2026-06-08 15:06:55 - bot - ERROR - main:_error_handler:109 - Update Update(message=Message(channel_chat_created=False, chat=Chat(first_name='MR ARABIC', id=7343202051, type=<ChatType.PRIVATE>, username='Eeeessesej'), date=datetime.datetime(2026, 6, 8, 12, 6, 55, tzinfo=datetime.timezone.utc), delete_chat_photo=False, entities=(MessageEntity(length=24, offset=0, type=<MessageEntityType.URL>),), from_user=User(first_name='MR ARABIC', id=7343202051, is_bot=False, language_code='ar', username='Eeeessesej'), group_chat_created=False, message_id=85, supergroup_chat_created=False, text='project-nomad-1.32.1.zip'), update_id=509989752) caused error Can't parse entities: character '.' is reserved and must be escaped with the preceding '\'
Traceback (most recent call last):
  File "/data/data/com.termux/files/home/telegram-software-bot/venv/lib/python3.13/site-packages/telegram/ext/_application.py", line 1315, in process_update
    await coroutine
  File "/data/data/com.termux/files/home/telegram-software-bot/venv/lib/python3.13/site-packages/telegram/ext/_handlers/basehandler.py", line 159, in handle_update
    return await self.callback(update, context)
           ^^^^^^^^^^^^^^^^^^^^^^^^^^^^^^^^^^^^
  File "/data/data/com.termux/files/home/telegram-software-bot/handlers/user_handlers.py", line 209, in handle_message
    await self._perform_search(
        update, context, sanitized_text, user.id
    )
  File "/data/data/com.termux/files/home/telegram-software-bot/handlers/user_handlers.py", line 253, in _perform_search
    searching_msg = await update.message.reply_text(
                    ^^^^^^^^^^^^^^^^^^^^^^^^^^^^^^^^
    ...<2 lines>...
    )
    ^
  File "/data/data/com.termux/files/home/telegram-software-bot/venv/lib/python3.13/site-packages/telegram/_message.py", line 2106, in reply_text
    return await self.get_bot().send_message(
           ^^^^^^^^^^^^^^^^^^^^^^^^^^^^^^^^^^
    ...<21 lines>...
    )
    ^
  File "/data/data/com.termux/files/home/telegram-software-bot/venv/lib/python3.13/site-packages/telegram/ext/_extbot.py", line 3118, in send_message
    return await super().send_message(
           ^^^^^^^^^^^^^^^^^^^^^^^^^^^
    ...<23 lines>...
    )
    ^
  File "/data/data/com.termux/files/home/telegram-software-bot/venv/lib/python3.13/site-packages/telegram/_bot.py", line 1123, in send_message
    return await self._send_message(
           ^^^^^^^^^^^^^^^^^^^^^^^^^
    ...<21 lines>...
    )
    ^
  File "/data/data/com.termux/files/home/telegram-software-bot/venv/lib/python3.13/site-packages/telegram/ext/_extbot.py", line 630, in _send_message
    result = await super()._send_message(
             ^^^^^^^^^^^^^^^^^^^^^^^^^^^^
    ...<23 lines>...
    )
    ^
  File "/data/data/com.termux/files/home/telegram-software-bot/venv/lib/python3.13/site-packages/telegram/_bot.py", line 820, in _send_message
    result = await self._post(
             ^^^^^^^^^^^^^^^^^
    ...<7 lines>...
    )
    ^
  File "/data/data/com.termux/files/home/telegram-software-bot/venv/lib/python3.13/site-packages/telegram/_bot.py", line 704, in _post
    return await self._do_post(
           ^^^^^^^^^^^^^^^^^^^^
    ...<6 lines>...
    )
    ^
  File "/data/data/com.termux/files/home/telegram-software-bot/venv/lib/python3.13/site-packages/telegram/ext/_extbot.py", line 370, in _do_post
    return await super()._do_post(
           ^^^^^^^^^^^^^^^^^^^^^^^
    ...<6 lines>...
    )
    ^
  File "/data/data/com.termux/files/home/telegram-software-bot/venv/lib/python3.13/site-packages/telegram/_bot.py", line 733, in _do_post
    result = await request.post(
             ^^^^^^^^^^^^^^^^^^^
    ...<6 lines>...
    )
    ^
  File "/data/data/com.termux/files/home/telegram-software-bot/venv/lib/python3.13/site-packages/telegram/request/_baserequest.py", line 198, in post
    result = await self._request_wrapper(
             ^^^^^^^^^^^^^^^^^^^^^^^^^^^^
    ...<7 lines>...
    )
    ^
  File "/data/data/com.termux/files/home/telegram-software-bot/venv/lib/python3.13/site-packages/telegram/request/_baserequest.py", line 375, in _request_wrapper
    raise exception
telegram.error.BadRequest: Can't parse entities: character '.' is reserved and must be escaped with the preceding '\'
2026-06-08 15:07:07 - bot - ERROR - main:_error_handler:109 - Update Update(message=Message(channel_chat_created=False, chat=Chat(first_name='عصام', id=1431003618, last_name='مرحب', type=<ChatType.PRIVATE>, username='Esam_Marhb'), date=datetime.datetime(2026, 6, 8, 12, 7, 7, tzinfo=datetime.timezone.utc), delete_chat_photo=False, entities=(MessageEntity(length=24, offset=0, type=<MessageEntityType.URL>),), from_user=User(first_name='عصام', id=1431003618, is_bot=False, language_code='ar', last_name='مرحب', username='Esam_Marhb'), group_chat_created=False, message_id=88, supergroup_chat_created=False, text='project-nomad-1.32.1.zip'), update_id=509989754) caused error Can't parse entities: character '.' is reserved and must be escaped with the preceding '\'
Traceback (most recent call last):
  File "/data/data/com.termux/files/home/telegram-software-bot/venv/lib/python3.13/site-packages/telegram/ext/_application.py", line 1315, in process_update
    await coroutine
  File "/data/data/com.termux/files/home/telegram-software-bot/venv/lib/python3.13/site-packages/telegram/ext/_handlers/basehandler.py", line 159, in handle_update
    return await self.callback(update, context)
           ^^^^^^^^^^^^^^^^^^^^^^^^^^^^^^^^^^^^
  File "/data/data/com.termux/files/home/telegram-software-bot/handlers/user_handlers.py", line 209, in handle_message
    await self._perform_search(
        update, context, sanitized_text, user.id
    )
  File "/data/data/com.termux/files/home/telegram-software-bot/handlers/user_handlers.py", line 253, in _perform_search
    searching_msg = await update.message.reply_text(
                    ^^^^^^^^^^^^^^^^^^^^^^^^^^^^^^^^
    ...<2 lines>...
    )
    ^
  File "/data/data/com.termux/files/home/telegram-software-bot/venv/lib/python3.13/site-packages/telegram/_message.py", line 2106, in reply_text
    return await self.get_bot().send_message(
           ^^^^^^^^^^^^^^^^^^^^^^^^^^^^^^^^^^
    ...<21 lines>...
    )
    ^
  File "/data/data/com.termux/files/home/telegram-software-bot/venv/lib/python3.13/site-packages/telegram/ext/_extbot.py", line 3118, in send_message
    return await super().send_message(
           ^^^^^^^^^^^^^^^^^^^^^^^^^^^
    ...<23 lines>...
    )
    ^
  File "/data/data/com.termux/files/home/telegram-software-bot/venv/lib/python3.13/site-packages/telegram/_bot.py", line 1123, in send_message
    return await self._send_message(
           ^^^^^^^^^^^^^^^^^^^^^^^^^
    ...<21 lines>...
    )
    ^
  File "/data/data/com.termux/files/home/telegram-software-bot/venv/lib/python3.13/site-packages/telegram/ext/_extbot.py", line 630, in _send_message
    result = await super()._send_message(
             ^^^^^^^^^^^^^^^^^^^^^^^^^^^^
    ...<23 lines>...
    )
    ^
  File "/data/data/com.termux/files/home/telegram-software-bot/venv/lib/python3.13/site-packages/telegram/_bot.py", line 820, in _send_message
    result = await self._post(
             ^^^^^^^^^^^^^^^^^
    ...<7 lines>...
    )
    ^
  File "/data/data/com.termux/files/home/telegram-software-bot/venv/lib/python3.13/site-packages/telegram/_bot.py", line 704, in _post
    return await self._do_post(
           ^^^^^^^^^^^^^^^^^^^^
    ...<6 lines>...
    )
    ^
  File "/data/data/com.termux/files/home/telegram-software-bot/venv/lib/python3.13/site-packages/telegram/ext/_extbot.py", line 370, in _do_post
    return await super()._do_post(
           ^^^^^^^^^^^^^^^^^^^^^^^
    ...<6 lines>...
    )
    ^
  File "/data/data/com.termux/files/home/telegram-software-bot/venv/lib/python3.13/site-packages/telegram/_bot.py", line 733, in _do_post
    result = await request.post(
             ^^^^^^^^^^^^^^^^^^^
    ...<6 lines>...
    )
    ^
  File "/data/data/com.termux/files/home/telegram-software-bot/venv/lib/python3.13/site-packages/telegram/request/_baserequest.py", line 198, in post
    result = await self._request_wrapper(
             ^^^^^^^^^^^^^^^^^^^^^^^^^^^^
    ...<7 lines>...
    )
    ^
  File "/data/data/com.termux/files/home/telegram-software-bot/venv/lib/python3.13/site-packages/telegram/request/_baserequest.py", line 375, in _request_wrapper
    raise exception
telegram.error.BadRequest: Can't parse entities: character '.' is reserved and must be escaped with the preceding '\'
2026-06-08 15:09:01 - bot - INFO - main:stop:166 - Stopping bot...
2026-06-08 15:10:21 - bot - INFO - main:initialize:52 - Initializing bot components...
2026-06-08 15:10:21 - bot - INFO - main:initialize:57 - Database initialized
2026-06-08 15:10:21 - bot - INFO - main:initialize:62 - Cache initialized
2026-06-08 15:10:22 - bot - INFO - main:_register_handlers:101 - Handlers registered
2026-06-08 15:10:22 - bot - INFO - main:initialize:81 - Bot initialized successfully
2026-06-08 15:10:22 - bot - INFO - main:start:136 - Starting bot...
2026-06-08 15:10:27 - bot - ERROR - main:start:158 - Failed to start bot: Timed out
Traceback (most recent call last):
  File "/data/data/com.termux/files/home/telegram-software-bot/venv/lib/python3.13/site-packages/httpx/_transports/default.py", line 101, in map_httpcore_exceptions
    yield
  File "/data/data/com.termux/files/home/telegram-software-bot/venv/lib/python3.13/site-packages/httpx/_transports/default.py", line 394, in handle_async_request
    resp = await self._pool.handle_async_request(req)
           ^^^^^^^^^^^^^^^^^^^^^^^^^^^^^^^^^^^^^^^^^^
  File "/data/data/com.termux/files/home/telegram-software-bot/venv/lib/python3.13/site-packages/httpcore/_async/connection_pool.py", line 256, in handle_async_request
    raise exc from None
  File "/data/data/com.termux/files/home/telegram-software-bot/venv/lib/python3.13/site-packages/httpcore/_async/connection_pool.py", line 236, in handle_async_request
    response = await connection.handle_async_request(
               ^^^^^^^^^^^^^^^^^^^^^^^^^^^^^^^^^^^^^^
        pool_request.request
        ^^^^^^^^^^^^^^^^^^^^
    )
    ^
  File "/data/data/com.termux/files/home/telegram-software-bot/venv/lib/python3.13/site-packages/httpcore/_async/connection.py", line 101, in handle_async_request
    raise exc
  File "/data/data/com.termux/files/home/telegram-software-bot/venv/lib/python3.13/site-packages/httpcore/_async/connection.py", line 78, in handle_async_request
    stream = await self._connect(request)
             ^^^^^^^^^^^^^^^^^^^^^^^^^^^^
  File "/data/data/com.termux/files/home/telegram-software-bot/venv/lib/python3.13/site-packages/httpcore/_async/connection.py", line 124, in _connect
    stream = await self._network_backend.connect_tcp(**kwargs)
             ^^^^^^^^^^^^^^^^^^^^^^^^^^^^^^^^^^^^^^^^^^^^^^^^^
  File "/data/data/com.termux/files/home/telegram-software-bot/venv/lib/python3.13/site-packages/httpcore/_backends/auto.py", line 31, in connect_tcp
    return await self._backend.connect_tcp(
           ^^^^^^^^^^^^^^^^^^^^^^^^^^^^^^^^
    ...<5 lines>...
    )
    ^
  File "/data/data/com.termux/files/home/telegram-software-bot/venv/lib/python3.13/site-packages/httpcore/_backends/anyio.py", line 113, in connect_tcp
    with map_exceptions(exc_map):
         ~~~~~~~~~~~~~~^^^^^^^^^
  File "/data/data/com.termux/files/usr/lib/python3.13/contextlib.py", line 162, in __exit__
    self.gen.throw(value)
    ~~~~~~~~~~~~~~^^^^^^^
  File "/data/data/com.termux/files/home/telegram-software-bot/venv/lib/python3.13/site-packages/httpcore/_exceptions.py", line 14, in map_exceptions
    raise to_exc(exc) from exc
httpcore.ConnectTimeout

The above exception was the direct cause of the following exception:

Traceback (most recent call last):
  File "/data/data/com.termux/files/home/telegram-software-bot/venv/lib/python3.13/site-packages/telegram/request/_httpxrequest.py", line 279, in do_request
    res = await self._client.request(
          ^^^^^^^^^^^^^^^^^^^^^^^^^^^
    ...<6 lines>...
    )
    ^
  File "/data/data/com.termux/files/home/telegram-software-bot/venv/lib/python3.13/site-packages/httpx/_client.py", line 1540, in request
    return await self.send(request, auth=auth, follow_redirects=follow_redirects)
           ^^^^^^^^^^^^^^^^^^^^^^^^^^^^^^^^^^^^^^^^^^^^^^^^^^^^^^^^^^^^^^^^^^^^^^
  File "/data/data/com.termux/files/home/telegram-software-bot/venv/lib/python3.13/site-packages/httpx/_client.py", line 1629, in send
    response = await self._send_handling_auth(
               ^^^^^^^^^^^^^^^^^^^^^^^^^^^^^^^
    ...<4 lines>...
    )
    ^
  File "/data/data/com.termux/files/home/telegram-software-bot/venv/lib/python3.13/site-packages/httpx/_client.py", line 1657, in _send_handling_auth
    response = await self._send_handling_redirects(
               ^^^^^^^^^^^^^^^^^^^^^^^^^^^^^^^^^^^^
    ...<3 lines>...
    )
    ^
  File "/data/data/com.termux/files/home/telegram-software-bot/venv/lib/python3.13/site-packages/httpx/_client.py", line 1694, in _send_handling_redirects
    response = await self._send_single_request(request)
               ^^^^^^^^^^^^^^^^^^^^^^^^^^^^^^^^^^^^^^^^
  File "/data/data/com.termux/files/home/telegram-software-bot/venv/lib/python3.13/site-packages/httpx/_client.py", line 1730, in _send_single_request
    response = await transport.handle_async_request(request)
               ^^^^^^^^^^^^^^^^^^^^^^^^^^^^^^^^^^^^^^^^^^^^^
  File "/data/data/com.termux/files/home/telegram-software-bot/venv/lib/python3.13/site-packages/httpx/_transports/default.py", line 393, in handle_async_request
    with map_httpcore_exceptions():
         ~~~~~~~~~~~~~~~~~~~~~~~^^
  File "/data/data/com.termux/files/usr/lib/python3.13/contextlib.py", line 162, in __exit__
    self.gen.throw(value)
    ~~~~~~~~~~~~~~^^^^^^^
  File "/data/data/com.termux/files/home/telegram-software-bot/venv/lib/python3.13/site-packages/httpx/_transports/default.py", line 118, in map_httpcore_exceptions
    raise mapped_exc(message) from exc
httpx.ConnectTimeout

The above exception was the direct cause of the following exception:

Traceback (most recent call last):
  File "/data/data/com.termux/files/home/telegram-software-bot/main.py", line 140, in start
    await self.application.initialize()
  File "/data/data/com.termux/files/home/telegram-software-bot/venv/lib/python3.13/site-packages/telegram/ext/_application.py", line 489, in initialize
    await self.bot.initialize()
  File "/data/data/com.termux/files/home/telegram-software-bot/venv/lib/python3.13/site-packages/telegram/ext/_extbot.py", line 316, in initialize
    await super().initialize()
  File "/data/data/com.termux/files/home/telegram-software-bot/venv/lib/python3.13/site-packages/telegram/_bot.py", line 857, in initialize
    await self.get_me()
  File "/data/data/com.termux/files/home/telegram-software-bot/venv/lib/python3.13/site-packages/telegram/ext/_extbot.py", line 2008, in get_me
    return await super().get_me(
           ^^^^^^^^^^^^^^^^^^^^^
    ...<5 lines>...
    )
    ^
  File "/data/data/com.termux/files/home/telegram-software-bot/venv/lib/python3.13/site-packages/telegram/_bot.py", line 990, in get_me
    result = await self._post(
             ^^^^^^^^^^^^^^^^^
    ...<6 lines>...
    )
    ^
  File "/data/data/com.termux/files/home/telegram-software-bot/venv/lib/python3.13/site-packages/telegram/_bot.py", line 704, in _post
    return await self._do_post(
           ^^^^^^^^^^^^^^^^^^^^
    ...<6 lines>...
    )
    ^
  File "/data/data/com.termux/files/home/telegram-software-bot/venv/lib/python3.13/site-packages/telegram/ext/_extbot.py", line 370, in _do_post
    return await super()._do_post(
           ^^^^^^^^^^^^^^^^^^^^^^^
    ...<6 lines>...
    )
    ^
  File "/data/data/com.termux/files/home/telegram-software-bot/venv/lib/python3.13/site-packages/telegram/_bot.py", line 733, in _do_post
    result = await request.post(
             ^^^^^^^^^^^^^^^^^^^
    ...<6 lines>...
    )
    ^
  File "/data/data/com.termux/files/home/telegram-software-bot/venv/lib/python3.13/site-packages/telegram/request/_baserequest.py", line 198, in post
    result = await self._request_wrapper(
             ^^^^^^^^^^^^^^^^^^^^^^^^^^^^
    ...<7 lines>...
    )
    ^
  File "/data/data/com.termux/files/home/telegram-software-bot/venv/lib/python3.13/site-packages/telegram/request/_baserequest.py", line 305, in _request_wrapper
    code, payload = await self.do_request(
                    ^^^^^^^^^^^^^^^^^^^^^^
    ...<7 lines>...
    )
    ^
  File "/data/data/com.termux/files/home/telegram-software-bot/venv/lib/python3.13/site-packages/telegram/request/_httpxrequest.py", line 296, in do_request
    raise TimedOut from err
telegram.error.TimedOut: Timed out
2026-06-08 15:10:27 - bot - ERROR - main:main:231 - Fatal error: Timed out
Traceback (most recent call last):
  File "/data/data/com.termux/files/home/telegram-software-bot/venv/lib/python3.13/site-packages/httpx/_transports/default.py", line 101, in map_httpcore_exceptions
    yield
  File "/data/data/com.termux/files/home/telegram-software-bot/venv/lib/python3.13/site-packages/httpx/_transports/default.py", line 394, in handle_async_request
    resp = await self._pool.handle_async_request(req)
           ^^^^^^^^^^^^^^^^^^^^^^^^^^^^^^^^^^^^^^^^^^
  File "/data/data/com.termux/files/home/telegram-software-bot/venv/lib/python3.13/site-packages/httpcore/_async/connection_pool.py", line 256, in handle_async_request
    raise exc from None
  File "/data/data/com.termux/files/home/telegram-software-bot/venv/lib/python3.13/site-packages/httpcore/_async/connection_pool.py", line 236, in handle_async_request
    response = await connection.handle_async_request(
               ^^^^^^^^^^^^^^^^^^^^^^^^^^^^^^^^^^^^^^
        pool_request.request
        ^^^^^^^^^^^^^^^^^^^^
    )
    ^
  File "/data/data/com.termux/files/home/telegram-software-bot/venv/lib/python3.13/site-packages/httpcore/_async/connection.py", line 101, in handle_async_request
    raise exc
  File "/data/data/com.termux/files/home/telegram-software-bot/venv/lib/python3.13/site-packages/httpcore/_async/connection.py", line 78, in handle_async_request
    stream = await self._connect(request)
             ^^^^^^^^^^^^^^^^^^^^^^^^^^^^
  File "/data/data/com.termux/files/home/telegram-software-bot/venv/lib/python3.13/site-packages/httpcore/_async/connection.py", line 124, in _connect
    stream = await self._network_backend.connect_tcp(**kwargs)
             ^^^^^^^^^^^^^^^^^^^^^^^^^^^^^^^^^^^^^^^^^^^^^^^^^
  File "/data/data/com.termux/files/home/telegram-software-bot/venv/lib/python3.13/site-packages/httpcore/_backends/auto.py", line 31, in connect_tcp
    return await self._backend.connect_tcp(
           ^^^^^^^^^^^^^^^^^^^^^^^^^^^^^^^^
    ...<5 lines>...
    )
    ^
  File "/data/data/com.termux/files/home/telegram-software-bot/venv/lib/python3.13/site-packages/httpcore/_backends/anyio.py", line 113, in connect_tcp
    with map_exceptions(exc_map):
         ~~~~~~~~~~~~~~^^^^^^^^^
  File "/data/data/com.termux/files/usr/lib/python3.13/contextlib.py", line 162, in __exit__
    self.gen.throw(value)
    ~~~~~~~~~~~~~~^^^^^^^
  File "/data/data/com.termux/files/home/telegram-software-bot/venv/lib/python3.13/site-packages/httpcore/_exceptions.py", line 14, in map_exceptions
    raise to_exc(exc) from exc
httpcore.ConnectTimeout

The above exception was the direct cause of the following exception:

Traceback (most recent call last):
  File "/data/data/com.termux/files/home/telegram-software-bot/venv/lib/python3.13/site-packages/telegram/request/_httpxrequest.py", line 279, in do_request
    res = await self._client.request(
          ^^^^^^^^^^^^^^^^^^^^^^^^^^^
    ...<6 lines>...
    )
    ^
  File "/data/data/com.termux/files/home/telegram-software-bot/venv/lib/python3.13/site-packages/httpx/_client.py", line 1540, in request
    return await self.send(request, auth=auth, follow_redirects=follow_redirects)
           ^^^^^^^^^^^^^^^^^^^^^^^^^^^^^^^^^^^^^^^^^^^^^^^^^^^^^^^^^^^^^^^^^^^^^^
  File "/data/data/com.termux/files/home/telegram-software-bot/venv/lib/python3.13/site-packages/httpx/_client.py", line 1629, in send
    response = await self._send_handling_auth(
               ^^^^^^^^^^^^^^^^^^^^^^^^^^^^^^^
    ...<4 lines>...
    )
    ^
  File "/data/data/com.termux/files/home/telegram-software-bot/venv/lib/python3.13/site-packages/httpx/_client.py", line 1657, in _send_handling_auth
    response = await self._send_handling_redirects(
               ^^^^^^^^^^^^^^^^^^^^^^^^^^^^^^^^^^^^
    ...<3 lines>...
    )
    ^
  File "/data/data/com.termux/files/home/telegram-software-bot/venv/lib/python3.13/site-packages/httpx/_client.py", line 1694, in _send_handling_redirects
    response = await self._send_single_request(request)
               ^^^^^^^^^^^^^^^^^^^^^^^^^^^^^^^^^^^^^^^^
  File "/data/data/com.termux/files/home/telegram-software-bot/venv/lib/python3.13/site-packages/httpx/_client.py", line 1730, in _send_single_request
    response = await transport.handle_async_request(request)
               ^^^^^^^^^^^^^^^^^^^^^^^^^^^^^^^^^^^^^^^^^^^^^
  File "/data/data/com.termux/files/home/telegram-software-bot/venv/lib/python3.13/site-packages/httpx/_transports/default.py", line 393, in handle_async_request
    with map_httpcore_exceptions():
         ~~~~~~~~~~~~~~~~~~~~~~~^^
  File "/data/data/com.termux/files/usr/lib/python3.13/contextlib.py", line 162, in __exit__
    self.gen.throw(value)
    ~~~~~~~~~~~~~~^^^^^^^
  File "/data/data/com.termux/files/home/telegram-software-bot/venv/lib/python3.13/site-packages/httpx/_transports/default.py", line 118, in map_httpcore_exceptions
    raise mapped_exc(message) from exc
httpx.ConnectTimeout

The above exception was the direct cause of the following exception:

Traceback (most recent call last):
  File "/data/data/com.termux/files/home/telegram-software-bot/main.py", line 227, in main
    await bot.start()
  File "/data/data/com.termux/files/home/telegram-software-bot/main.py", line 140, in start
    await self.application.initialize()
  File "/data/data/com.termux/files/home/telegram-software-bot/venv/lib/python3.13/site-packages/telegram/ext/_application.py", line 489, in initialize
    await self.bot.initialize()
  File "/data/data/com.termux/files/home/telegram-software-bot/venv/lib/python3.13/site-packages/telegram/ext/_extbot.py", line 316, in initialize
    await super().initialize()
  File "/data/data/com.termux/files/home/telegram-software-bot/venv/lib/python3.13/site-packages/telegram/_bot.py", line 857, in initialize
    await self.get_me()
  File "/data/data/com.termux/files/home/telegram-software-bot/venv/lib/python3.13/site-packages/telegram/ext/_extbot.py", line 2008, in get_me
    return await super().get_me(
           ^^^^^^^^^^^^^^^^^^^^^
    ...<5 lines>...
    )
    ^
  File "/data/data/com.termux/files/home/telegram-software-bot/venv/lib/python3.13/site-packages/telegram/_bot.py", line 990, in get_me
    result = await self._post(
             ^^^^^^^^^^^^^^^^^
    ...<6 lines>...
    )
    ^
  File "/data/data/com.termux/files/home/telegram-software-bot/venv/lib/python3.13/site-packages/telegram/_bot.py", line 704, in _post
    return await self._do_post(
           ^^^^^^^^^^^^^^^^^^^^
    ...<6 lines>...
    )
    ^
  File "/data/data/com.termux/files/home/telegram-software-bot/venv/lib/python3.13/site-packages/telegram/ext/_extbot.py", line 370, in _do_post
    return await super()._do_post(
           ^^^^^^^^^^^^^^^^^^^^^^^
    ...<6 lines>...
    )
    ^
  File "/data/data/com.termux/files/home/telegram-software-bot/venv/lib/python3.13/site-packages/telegram/_bot.py", line 733, in _do_post
    result = await request.post(
             ^^^^^^^^^^^^^^^^^^^
    ...<6 lines>...
    )
    ^
  File "/data/data/com.termux/files/home/telegram-software-bot/venv/lib/python3.13/site-packages/telegram/request/_baserequest.py", line 198, in post
    result = await self._request_wrapper(
             ^^^^^^^^^^^^^^^^^^^^^^^^^^^^
    ...<7 lines>...
    )
    ^
  File "/data/data/com.termux/files/home/telegram-software-bot/venv/lib/python3.13/site-packages/telegram/request/_baserequest.py", line 305, in _request_wrapper
    code, payload = await self.do_request(
                    ^^^^^^^^^^^^^^^^^^^^^^
    ...<7 lines>...
    )
    ^
  File "/data/data/com.termux/files/home/telegram-software-bot/venv/lib/python3.13/site-packages/telegram/request/_httpxrequest.py", line 296, in do_request
    raise TimedOut from err
telegram.error.TimedOut: Timed out
2026-06-08 15:10:27 - bot - INFO - main:stop:166 - Stopping bot...
2026-06-08 15:10:27 - bot - ERROR - main:stop:185 - Error stopping bot: This Updater is not running!
2026-06-08 15:54:11 - bot - INFO - main:initialize:52 - Initializing bot components...
2026-06-08 15:54:11 - bot - INFO - main:initialize:57 - Database initialized
2026-06-08 15:54:11 - bot - INFO - main:initialize:62 - Cache initialized
2026-06-08 15:54:11 - bot - INFO - main:_register_handlers:101 - Handlers registered
2026-06-08 15:54:11 - bot - INFO - main:initialize:81 - Bot initialized successfully
2026-06-08 15:54:11 - bot - INFO - main:start:136 - Starting bot...
2026-06-08 15:54:12 - bot - INFO - main:start:147 - Bot started successfully
2026-06-08 15:54:13 - bot - INFO - main:start:148 - Bot username: @Esamaibot
2026-06-08 15:54:18 - bot - ERROR - main:_error_handler:109 - Update Update(callback_query=CallbackQuery(chat_instance='2687171661052618728', data='admin_software', from_user=User(first_name='عصام', id=1431003618, is_bot=False, language_code='ar', last_name='مرحب', username='Esam_Marhb'), id='6146113743141936617', message=Message(channel_chat_created=False, chat=Chat(first_name='عصام', id=1431003618, last_name='مرحب', type=<ChatType.PRIVATE>, username='Esam_Marhb'), date=datetime.datetime(2026, 6, 8, 12, 54, 17, tzinfo=datetime.timezone.utc), delete_chat_photo=False, entities=(MessageEntity(length=11, offset=3, type=<MessageEntityType.BOLD>), MessageEntity(length=11, offset=19, type=<MessageEntityType.BOLD>), MessageEntity(length=8, offset=87, type=<MessageEntityType.BOLD>), MessageEntity(length=7, offset=114, type=<MessageEntityType.BOLD>)), from_user=User(first_name='مكتبة عصام التقنية', id=8822102096, is_bot=True, username='Esamaibot'), group_chat_created=False, message_id=99, reply_markup=InlineKeyboardMarkup(inline_keyboard=((InlineKeyboardButton(callback_data='admin_software', text='📋 إدارة البرامج'), InlineKeyboardButton(callback_data='admin_users', text='👥 إدارة المستخدمين')), (InlineKeyboardButton(callback_data='admin_stats', text='📊 إحصائيات'), InlineKeyboardButton(callback_data='admin_broadcast', text='📢 إرسال جماعي')), (InlineKeyboardButton(callback_data='admin_backup', text='💾 نسخ احتياطي'), InlineKeyboardButton(callback_data='admin_maintenance', text='🔧 صيانة')), (InlineKeyboardButton(callback_data='admin_reindex', text='🔄 إعادة فهرسة'), InlineKeyboardButton(callback_data='admin_settings', text='⚙️ الإعدادات')))), supergroup_chat_created=False, text='📊 لوحة التحكم\n\n👥 المستخدمين:\n• الإجمالي: 2\n• النشطون اليوم: 2\n• النشطون الشهر: 2\n\n📦 البرامج:\n• الإجمالي: 0\n\n📈 النشاط:\n• إجمالي البحث: 0\n• بحث اليوم: 0\n• إجمالي التحميل: 0\n• تحميل اليوم: 0')), update_id=509989765) caused error CallbackHandlers.handle_callback() missing 1 required positional argument: 'context'
Traceback (most recent call last):
  File "/data/data/com.termux/files/home/telegram-software-bot/venv/lib/python3.13/site-packages/telegram/ext/_application.py", line 1315, in process_update
    await coroutine
  File "/data/data/com.termux/files/home/telegram-software-bot/venv/lib/python3.13/site-packages/telegram/ext/_handlers/basehandler.py", line 159, in handle_update
    return await self.callback(update, context)
                 ~~~~~~~~~~~~~^^^^^^^^^^^^^^^^^
TypeError: CallbackHandlers.handle_callback() missing 1 required positional argument: 'context'
2026-06-08 15:54:28 - bot - ERROR - main:_error_handler:109 - Update Update(message=Message(channel_chat_created=False, chat=Chat(first_name='عصام', id=1431003618, last_name='مرحب', type=<ChatType.PRIVATE>, username='Esam_Marhb'), date=datetime.datetime(2026, 6, 8, 12, 54, 27, tzinfo=datetime.timezone.utc), delete_chat_photo=False, entities=(MessageEntity(length=8, offset=0, type=<MessageEntityType.BOT_COMMAND>),), from_user=User(first_name='عصام', id=1431003618, is_bot=False, language_code='ar', last_name='مرحب', username='Esam_Marhb'), group_chat_created=False, message_id=100, supergroup_chat_created=False, text='/reindex'), update_id=509989766) caused error Can't parse entities: character '.' is reserved and must be escaped with the preceding '\'
Traceback (most recent call last):
  File "/data/data/com.termux/files/home/telegram-software-bot/venv/lib/python3.13/site-packages/telegram/ext/_application.py", line 1315, in process_update
    await coroutine
  File "/data/data/com.termux/files/home/telegram-software-bot/venv/lib/python3.13/site-packages/telegram/ext/_handlers/basehandler.py", line 159, in handle_update
    return await self.callback(update, context)
           ^^^^^^^^^^^^^^^^^^^^^^^^^^^^^^^^^^^^
  File "/data/data/com.termux/files/home/telegram-software-bot/handlers/admin_handlers.py", line 403, in reindex_command
    await update.message.reply_text("🔄 *جاري إعادة الفهرسة...*")
  File "/data/data/com.termux/files/home/telegram-software-bot/venv/lib/python3.13/site-packages/telegram/_message.py", line 2106, in reply_text
    return await self.get_bot().send_message(
           ^^^^^^^^^^^^^^^^^^^^^^^^^^^^^^^^^^
    ...<21 lines>...
    )
    ^
  File "/data/data/com.termux/files/home/telegram-software-bot/venv/lib/python3.13/site-packages/telegram/ext/_extbot.py", line 3118, in send_message
    return await super().send_message(
           ^^^^^^^^^^^^^^^^^^^^^^^^^^^
    ...<23 lines>...
    )
    ^
  File "/data/data/com.termux/files/home/telegram-software-bot/venv/lib/python3.13/site-packages/telegram/_bot.py", line 1123, in send_message
    return await self._send_message(
           ^^^^^^^^^^^^^^^^^^^^^^^^^
    ...<21 lines>...
    )
    ^
  File "/data/data/com.termux/files/home/telegram-software-bot/venv/lib/python3.13/site-packages/telegram/ext/_extbot.py", line 630, in _send_message
    result = await super()._send_message(
             ^^^^^^^^^^^^^^^^^^^^^^^^^^^^
    ...<23 lines>...
    )
    ^
  File "/data/data/com.termux/files/home/telegram-software-bot/venv/lib/python3.13/site-packages/telegram/_bot.py", line 820, in _send_message
    result = await self._post(
             ^^^^^^^^^^^^^^^^^
    ...<7 lines>...
    )
    ^
  File "/data/data/com.termux/files/home/telegram-software-bot/venv/lib/python3.13/site-packages/telegram/_bot.py", line 704, in _post
    return await self._do_post(
           ^^^^^^^^^^^^^^^^^^^^
    ...<6 lines>...
    )
    ^
  File "/data/data/com.termux/files/home/telegram-software-bot/venv/lib/python3.13/site-packages/telegram/ext/_extbot.py", line 370, in _do_post
    return await super()._do_post(
           ^^^^^^^^^^^^^^^^^^^^^^^
    ...<6 lines>...
    )
    ^
  File "/data/data/com.termux/files/home/telegram-software-bot/venv/lib/python3.13/site-packages/telegram/_bot.py", line 733, in _do_post
    result = await request.post(
             ^^^^^^^^^^^^^^^^^^^
    ...<6 lines>...
    )
    ^
  File "/data/data/com.termux/files/home/telegram-software-bot/venv/lib/python3.13/site-packages/telegram/request/_baserequest.py", line 198, in post
    result = await self._request_wrapper(
             ^^^^^^^^^^^^^^^^^^^^^^^^^^^^
    ...<7 lines>...
    )
    ^
  File "/data/data/com.termux/files/home/telegram-software-bot/venv/lib/python3.13/site-packages/telegram/request/_baserequest.py", line 375, in _request_wrapper
    raise exception
telegram.error.BadRequest: Can't parse entities: character '.' is reserved and must be escaped with the preceding '\'
2026-06-08 15:54:32 - bot - ERROR - main:_error_handler:109 - Update Update(message=Message(channel_chat_created=False, chat=Chat(first_name='عصام', id=1431003618, last_name='مرحب', type=<ChatType.PRIVATE>, username='Esam_Marhb'), date=datetime.datetime(2026, 6, 8, 12, 54, 32, tzinfo=datetime.timezone.utc), delete_chat_photo=False, entities=(MessageEntity(length=12, offset=0, type=<MessageEntityType.BOT_COMMAND>),), from_user=User(first_name='عصام', id=1431003618, is_bot=False, language_code='ar', last_name='مرحب', username='Esam_Marhb'), group_chat_created=False, message_id=101, supergroup_chat_created=False, text='/addsoftware'), update_id=509989767) caused error Can't parse entities: character '.' is reserved and must be escaped with the preceding '\'
Traceback (most recent call last):
  File "/data/data/com.termux/files/home/telegram-software-bot/venv/lib/python3.13/site-packages/telegram/ext/_application.py", line 1315, in process_update
    await coroutine
  File "/data/data/com.termux/files/home/telegram-software-bot/venv/lib/python3.13/site-packages/telegram/ext/_handlers/basehandler.py", line 159, in handle_update
    return await self.callback(update, context)
           ^^^^^^^^^^^^^^^^^^^^^^^^^^^^^^^^^^^^
  File "/data/data/com.termux/files/home/telegram-software-bot/handlers/admin_handlers.py", line 140, in add_software_command
    await update.message.reply_text(
    ...<7 lines>...
    )
  File "/data/data/com.termux/files/home/telegram-software-bot/venv/lib/python3.13/site-packages/telegram/_message.py", line 2106, in reply_text
    return await self.get_bot().send_message(
           ^^^^^^^^^^^^^^^^^^^^^^^^^^^^^^^^^^
    ...<21 lines>...
    )
    ^
  File "/data/data/com.termux/files/home/telegram-software-bot/venv/lib/python3.13/site-packages/telegram/ext/_extbot.py", line 3118, in send_message
    return await super().send_message(
           ^^^^^^^^^^^^^^^^^^^^^^^^^^^
    ...<23 lines>...
    )
    ^
  File "/data/data/com.termux/files/home/telegram-software-bot/venv/lib/python3.13/site-packages/telegram/_bot.py", line 1123, in send_message
    return await self._send_message(
           ^^^^^^^^^^^^^^^^^^^^^^^^^
    ...<21 lines>...
    )
    ^
  File "/data/data/com.termux/files/home/telegram-software-bot/venv/lib/python3.13/site-packages/telegram/ext/_extbot.py", line 630, in _send_message
    result = await super()._send_message(
             ^^^^^^^^^^^^^^^^^^^^^^^^^^^^
    ...<23 lines>...
    )
    ^
  File "/data/data/com.termux/files/home/telegram-software-bot/venv/lib/python3.13/site-packages/telegram/_bot.py", line 820, in _send_message
    result = await self._post(
             ^^^^^^^^^^^^^^^^^
    ...<7 lines>...
    )
    ^
  File "/data/data/com.termux/files/home/telegram-software-bot/venv/lib/python3.13/site-packages/telegram/_bot.py", line 704, in _post
    return await self._do_post(
           ^^^^^^^^^^^^^^^^^^^^
    ...<6 lines>...
    )
    ^
  File "/data/data/com.termux/files/home/telegram-software-bot/venv/lib/python3.13/site-packages/telegram/ext/_extbot.py", line 370, in _do_post
    return await super()._do_post(
           ^^^^^^^^^^^^^^^^^^^^^^^
    ...<6 lines>...
    )
    ^
  File "/data/data/com.termux/files/home/telegram-software-bot/venv/lib/python3.13/site-packages/telegram/_bot.py", line 733, in _do_post
    result = await request.post(
             ^^^^^^^^^^^^^^^^^^^
    ...<6 lines>...
    )
    ^
  File "/data/data/com.termux/files/home/telegram-software-bot/venv/lib/python3.13/site-packages/telegram/request/_baserequest.py", line 198, in post
    result = await self._request_wrapper(
             ^^^^^^^^^^^^^^^^^^^^^^^^^^^^
    ...<7 lines>...
    )
    ^
  File "/data/data/com.termux/files/home/telegram-software-bot/venv/lib/python3.13/site-packages/telegram/request/_baserequest.py", line 375, in _request_wrapper
    raise exception
telegram.error.BadRequest: Can't parse entities: character '.' is reserved and must be escaped with the preceding '\'
2026-06-08 15:54:43 - bot - INFO - main:stop:166 - Stopping bot...
2026-06-08 15:57:50 - bot - INFO - main:initialize:52 - Initializing bot components...
2026-06-08 15:57:50 - bot - INFO - main:initialize:57 - Database initialized
2026-06-08 15:57:50 - bot - INFO - main:initialize:62 - Cache initialized
2026-06-08 15:57:50 - bot - INFO - main:_register_handlers:101 - Handlers registered
2026-06-08 15:57:50 - bot - INFO - main:initialize:81 - Bot initialized successfully
2026-06-08 15:57:50 - bot - INFO - main:start:136 - Starting bot...
2026-06-08 15:57:51 - bot - INFO - main:start:147 - Bot started successfully
2026-06-08 15:57:51 - bot - INFO - main:start:148 - Bot username: @Esamaibot
2026-06-08 15:57:53 - bot - ERROR - main:_error_handler:109 - Update Update(message=Message(channel_chat_created=False, chat=Chat(first_name='عصام', id=1431003618, last_name='مرحب', type=<ChatType.PRIVATE>, username='Esam_Marhb'), date=datetime.datetime(2026, 6, 8, 12, 57, 53, tzinfo=datetime.timezone.utc), delete_chat_photo=False, entities=(MessageEntity(length=8, offset=0, type=<MessageEntityType.BOT_COMMAND>),), from_user=User(first_name='عصام', id=1431003618, is_bot=False, language_code='ar', last_name='مرحب', username='Esam_Marhb'), group_chat_created=False, message_id=107, supergroup_chat_created=False, text='/reindex'), update_id=509989774) caused error Can't parse entities: character '.' is reserved and must be escaped with the preceding '\'
Traceback (most recent call last):
  File "/data/data/com.termux/files/home/telegram-software-bot/venv/lib/python3.13/site-packages/telegram/ext/_application.py", line 1315, in process_update
    await coroutine
  File "/data/data/com.termux/files/home/telegram-software-bot/venv/lib/python3.13/site-packages/telegram/ext/_handlers/basehandler.py", line 159, in handle_update
    return await self.callback(update, context)
           ^^^^^^^^^^^^^^^^^^^^^^^^^^^^^^^^^^^^
  File "/data/data/com.termux/files/home/telegram-software-bot/handlers/admin_handlers.py", line 403, in reindex_command
    await update.message.reply_text("🔄 *جاري إعادة الفهرسة...*")
  File "/data/data/com.termux/files/home/telegram-software-bot/venv/lib/python3.13/site-packages/telegram/_message.py", line 2106, in reply_text
    return await self.get_bot().send_message(
           ^^^^^^^^^^^^^^^^^^^^^^^^^^^^^^^^^^
    ...<21 lines>...
    )
    ^
  File "/data/data/com.termux/files/home/telegram-software-bot/venv/lib/python3.13/site-packages/telegram/ext/_extbot.py", line 3118, in send_message
    return await super().send_message(
           ^^^^^^^^^^^^^^^^^^^^^^^^^^^
    ...<23 lines>...
    )
    ^
  File "/data/data/com.termux/files/home/telegram-software-bot/venv/lib/python3.13/site-packages/telegram/_bot.py", line 1123, in send_message
    return await self._send_message(
           ^^^^^^^^^^^^^^^^^^^^^^^^^
    ...<21 lines>...
    )
    ^
  File "/data/data/com.termux/files/home/telegram-software-bot/venv/lib/python3.13/site-packages/telegram/ext/_extbot.py", line 630, in _send_message
    result = await super()._send_message(
             ^^^^^^^^^^^^^^^^^^^^^^^^^^^^
    ...<23 lines>...
    )
    ^
  File "/data/data/com.termux/files/home/telegram-software-bot/venv/lib/python3.13/site-packages/telegram/_bot.py", line 820, in _send_message
    result = await self._post(
             ^^^^^^^^^^^^^^^^^
    ...<7 lines>...
    )
    ^
  File "/data/data/com.termux/files/home/telegram-software-bot/venv/lib/python3.13/site-packages/telegram/_bot.py", line 704, in _post
    return await self._do_post(
           ^^^^^^^^^^^^^^^^^^^^
    ...<6 lines>...
    )
    ^
  File "/data/data/com.termux/files/home/telegram-software-bot/venv/lib/python3.13/site-packages/telegram/ext/_extbot.py", line 370, in _do_post
    return await super()._do_post(
           ^^^^^^^^^^^^^^^^^^^^^^^
    ...<6 lines>...
    )
    ^
  File "/data/data/com.termux/files/home/telegram-software-bot/venv/lib/python3.13/site-packages/telegram/_bot.py", line 733, in _do_post
    result = await request.post(
             ^^^^^^^^^^^^^^^^^^^
    ...<6 lines>...
    )
    ^
  File "/data/data/com.termux/files/home/telegram-software-bot/venv/lib/python3.13/site-packages/telegram/request/_baserequest.py", line 198, in post
    result = await self._request_wrapper(
             ^^^^^^^^^^^^^^^^^^^^^^^^^^^^
    ...<7 lines>...
    )
    ^
  File "/data/data/com.termux/files/home/telegram-software-bot/venv/lib/python3.13/site-packages/telegram/request/_baserequest.py", line 375, in _request_wrapper
    raise exception
telegram.error.BadRequest: Can't parse entities: character '.' is reserved and must be escaped with the preceding '\'
2026-06-08 15:58:15 - bot - ERROR - main:_error_handler:109 - Update Update(message=Message(channel_chat_created=False, chat=Chat(first_name='عصام', id=1431003618, last_name='مرحب', type=<ChatType.PRIVATE>, username='Esam_Marhb'), date=datetime.datetime(2026, 6, 8, 12, 58, 15, tzinfo=datetime.timezone.utc), delete_chat_photo=False, entities=(MessageEntity(length=8, offset=0, type=<MessageEntityType.BOT_COMMAND>),), from_user=User(first_name='عصام', id=1431003618, is_bot=False, language_code='ar', last_name='مرحب', username='Esam_Marhb'), group_chat_created=False, message_id=110, supergroup_chat_created=False, text='/reindex'), update_id=509989776) caused error Can't parse entities: character '.' is reserved and must be escaped with the preceding '\'
Traceback (most recent call last):
  File "/data/data/com.termux/files/home/telegram-software-bot/venv/lib/python3.13/site-packages/telegram/ext/_application.py", line 1315, in process_update
    await coroutine
  File "/data/data/com.termux/files/home/telegram-software-bot/venv/lib/python3.13/site-packages/telegram/ext/_handlers/basehandler.py", line 159, in handle_update
    return await self.callback(update, context)
           ^^^^^^^^^^^^^^^^^^^^^^^^^^^^^^^^^^^^
  File "/data/data/com.termux/files/home/telegram-software-bot/handlers/admin_handlers.py", line 403, in reindex_command
    await update.message.reply_text("🔄 *جاري إعادة الفهرسة...*")
  File "/data/data/com.termux/files/home/telegram-software-bot/venv/lib/python3.13/site-packages/telegram/_message.py", line 2106, in reply_text
    return await self.get_bot().send_message(
           ^^^^^^^^^^^^^^^^^^^^^^^^^^^^^^^^^^
    ...<21 lines>...
    )
    ^
  File "/data/data/com.termux/files/home/telegram-software-bot/venv/lib/python3.13/site-packages/telegram/ext/_extbot.py", line 3118, in send_message
    return await super().send_message(
           ^^^^^^^^^^^^^^^^^^^^^^^^^^^
    ...<23 lines>...
    )
    ^
  File "/data/data/com.termux/files/home/telegram-software-bot/venv/lib/python3.13/site-packages/telegram/_bot.py", line 1123, in send_message
    return await self._send_message(
           ^^^^^^^^^^^^^^^^^^^^^^^^^
    ...<21 lines>...
    )
    ^
  File "/data/data/com.termux/files/home/telegram-software-bot/venv/lib/python3.13/site-packages/telegram/ext/_extbot.py", line 630, in _send_message
    result = await super()._send_message(
             ^^^^^^^^^^^^^^^^^^^^^^^^^^^^
    ...<23 lines>...
    )
    ^
  File "/data/data/com.termux/files/home/telegram-software-bot/venv/lib/python3.13/site-packages/telegram/_bot.py", line 820, in _send_message
    result = await self._post(
             ^^^^^^^^^^^^^^^^^
    ...<7 lines>...
    )
    ^
  File "/data/data/com.termux/files/home/telegram-software-bot/venv/lib/python3.13/site-packages/telegram/_bot.py", line 704, in _post
    return await self._do_post(
           ^^^^^^^^^^^^^^^^^^^^
    ...<6 lines>...
    )
    ^
  File "/data/data/com.termux/files/home/telegram-software-bot/venv/lib/python3.13/site-packages/telegram/ext/_extbot.py", line 370, in _do_post
    return await super()._do_post(
           ^^^^^^^^^^^^^^^^^^^^^^^
    ...<6 lines>...
    )
    ^
  File "/data/data/com.termux/files/home/telegram-software-bot/venv/lib/python3.13/site-packages/telegram/_bot.py", line 733, in _do_post
    result = await request.post(
             ^^^^^^^^^^^^^^^^^^^
    ...<6 lines>...
    )
    ^
  File "/data/data/com.termux/files/home/telegram-software-bot/venv/lib/python3.13/site-packages/telegram/request/_baserequest.py", line 198, in post
    result = await self._request_wrapper(
             ^^^^^^^^^^^^^^^^^^^^^^^^^^^^
    ...<7 lines>...
    )
    ^
  File "/data/data/com.termux/files/home/telegram-software-bot/venv/lib/python3.13/site-packages/telegram/request/_baserequest.py", line 375, in _request_wrapper
    raise exception
telegram.error.BadRequest: Can't parse entities: character '.' is reserved and must be escaped with the preceding '\'
2026-06-08 15:58:19 - bot - ERROR - main:_error_handler:109 - Update Update(callback_query=CallbackQuery(chat_instance='2687171661052618728', data='admin_software', from_user=User(first_name='عصام', id=1431003618, is_bot=False, language_code='ar', last_name='مرحب', username='Esam_Marhb'), id='6146113741167941389', message=Message(channel_chat_created=False, chat=Chat(first_name='عصام', id=1431003618, last_name='مرحب', type=<ChatType.PRIVATE>, username='Esam_Marhb'), date=datetime.datetime(2026, 6, 8, 12, 54, 17, tzinfo=datetime.timezone.utc), delete_chat_photo=False, entities=(MessageEntity(length=11, offset=3, type=<MessageEntityType.BOLD>), MessageEntity(length=11, offset=19, type=<MessageEntityType.BOLD>), MessageEntity(length=8, offset=87, type=<MessageEntityType.BOLD>), MessageEntity(length=7, offset=114, type=<MessageEntityType.BOLD>)), from_user=User(first_name='مكتبة عصام التقنية', id=8822102096, is_bot=True, username='Esamaibot'), group_chat_created=False, message_id=99, reply_markup=InlineKeyboardMarkup(inline_keyboard=((InlineKeyboardButton(callback_data='admin_software', text='📋 إدارة البرامج'), InlineKeyboardButton(callback_data='admin_users', text='👥 إدارة المستخدمين')), (InlineKeyboardButton(callback_data='admin_stats', text='📊 إحصائيات'), InlineKeyboardButton(callback_data='admin_broadcast', text='📢 إرسال جماعي')), (InlineKeyboardButton(callback_data='admin_backup', text='💾 نسخ احتياطي'), InlineKeyboardButton(callback_data='admin_maintenance', text='🔧 صيانة')), (InlineKeyboardButton(callback_data='admin_reindex', text='🔄 إعادة فهرسة'), InlineKeyboardButton(callback_data='admin_settings', text='⚙️ الإعدادات')))), supergroup_chat_created=False, text='📊 لوحة التحكم\n\n👥 المستخدمين:\n• الإجمالي: 2\n• النشطون اليوم: 2\n• النشطون الشهر: 2\n\n📦 البرامج:\n• الإجمالي: 0\n\n📈 النشاط:\n• إجمالي البحث: 0\n• بحث اليوم: 0\n• إجمالي التحميل: 0\n• تحميل اليوم: 0')), update_id=509989777) caused error CallbackHandlers.handle_callback() missing 1 required positional argument: 'context'
Traceback (most recent call last):
  File "/data/data/com.termux/files/home/telegram-software-bot/venv/lib/python3.13/site-packages/telegram/ext/_application.py", line 1315, in process_update
    await coroutine
  File "/data/data/com.termux/files/home/telegram-software-bot/venv/lib/python3.13/site-packages/telegram/ext/_handlers/basehandler.py", line 159, in handle_update
    return await self.callback(update, context)
                 ~~~~~~~~~~~~~^^^^^^^^^^^^^^^^^
TypeError: CallbackHandlers.handle_callback() missing 1 required positional argument: 'context'
2026-06-08 15:58:21 - bot - ERROR - main:_error_handler:109 - Update Update(message=Message(channel_chat_created=False, chat=Chat(first_name='عصام', id=1431003618, last_name='مرحب', type=<ChatType.PRIVATE>, username='Esam_Marhb'), date=datetime.datetime(2026, 6, 8, 12, 58, 22, tzinfo=datetime.timezone.utc), delete_chat_photo=False, entities=(MessageEntity(length=8, offset=0, type=<MessageEntityType.BOT_COMMAND>),), from_user=User(first_name='عصام', id=1431003618, is_bot=False, language_code='ar', last_name='مرحب', username='Esam_Marhb'), group_chat_created=False, message_id=111, supergroup_chat_created=False, text='/reindex'), update_id=509989778) caused error Can't parse entities: character '.' is reserved and must be escaped with the preceding '\'
Traceback (most recent call last):
  File "/data/data/com.termux/files/home/telegram-software-bot/venv/lib/python3.13/site-packages/telegram/ext/_application.py", line 1315, in process_update
    await coroutine
  File "/data/data/com.termux/files/home/telegram-software-bot/venv/lib/python3.13/site-packages/telegram/ext/_handlers/basehandler.py", line 159, in handle_update
    return await self.callback(update, context)
           ^^^^^^^^^^^^^^^^^^^^^^^^^^^^^^^^^^^^
  File "/data/data/com.termux/files/home/telegram-software-bot/handlers/admin_handlers.py", line 403, in reindex_command
    await update.message.reply_text("🔄 *جاري إعادة الفهرسة...*")
  File "/data/data/com.termux/files/home/telegram-software-bot/venv/lib/python3.13/site-packages/telegram/_message.py", line 2106, in reply_text
    return await self.get_bot().send_message(
           ^^^^^^^^^^^^^^^^^^^^^^^^^^^^^^^^^^
    ...<21 lines>...
    )
    ^
  File "/data/data/com.termux/files/home/telegram-software-bot/venv/lib/python3.13/site-packages/telegram/ext/_extbot.py", line 3118, in send_message
    return await super().send_message(
           ^^^^^^^^^^^^^^^^^^^^^^^^^^^
    ...<23 lines>...
    )
    ^
  File "/data/data/com.termux/files/home/telegram-software-bot/venv/lib/python3.13/site-packages/telegram/_bot.py", line 1123, in send_message
    return await self._send_message(
           ^^^^^^^^^^^^^^^^^^^^^^^^^
    ...<21 lines>...
    )
    ^
  File "/data/data/com.termux/files/home/telegram-software-bot/venv/lib/python3.13/site-packages/telegram/ext/_extbot.py", line 630, in _send_message
    result = await super()._send_message(
             ^^^^^^^^^^^^^^^^^^^^^^^^^^^^
    ...<23 lines>...
    )
    ^
  File "/data/data/com.termux/files/home/telegram-software-bot/venv/lib/python3.13/site-packages/telegram/_bot.py", line 820, in _send_message
    result = await self._post(
             ^^^^^^^^^^^^^^^^^
    ...<7 lines>...
    )
    ^
  File "/data/data/com.termux/files/home/telegram-software-bot/venv/lib/python3.13/site-packages/telegram/_bot.py", line 704, in _post
    return await self._do_post(
           ^^^^^^^^^^^^^^^^^^^^
    ...<6 lines>...
    )
    ^
  File "/data/data/com.termux/files/home/telegram-software-bot/venv/lib/python3.13/site-packages/telegram/ext/_extbot.py", line 370, in _do_post
    return await super()._do_post(
           ^^^^^^^^^^^^^^^^^^^^^^^
    ...<6 lines>...
    )
    ^
  File "/data/data/com.termux/files/home/telegram-software-bot/venv/lib/python3.13/site-packages/telegram/_bot.py", line 733, in _do_post
    result = await request.post(
             ^^^^^^^^^^^^^^^^^^^
    ...<6 lines>...
    )
    ^
  File "/data/data/com.termux/files/home/telegram-software-bot/venv/lib/python3.13/site-packages/telegram/request/_baserequest.py", line 198, in post
    result = await self._request_wrapper(
             ^^^^^^^^^^^^^^^^^^^^^^^^^^^^
    ...<7 lines>...
    )
    ^
  File "/data/data/com.termux/files/home/telegram-software-bot/venv/lib/python3.13/site-packages/telegram/request/_baserequest.py", line 375, in _request_wrapper
    raise exception
telegram.error.BadRequest: Can't parse entities: character '.' is reserved and must be escaped with the preceding '\'
2026-06-08 15:58:36 - bot - INFO - main:stop:166 - Stopping bot...
2026-06-08 15:58:37 - bot - INFO - main:stop:182 - Bot stopped successfully
2026-06-08 15:58:40 - bot - INFO - main:initialize:52 - Initializing bot components...
2026-06-08 15:58:40 - bot - INFO - main:initialize:57 - Database initialized
2026-06-08 15:58:40 - bot - INFO - main:initialize:62 - Cache initialized
2026-06-08 15:58:40 - bot - INFO - main:_register_handlers:101 - Handlers registered
2026-06-08 15:58:40 - bot - INFO - main:initialize:81 - Bot initialized successfully
2026-06-08 15:58:40 - bot - INFO - main:start:136 - Starting bot...
2026-06-08 15:58:41 - bot - INFO - main:start:147 - Bot started successfully
2026-06-08 15:58:41 - bot - INFO - main:start:148 - Bot username: @Esamaibot
2026-06-08 15:58:44 - bot - ERROR - main:_error_handler:109 - Update Update(message=Message(channel_chat_created=False, chat=Chat(first_name='عصام', id=1431003618, last_name='مرحب', type=<ChatType.PRIVATE>, username='Esam_Marhb'), date=datetime.datetime(2026, 6, 8, 12, 58, 44, tzinfo=datetime.timezone.utc), delete_chat_photo=False, entities=(MessageEntity(length=8, offset=0, type=<MessageEntityType.BOT_COMMAND>),), from_user=User(first_name='عصام', id=1431003618, is_bot=False, language_code='ar', last_name='مرحب', username='Esam_Marhb'), group_chat_created=False, message_id=112, supergroup_chat_created=False, text='/reindex'), update_id=509989779) caused error Can't parse entities: character '.' is reserved and must be escaped with the preceding '\'
Traceback (most recent call last):
  File "/data/data/com.termux/files/home/telegram-software-bot/venv/lib/python3.13/site-packages/telegram/ext/_application.py", line 1315, in process_update
    await coroutine
  File "/data/data/com.termux/files/home/telegram-software-bot/venv/lib/python3.13/site-packages/telegram/ext/_handlers/basehandler.py", line 159, in handle_update
    return await self.callback(update, context)
           ^^^^^^^^^^^^^^^^^^^^^^^^^^^^^^^^^^^^
  File "/data/data/com.termux/files/home/telegram-software-bot/handlers/admin_handlers.py", line 403, in reindex_command
    await update.message.reply_text("🔄 *جاري إعادة الفهرسة...*")
  File "/data/data/com.termux/files/home/telegram-software-bot/venv/lib/python3.13/site-packages/telegram/_message.py", line 2106, in reply_text
    return await self.get_bot().send_message(
           ^^^^^^^^^^^^^^^^^^^^^^^^^^^^^^^^^^
    ...<21 lines>...
    )
    ^
  File "/data/data/com.termux/files/home/telegram-software-bot/venv/lib/python3.13/site-packages/telegram/ext/_extbot.py", line 3118, in send_message
    return await super().send_message(
           ^^^^^^^^^^^^^^^^^^^^^^^^^^^
    ...<23 lines>...
    )
    ^
  File "/data/data/com.termux/files/home/telegram-software-bot/venv/lib/python3.13/site-packages/telegram/_bot.py", line 1123, in send_message
    return await self._send_message(
           ^^^^^^^^^^^^^^^^^^^^^^^^^
    ...<21 lines>...
    )
    ^
  File "/data/data/com.termux/files/home/telegram-software-bot/venv/lib/python3.13/site-packages/telegram/ext/_extbot.py", line 630, in _send_message
    result = await super()._send_message(
             ^^^^^^^^^^^^^^^^^^^^^^^^^^^^
    ...<23 lines>...
    )
    ^
  File "/data/data/com.termux/files/home/telegram-software-bot/venv/lib/python3.13/site-packages/telegram/_bot.py", line 820, in _send_message
    result = await self._post(
             ^^^^^^^^^^^^^^^^^
    ...<7 lines>...
    )
    ^
  File "/data/data/com.termux/files/home/telegram-software-bot/venv/lib/python3.13/site-packages/telegram/_bot.py", line 704, in _post
    return await self._do_post(
           ^^^^^^^^^^^^^^^^^^^^
    ...<6 lines>...
    )
    ^
  File "/data/data/com.termux/files/home/telegram-software-bot/venv/lib/python3.13/site-packages/telegram/ext/_extbot.py", line 370, in _do_post
    return await super()._do_post(
           ^^^^^^^^^^^^^^^^^^^^^^^
    ...<6 lines>...
    )
    ^
  File "/data/data/com.termux/files/home/telegram-software-bot/venv/lib/python3.13/site-packages/telegram/_bot.py", line 733, in _do_post
    result = await request.post(
             ^^^^^^^^^^^^^^^^^^^
    ...<6 lines>...
    )
    ^
  File "/data/data/com.termux/files/home/telegram-software-bot/venv/lib/python3.13/site-packages/telegram/request/_baserequest.py", line 198, in post
    result = await self._request_wrapper(
             ^^^^^^^^^^^^^^^^^^^^^^^^^^^^
    ...<7 lines>...
    )
    ^
  File "/data/data/com.termux/files/home/telegram-software-bot/venv/lib/python3.13/site-packages/telegram/request/_baserequest.py", line 375, in _request_wrapper
    raise exception
telegram.error.BadRequest: Can't parse entities: character '.' is reserved and must be escaped with the preceding '\'
2026-06-08 16:31:11 - bot - ERROR - main:_error_handler:109 - Update Update(callback_query=CallbackQuery(chat_instance='2687171661052618728', data='admin_software', from_user=User(first_name='عصام', id=1431003618, is_bot=False, language_code='ar', last_name='مرحب', username='Esam_Marhb'), id='6146113742360510158', message=Message(channel_chat_created=False, chat=Chat(first_name='عصام', id=1431003618, last_name='مرحب', type=<ChatType.PRIVATE>, username='Esam_Marhb'), date=datetime.datetime(2026, 6, 8, 12, 58, 52, tzinfo=datetime.timezone.utc), delete_chat_photo=False, entities=(MessageEntity(length=11, offset=3, type=<MessageEntityType.BOLD>), MessageEntity(length=11, offset=19, type=<MessageEntityType.BOLD>), MessageEntity(length=8, offset=87, type=<MessageEntityType.BOLD>), MessageEntity(length=7, offset=114, type=<MessageEntityType.BOLD>)), from_user=User(first_name='مكتبة عصام التقنية', id=8822102096, is_bot=True, username='Esamaibot'), group_chat_created=False, message_id=116, reply_markup=InlineKeyboardMarkup(inline_keyboard=((InlineKeyboardButton(callback_data='admin_software', text='📋 إدارة البرامج'), InlineKeyboardButton(callback_data='admin_users', text='👥 إدارة المستخدمين')), (InlineKeyboardButton(callback_data='admin_stats', text='📊 إحصائيات'), InlineKeyboardButton(callback_data='admin_broadcast', text='📢 إرسال جماعي')), (InlineKeyboardButton(callback_data='admin_backup', text='💾 نسخ احتياطي'), InlineKeyboardButton(callback_data='admin_maintenance', text='🔧 صيانة')), (InlineKeyboardButton(callback_data='admin_reindex', text='🔄 إعادة فهرسة'), InlineKeyboardButton(callback_data='admin_settings', text='⚙️ الإعدادات')))), supergroup_chat_created=False, text='📊 لوحة التحكم\n\n👥 المستخدمين:\n• الإجمالي: 2\n• النشطون اليوم: 2\n• النشطون الشهر: 2\n\n📦 البرامج:\n• الإجمالي: 0\n\n📈 النشاط:\n• إجمالي البحث: 0\n• بحث اليوم: 0\n• إجمالي التحميل: 0\n• تحميل اليوم: 0')), update_id=509989783) caused error CallbackHandlers.handle_callback() missing 1 required positional argument: 'context'
Traceback (most recent call last):
  File "/data/data/com.termux/files/home/telegram-software-bot/venv/lib/python3.13/site-packages/telegram/ext/_application.py", line 1315, in process_update
    await coroutine
  File "/data/data/com.termux/files/home/telegram-software-bot/venv/lib/python3.13/site-packages/telegram/ext/_handlers/basehandler.py", line 159, in handle_update
    return await self.callback(update, context)
                 ~~~~~~~~~~~~~^^^^^^^^^^^^^^^^^
TypeError: CallbackHandlers.handle_callback() missing 1 required positional argument: 'context'
2026-06-08 16:31:28 - bot - ERROR - main:_error_handler:109 - Update Update(callback_query=CallbackQuery(chat_instance='2687171661052618728', data='admin_software', from_user=User(first_name='عصام', id=1431003618, is_bot=False, language_code='ar', last_name='مرحب', username='Esam_Marhb'), id='6146113741220678933', message=Message(channel_chat_created=False, chat=Chat(first_name='عصام', id=1431003618, last_name='مرحب', type=<ChatType.PRIVATE>, username='Esam_Marhb'), date=datetime.datetime(2026, 6, 8, 12, 58, 52, tzinfo=datetime.timezone.utc), delete_chat_photo=False, entities=(MessageEntity(length=11, offset=3, type=<MessageEntityType.BOLD>), MessageEntity(length=11, offset=19, type=<MessageEntityType.BOLD>), MessageEntity(length=8, offset=87, type=<MessageEntityType.BOLD>), MessageEntity(length=7, offset=114, type=<MessageEntityType.BOLD>)), from_user=User(first_name='مكتبة عصام التقنية', id=8822102096, is_bot=True, username='Esamaibot'), group_chat_created=False, message_id=116, reply_markup=InlineKeyboardMarkup(inline_keyboard=((InlineKeyboardButton(callback_data='admin_software', text='📋 إدارة البرامج'), InlineKeyboardButton(callback_data='admin_users', text='👥 إدارة المستخدمين')), (InlineKeyboardButton(callback_data='admin_stats', text='📊 إحصائيات'), InlineKeyboardButton(callback_data='admin_broadcast', text='📢 إرسال جماعي')), (InlineKeyboardButton(callback_data='admin_backup', text='💾 نسخ احتياطي'), InlineKeyboardButton(callback_data='admin_maintenance', text='🔧 صيانة')), (InlineKeyboardButton(callback_data='admin_reindex', text='🔄 إعادة فهرسة'), InlineKeyboardButton(callback_data='admin_settings', text='⚙️ الإعدادات')))), supergroup_chat_created=False, text='📊 لوحة التحكم\n\n👥 المستخدمين:\n• الإجمالي: 2\n• النشطون اليوم: 2\n• النشطون الشهر: 2\n\n📦 البرامج:\n• الإجمالي: 0\n\n📈 النشاط:\n• إجمالي البحث: 0\n• بحث اليوم: 0\n• إجمالي التحميل: 0\n• تحميل اليوم: 0')), update_id=509989784) caused error CallbackHandlers.handle_callback() missing 1 required positional argument: 'context'
Traceback (most recent call last):
  File "/data/data/com.termux/files/home/telegram-software-bot/venv/lib/python3.13/site-packages/telegram/ext/_application.py", line 1315, in process_update
    await coroutine
  File "/data/data/com.termux/files/home/telegram-software-bot/venv/lib/python3.13/site-packages/telegram/ext/_handlers/basehandler.py", line 159, in handle_update
    return await self.callback(update, context)
                 ~~~~~~~~~~~~~^^^^^^^^^^^^^^^^^
TypeError: CallbackHandlers.handle_callback() missing 1 required positional argument: 'context'
2026-06-08 16:31:35 - bot - ERROR - main:_error_handler:109 - Update Update(message=Message(channel_chat_created=False, chat=Chat(first_name='عصام', id=1431003618, last_name='مرحب', type=<ChatType.PRIVATE>, username='Esam_Marhb'), date=datetime.datetime(2026, 6, 8, 13, 31, 35, tzinfo=datetime.timezone.utc), delete_chat_photo=False, entities=(MessageEntity(length=29, offset=0, type=<MessageEntityType.URL>),), from_user=User(first_name='عصام', id=1431003618, is_bot=False, language_code='ar', last_name='مرحب', username='Esam_Marhb'), group_chat_created=False, link_preview_options=LinkPreviewOptions(url='https://t.me/win_app_exe/3506'), message_id=119, supergroup_chat_created=False, text='https://t.me/win_app_exe/3506'), update_id=509989785) caused error type object 'SoftwareRepository' has no attribute 'log_search'
Traceback (most recent call last):
  File "/data/data/com.termux/files/home/telegram-software-bot/venv/lib/python3.13/site-packages/telegram/ext/_application.py", line 1315, in process_update
    await coroutine
  File "/data/data/com.termux/files/home/telegram-software-bot/venv/lib/python3.13/site-packages/telegram/ext/_handlers/basehandler.py", line 159, in handle_update
    return await self.callback(update, context)
           ^^^^^^^^^^^^^^^^^^^^^^^^^^^^^^^^^^^^
  File "/data/data/com.termux/files/home/telegram-software-bot/handlers/user_handlers.py", line 209, in handle_message
    await self._perform_search(
        update, context, sanitized_text, user.id
    )
  File "/data/data/com.termux/files/home/telegram-software-bot/handlers/user_handlers.py", line 260, in _perform_search
    results = await self.search_service.search(
              ^^^^^^^^^^^^^^^^^^^^^^^^^^^^^^^^^
    ...<4 lines>...
    )
    ^
  File "/data/data/com.termux/files/home/telegram-software-bot/services/search_service.py", line 131, in search
    await SoftwareRepository.log_search(
          ^^^^^^^^^^^^^^^^^^^^^^^^^^^^^
AttributeError: type object 'SoftwareRepository' has no attribute 'log_search'
2026-06-08 16:31:55 - bot - ERROR - main:_error_handler:109 - Update Update(message=Message(channel_chat_created=False, chat=Chat(first_name='عصام', id=1431003618, last_name='مرحب', type=<ChatType.PRIVATE>, username='Esam_Marhb'), date=datetime.datetime(2026, 6, 8, 13, 31, 55, tzinfo=datetime.timezone.utc), delete_chat_photo=False, entities=(MessageEntity(length=24, offset=0, type=<MessageEntityType.URL>),), from_user=User(first_name='عصام', id=1431003618, is_bot=False, language_code='ar', last_name='مرحب', username='Esam_Marhb'), group_chat_created=False, message_id=121, supergroup_chat_created=False, text='project-nomad-1.32.1.zip'), update_id=509989786) caused error type object 'SoftwareRepository' has no attribute 'log_search'
Traceback (most recent call last):
  File "/data/data/com.termux/files/home/telegram-software-bot/venv/lib/python3.13/site-packages/telegram/ext/_application.py", line 1315, in process_update
    await coroutine
  File "/data/data/com.termux/files/home/telegram-software-bot/venv/lib/python3.13/site-packages/telegram/ext/_handlers/basehandler.py", line 159, in handle_update
    return await self.callback(update, context)
           ^^^^^^^^^^^^^^^^^^^^^^^^^^^^^^^^^^^^
  File "/data/data/com.termux/files/home/telegram-software-bot/handlers/user_handlers.py", line 209, in handle_message
    await self._perform_search(
        update, context, sanitized_text, user.id
    )
  File "/data/data/com.termux/files/home/telegram-software-bot/handlers/user_handlers.py", line 260, in _perform_search
    results = await self.search_service.search(
              ^^^^^^^^^^^^^^^^^^^^^^^^^^^^^^^^^
    ...<4 lines>...
    )
    ^
  File "/data/data/com.termux/files/home/telegram-software-bot/services/search_service.py", line 131, in search
    await SoftwareRepository.log_search(
          ^^^^^^^^^^^^^^^^^^^^^^^^^^^^^
AttributeError: type object 'SoftwareRepository' has no attribute 'log_search'
2026-06-08 16:35:56 - bot - ERROR - main:_error_handler:109 - Update Update(message=Message(channel_chat_created=False, chat=Chat(first_name='MR ARABIC', id=7343202051, type=<ChatType.PRIVATE>, username='Eeeessesej'), date=datetime.datetime(2026, 6, 8, 13, 35, 55, tzinfo=datetime.timezone.utc), delete_chat_photo=False, entities=(MessageEntity(length=24, offset=0, type=<MessageEntityType.URL>),), from_user=User(first_name='MR ARABIC', id=7343202051, is_bot=False, language_code='ar', username='Eeeessesej'), group_chat_created=False, message_id=125, supergroup_chat_created=False, text='project-nomad-1.32.1.zip'), update_id=509989788) caused error 'results'
Traceback (most recent call last):
  File "/data/data/com.termux/files/home/telegram-software-bot/venv/lib/python3.13/site-packages/telegram/ext/_application.py", line 1315, in process_update
    await coroutine
  File "/data/data/com.termux/files/home/telegram-software-bot/venv/lib/python3.13/site-packages/telegram/ext/_handlers/basehandler.py", line 159, in handle_update
    return await self.callback(update, context)
           ^^^^^^^^^^^^^^^^^^^^^^^^^^^^^^^^^^^^
  File "/data/data/com.termux/files/home/telegram-software-bot/handlers/user_handlers.py", line 209, in handle_message
    await self._perform_search(
        update, context, sanitized_text, user.id
    )
  File "/data/data/com.termux/files/home/telegram-software-bot/handlers/user_handlers.py", line 278, in _perform_search
    if not results["results"]:
           ~~~~~~~^^^^^^^^^^^
KeyError: 'results'
2026-06-08 16:36:21 - bot - ERROR - main:_error_handler:109 - Update Update(message=Message(channel_chat_created=False, chat=Chat(first_name='MR ARABIC', id=7343202051, type=<ChatType.PRIVATE>, username='Eeeessesej'), date=datetime.datetime(2026, 6, 8, 13, 36, 21, tzinfo=datetime.timezone.utc), delete_chat_photo=False, from_user=User(first_name='MR ARABIC', id=7343202051, is_bot=False, language_code='ar', username='Eeeessesej'), group_chat_created=False, message_id=127, supergroup_chat_created=False, text='Chrome'), update_id=509989789) caused error type object 'SoftwareRepository' has no attribute 'log_search'
Traceback (most recent call last):
  File "/data/data/com.termux/files/home/telegram-software-bot/venv/lib/python3.13/site-packages/telegram/ext/_application.py", line 1315, in process_update
    await coroutine
  File "/data/data/com.termux/files/home/telegram-software-bot/venv/lib/python3.13/site-packages/telegram/ext/_handlers/basehandler.py", line 159, in handle_update
    return await self.callback(update, context)
           ^^^^^^^^^^^^^^^^^^^^^^^^^^^^^^^^^^^^
  File "/data/data/com.termux/files/home/telegram-software-bot/handlers/user_handlers.py", line 209, in handle_message
    await self._perform_search(
        update, context, sanitized_text, user.id
    )
  File "/data/data/com.termux/files/home/telegram-software-bot/handlers/user_handlers.py", line 260, in _perform_search
    results = await self.search_service.search(
              ^^^^^^^^^^^^^^^^^^^^^^^^^^^^^^^^^
    ...<4 lines>...
    )
    ^
  File "/data/data/com.termux/files/home/telegram-software-bot/services/search_service.py", line 131, in search
    await SoftwareRepository.log_search(
          ^^^^^^^^^^^^^^^^^^^^^^^^^^^^^
AttributeError: type object 'SoftwareRepository' has no attribute 'log_search'
2026-06-08 16:36:37 - bot - ERROR - main:_error_handler:109 - Update Update(message=Message(channel_chat_created=False, chat=Chat(first_name='MR ARABIC', id=7343202051, type=<ChatType.PRIVATE>, username='Eeeessesej'), date=datetime.datetime(2026, 6, 8, 13, 36, 37, tzinfo=datetime.timezone.utc), delete_chat_photo=False, entities=(MessageEntity(length=6, offset=0, type=<MessageEntityType.BOT_COMMAND>),), from_user=User(first_name='MR ARABIC', id=7343202051, is_bot=False, language_code='ar', username='Eeeessesej'), group_chat_created=False, message_id=129, supergroup_chat_created=False, text='/admin'), update_id=509989790) caused error Can't parse entities: character '.' is reserved and must be escaped with the preceding '\'
Traceback (most recent call last):
  File "/data/data/com.termux/files/home/telegram-software-bot/venv/lib/python3.13/site-packages/telegram/ext/_application.py", line 1315, in process_update
    await coroutine
  File "/data/data/com.termux/files/home/telegram-software-bot/venv/lib/python3.13/site-packages/telegram/ext/_handlers/basehandler.py", line 159, in handle_update
    return await self.callback(update, context)
           ^^^^^^^^^^^^^^^^^^^^^^^^^^^^^^^^^^^^
  File "/data/data/com.termux/files/home/telegram-software-bot/handlers/admin_handlers.py", line 50, in admin_command
    await update.message.reply_text(
    ...<3 lines>...
    )
  File "/data/data/com.termux/files/home/telegram-software-bot/venv/lib/python3.13/site-packages/telegram/_message.py", line 2106, in reply_text
    return await self.get_bot().send_message(
           ^^^^^^^^^^^^^^^^^^^^^^^^^^^^^^^^^^
    ...<21 lines>...
    )
    ^
  File "/data/data/com.termux/files/home/telegram-software-bot/venv/lib/python3.13/site-packages/telegram/ext/_extbot.py", line 3118, in send_message
    return await super().send_message(
           ^^^^^^^^^^^^^^^^^^^^^^^^^^^
    ...<23 lines>...
    )
    ^
  File "/data/data/com.termux/files/home/telegram-software-bot/venv/lib/python3.13/site-packages/telegram/_bot.py", line 1123, in send_message
    return await self._send_message(
           ^^^^^^^^^^^^^^^^^^^^^^^^^
    ...<21 lines>...
    )
    ^
  File "/data/data/com.termux/files/home/telegram-software-bot/venv/lib/python3.13/site-packages/telegram/ext/_extbot.py", line 630, in _send_message
    result = await super()._send_message(
             ^^^^^^^^^^^^^^^^^^^^^^^^^^^^
    ...<23 lines>...
    )
    ^
  File "/data/data/com.termux/files/home/telegram-software-bot/venv/lib/python3.13/site-packages/telegram/_bot.py", line 820, in _send_message
    result = await self._post(
             ^^^^^^^^^^^^^^^^^
    ...<7 lines>...
    )
    ^
  File "/data/data/com.termux/files/home/telegram-software-bot/venv/lib/python3.13/site-packages/telegram/_bot.py", line 704, in _post
    return await self._do_post(
           ^^^^^^^^^^^^^^^^^^^^
    ...<6 lines>...
    )
    ^
  File "/data/data/com.termux/files/home/telegram-software-bot/venv/lib/python3.13/site-packages/telegram/ext/_extbot.py", line 370, in _do_post
    return await super()._do_post(
           ^^^^^^^^^^^^^^^^^^^^^^^
    ...<6 lines>...
    )
    ^
  File "/data/data/com.termux/files/home/telegram-software-bot/venv/lib/python3.13/site-packages/telegram/_bot.py", line 733, in _do_post
    result = await request.post(
             ^^^^^^^^^^^^^^^^^^^
    ...<6 lines>...
    )
    ^
  File "/data/data/com.termux/files/home/telegram-software-bot/venv/lib/python3.13/site-packages/telegram/request/_baserequest.py", line 198, in post
    result = await self._request_wrapper(
             ^^^^^^^^^^^^^^^^^^^^^^^^^^^^
    ...<7 lines>...
    )
    ^
  File "/data/data/com.termux/files/home/telegram-software-bot/venv/lib/python3.13/site-packages/telegram/request/_baserequest.py", line 375, in _request_wrapper
    raise exception
telegram.error.BadRequest: Can't parse entities: character '.' is reserved and must be escaped with the preceding '\'
2026-06-08 16:36:51 - bot - ERROR - main:_error_handler:109 - Update Update(callback_query=CallbackQuery(chat_instance='2687171661052618728', data='admin_software', from_user=User(first_name='عصام', id=1431003618, is_bot=False, language_code='ar', last_name='مرحب', username='Esam_Marhb'), id='6146113742833536952', message=Message(channel_chat_created=False, chat=Chat(first_name='عصام', id=1431003618, last_name='مرحب', type=<ChatType.PRIVATE>, username='Esam_Marhb'), date=datetime.datetime(2026, 6, 8, 13, 36, 49, tzinfo=datetime.timezone.utc), delete_chat_photo=False, entities=(MessageEntity(length=11, offset=3, type=<MessageEntityType.BOLD>), MessageEntity(length=11, offset=19, type=<MessageEntityType.BOLD>), MessageEntity(length=8, offset=87, type=<MessageEntityType.BOLD>), MessageEntity(length=7, offset=114, type=<MessageEntityType.BOLD>)), from_user=User(first_name='مكتبة عصام التقنية', id=8822102096, is_bot=True, username='Esamaibot'), group_chat_created=False, message_id=131, reply_markup=InlineKeyboardMarkup(inline_keyboard=((InlineKeyboardButton(callback_data='admin_software', text='📋 إدارة البرامج'), InlineKeyboardButton(callback_data='admin_users', text='👥 إدارة المستخدمين')), (InlineKeyboardButton(callback_data='admin_stats', text='📊 إحصائيات'), InlineKeyboardButton(callback_data='admin_broadcast', text='📢 إرسال جماعي')), (InlineKeyboardButton(callback_data='admin_backup', text='💾 نسخ احتياطي'), InlineKeyboardButton(callback_data='admin_maintenance', text='🔧 صيانة')), (InlineKeyboardButton(callback_data='admin_reindex', text='🔄 إعادة فهرسة'), InlineKeyboardButton(callback_data='admin_settings', text='⚙️ الإعدادات')))), supergroup_chat_created=False, text='📊 لوحة التحكم\n\n👥 المستخدمين:\n• الإجمالي: 2\n• النشطون اليوم: 2\n• النشطون الشهر: 2\n\n📦 البرامج:\n• الإجمالي: 0\n\n📈 النشاط:\n• إجمالي البحث: 0\n• بحث اليوم: 0\n• إجمالي التحميل: 0\n• تحميل اليوم: 0')), update_id=509989792) caused error CallbackHandlers.handle_callback() missing 1 required positional argument: 'context'
Traceback (most recent call last):
  File "/data/data/com.termux/files/home/telegram-software-bot/venv/lib/python3.13/site-packages/telegram/ext/_application.py", line 1315, in process_update
    await coroutine
  File "/data/data/com.termux/files/home/telegram-software-bot/venv/lib/python3.13/site-packages/telegram/ext/_handlers/basehandler.py", line 159, in handle_update
    return await self.callback(update, context)
                 ~~~~~~~~~~~~~^^^^^^^^^^^^^^^^^
TypeError: CallbackHandlers.handle_callback() missing 1 required positional argument: 'context'
2026-06-08 16:38:25 - bot - ERROR - main:_error_handler:109 - Update Update(message=Message(channel_chat_created=False, chat=Chat(first_name='عصام', id=1431003618, last_name='مرحب', type=<ChatType.PRIVATE>, username='Esam_Marhb'), date=datetime.datetime(2026, 6, 8, 13, 38, 25, tzinfo=datetime.timezone.utc), delete_chat_photo=False, entities=(MessageEntity(length=12, offset=0, type=<MessageEntityType.BOT_COMMAND>), MessageEntity(length=29, offset=13, type=<MessageEntityType.URL>)), from_user=User(first_name='عصام', id=1431003618, is_bot=False, language_code='ar', last_name='مرحب', username='Esam_Marhb'), group_chat_created=False, link_preview_options=LinkPreviewOptions(url='https://t.me/win_app_exe/3490'), message_id=132, supergroup_chat_created=False, text='/addsoftware https://t.me/win_app_exe/3490'), update_id=509989793) caused error Can't parse entities: character '.' is reserved and must be escaped with the preceding '\'
Traceback (most recent call last):
  File "/data/data/com.termux/files/home/telegram-software-bot/venv/lib/python3.13/site-packages/telegram/ext/_application.py", line 1315, in process_update
    await coroutine
  File "/data/data/com.termux/files/home/telegram-software-bot/venv/lib/python3.13/site-packages/telegram/ext/_handlers/basehandler.py", line 159, in handle_update
    return await self.callback(update, context)
           ^^^^^^^^^^^^^^^^^^^^^^^^^^^^^^^^^^^^
  File "/data/data/com.termux/files/home/telegram-software-bot/handlers/admin_handlers.py", line 140, in add_software_command
    await update.message.reply_text(
    ...<7 lines>...
    )
  File "/data/data/com.termux/files/home/telegram-software-bot/venv/lib/python3.13/site-packages/telegram/_message.py", line 2106, in reply_text
    return await self.get_bot().send_message(
           ^^^^^^^^^^^^^^^^^^^^^^^^^^^^^^^^^^
    ...<21 lines>...
    )
    ^
  File "/data/data/com.termux/files/home/telegram-software-bot/venv/lib/python3.13/site-packages/telegram/ext/_extbot.py", line 3118, in send_message
    return await super().send_message(
           ^^^^^^^^^^^^^^^^^^^^^^^^^^^
    ...<23 lines>...
    )
    ^
  File "/data/data/com.termux/files/home/telegram-software-bot/venv/lib/python3.13/site-packages/telegram/_bot.py", line 1123, in send_message
    return await self._send_message(
           ^^^^^^^^^^^^^^^^^^^^^^^^^
    ...<21 lines>...
    )
    ^
  File "/data/data/com.termux/files/home/telegram-software-bot/venv/lib/python3.13/site-packages/telegram/ext/_extbot.py", line 630, in _send_message
    result = await super()._send_message(
             ^^^^^^^^^^^^^^^^^^^^^^^^^^^^
    ...<23 lines>...
    )
    ^
  File "/data/data/com.termux/files/home/telegram-software-bot/venv/lib/python3.13/site-packages/telegram/_bot.py", line 820, in _send_message
    result = await self._post(
             ^^^^^^^^^^^^^^^^^
    ...<7 lines>...
    )
    ^
  File "/data/data/com.termux/files/home/telegram-software-bot/venv/lib/python3.13/site-packages/telegram/_bot.py", line 704, in _post
    return await self._do_post(
           ^^^^^^^^^^^^^^^^^^^^
    ...<6 lines>...
    )
    ^
  File "/data/data/com.termux/files/home/telegram-software-bot/venv/lib/python3.13/site-packages/telegram/ext/_extbot.py", line 370, in _do_post
    return await super()._do_post(
           ^^^^^^^^^^^^^^^^^^^^^^^
    ...<6 lines>...
    )
    ^
  File "/data/data/com.termux/files/home/telegram-software-bot/venv/lib/python3.13/site-packages/telegram/_bot.py", line 733, in _do_post
    result = await request.post(
             ^^^^^^^^^^^^^^^^^^^
    ...<6 lines>...
    )
    ^
  File "/data/data/com.termux/files/home/telegram-software-bot/venv/lib/python3.13/site-packages/telegram/request/_baserequest.py", line 198, in post
    result = await self._request_wrapper(
             ^^^^^^^^^^^^^^^^^^^^^^^^^^^^
    ...<7 lines>...
    )
    ^
  File "/data/data/com.termux/files/home/telegram-software-bot/venv/lib/python3.13/site-packages/telegram/request/_baserequest.py", line 375, in _request_wrapper
    raise exception
telegram.error.BadRequest: Can't parse entities: character '.' is reserved and must be escaped with the preceding '\'
2026-06-08 16:38:30 - bot - ERROR - main:_error_handler:109 - Update Update(message=Message(channel_chat_created=False, chat=Chat(first_name='عصام', id=1431003618, last_name='مرحب', type=<ChatType.PRIVATE>, username='Esam_Marhb'), date=datetime.datetime(2026, 6, 8, 13, 38, 30, tzinfo=datetime.timezone.utc), delete_chat_photo=False, entities=(MessageEntity(length=29, offset=0, type=<MessageEntityType.URL>),), from_user=User(first_name='عصام', id=1431003618, is_bot=False, language_code='ar', last_name='مرحب', username='Esam_Marhb'), group_chat_created=False, link_preview_options=LinkPreviewOptions(prefer_large_media=True, url='https://t.me/win_app_exe/3490'), message_id=133, supergroup_chat_created=False, text='https://t.me/win_app_exe/3490'), update_id=509989794) caused error type object 'SoftwareRepository' has no attribute 'log_search'
Traceback (most recent call last):
  File "/data/data/com.termux/files/home/telegram-software-bot/venv/lib/python3.13/site-packages/telegram/ext/_application.py", line 1315, in process_update
    await coroutine
  File "/data/data/com.termux/files/home/telegram-software-bot/venv/lib/python3.13/site-packages/telegram/ext/_handlers/basehandler.py", line 159, in handle_update
    return await self.callback(update, context)
           ^^^^^^^^^^^^^^^^^^^^^^^^^^^^^^^^^^^^
  File "/data/data/com.termux/files/home/telegram-software-bot/handlers/user_handlers.py", line 209, in handle_message
    await self._perform_search(
        update, context, sanitized_text, user.id
    )
  File "/data/data/com.termux/files/home/telegram-software-bot/handlers/user_handlers.py", line 260, in _perform_search
    results = await self.search_service.search(
              ^^^^^^^^^^^^^^^^^^^^^^^^^^^^^^^^^
    ...<4 lines>...
    )
    ^
  File "/data/data/com.termux/files/home/telegram-software-bot/services/search_service.py", line 131, in search
    await SoftwareRepository.log_search(
          ^^^^^^^^^^^^^^^^^^^^^^^^^^^^^
AttributeError: type object 'SoftwareRepository' has no attribute 'log_search'
2026-06-08 16:38:33 - bot - ERROR - main:_error_handler:109 - Update Update(callback_query=CallbackQuery(chat_instance='2687171661052618728', data='admin_software', from_user=User(first_name='عصام', id=1431003618, is_bot=False, language_code='ar', last_name='مرحب', username='Esam_Marhb'), id='6146113740657403131', message=Message(channel_chat_created=False, chat=Chat(first_name='عصام', id=1431003618, last_name='مرحب', type=<ChatType.PRIVATE>, username='Esam_Marhb'), date=datetime.datetime(2026, 6, 8, 13, 36, 49, tzinfo=datetime.timezone.utc), delete_chat_photo=False, entities=(MessageEntity(length=11, offset=3, type=<MessageEntityType.BOLD>), MessageEntity(length=11, offset=19, type=<MessageEntityType.BOLD>), MessageEntity(length=8, offset=87, type=<MessageEntityType.BOLD>), MessageEntity(length=7, offset=114, type=<MessageEntityType.BOLD>)), from_user=User(first_name='مكتبة عصام التقنية', id=8822102096, is_bot=True, username='Esamaibot'), group_chat_created=False, message_id=131, reply_markup=InlineKeyboardMarkup(inline_keyboard=((InlineKeyboardButton(callback_data='admin_software', text='📋 إدارة البرامج'), InlineKeyboardButton(callback_data='admin_users', text='👥 إدارة المستخدمين')), (InlineKeyboardButton(callback_data='admin_stats', text='📊 إحصائيات'), InlineKeyboardButton(callback_data='admin_broadcast', text='📢 إرسال جماعي')), (InlineKeyboardButton(callback_data='admin_backup', text='💾 نسخ احتياطي'), InlineKeyboardButton(callback_data='admin_maintenance', text='🔧 صيانة')), (InlineKeyboardButton(callback_data='admin_reindex', text='🔄 إعادة فهرسة'), InlineKeyboardButton(callback_data='admin_settings', text='⚙️ الإعدادات')))), supergroup_chat_created=False, text='📊 لوحة التحكم\n\n👥 المستخدمين:\n• الإجمالي: 2\n• النشطون اليوم: 2\n• النشطون الشهر: 2\n\n📦 البرامج:\n• الإجمالي: 0\n\n📈 النشاط:\n• إجمالي البحث: 0\n• بحث اليوم: 0\n• إجمالي التحميل: 0\n• تحميل اليوم: 0')), update_id=509989795) caused error CallbackHandlers.handle_callback() missing 1 required positional argument: 'context'
Traceback (most recent call last):
  File "/data/data/com.termux/files/home/telegram-software-bot/venv/lib/python3.13/site-packages/telegram/ext/_application.py", line 1315, in process_update
    await coroutine
  File "/data/data/com.termux/files/home/telegram-software-bot/venv/lib/python3.13/site-packages/telegram/ext/_handlers/basehandler.py", line 159, in handle_update
    return await self.callback(update, context)
                 ~~~~~~~~~~~~~^^^^^^^^^^^^^^^^^
TypeError: CallbackHandlers.handle_callback() missing 1 required positional argument: 'context'
2026-06-08 16:38:44 - bot - ERROR - main:_error_handler:109 - Update Update(message=Message(channel_chat_created=False, chat=Chat(first_name='عصام', id=1431003618, last_name='مرحب', type=<ChatType.PRIVATE>, username='Esam_Marhb'), date=datetime.datetime(2026, 6, 8, 13, 38, 43, tzinfo=datetime.timezone.utc), delete_chat_photo=False, entities=(MessageEntity(length=12, offset=0, type=<MessageEntityType.BOT_COMMAND>),), from_user=User(first_name='عصام', id=1431003618, is_bot=False, language_code='ar', last_name='مرحب', username='Esam_Marhb'), group_chat_created=False, message_id=135, supergroup_chat_created=False, text='/addsoftware Chrome'), update_id=509989796) caused error Can't parse entities: character '.' is reserved and must be escaped with the preceding '\'
Traceback (most recent call last):
  File "/data/data/com.termux/files/home/telegram-software-bot/venv/lib/python3.13/site-packages/telegram/ext/_application.py", line 1315, in process_update
    await coroutine
  File "/data/data/com.termux/files/home/telegram-software-bot/venv/lib/python3.13/site-packages/telegram/ext/_handlers/basehandler.py", line 159, in handle_update
    return await self.callback(update, context)
           ^^^^^^^^^^^^^^^^^^^^^^^^^^^^^^^^^^^^
  File "/data/data/com.termux/files/home/telegram-software-bot/handlers/admin_handlers.py", line 140, in add_software_command
    await update.message.reply_text(
    ...<7 lines>...
    )
  File "/data/data/com.termux/files/home/telegram-software-bot/venv/lib/python3.13/site-packages/telegram/_message.py", line 2106, in reply_text
    return await self.get_bot().send_message(
           ^^^^^^^^^^^^^^^^^^^^^^^^^^^^^^^^^^
    ...<21 lines>...
    )
    ^
  File "/data/data/com.termux/files/home/telegram-software-bot/venv/lib/python3.13/site-packages/telegram/ext/_extbot.py", line 3118, in send_message
    return await super().send_message(
           ^^^^^^^^^^^^^^^^^^^^^^^^^^^
    ...<23 lines>...
    )
    ^
  File "/data/data/com.termux/files/home/telegram-software-bot/venv/lib/python3.13/site-packages/telegram/_bot.py", line 1123, in send_message
    return await self._send_message(
           ^^^^^^^^^^^^^^^^^^^^^^^^^
    ...<21 lines>...
    )
    ^
  File "/data/data/com.termux/files/home/telegram-software-bot/venv/lib/python3.13/site-packages/telegram/ext/_extbot.py", line 630, in _send_message
    result = await super()._send_message(
             ^^^^^^^^^^^^^^^^^^^^^^^^^^^^
    ...<23 lines>...
    )
    ^
  File "/data/data/com.termux/files/home/telegram-software-bot/venv/lib/python3.13/site-packages/telegram/_bot.py", line 820, in _send_message
    result = await self._post(
             ^^^^^^^^^^^^^^^^^
    ...<7 lines>...
    )
    ^
  File "/data/data/com.termux/files/home/telegram-software-bot/venv/lib/python3.13/site-packages/telegram/_bot.py", line 704, in _post
    return await self._do_post(
           ^^^^^^^^^^^^^^^^^^^^
    ...<6 lines>...
    )
    ^
  File "/data/data/com.termux/files/home/telegram-software-bot/venv/lib/python3.13/site-packages/telegram/ext/_extbot.py", line 370, in _do_post
    return await super()._do_post(
           ^^^^^^^^^^^^^^^^^^^^^^^
    ...<6 lines>...
    )
    ^
  File "/data/data/com.termux/files/home/telegram-software-bot/venv/lib/python3.13/site-packages/telegram/_bot.py", line 733, in _do_post
    result = await request.post(
             ^^^^^^^^^^^^^^^^^^^
    ...<6 lines>...
    )
    ^
  File "/data/data/com.termux/files/home/telegram-software-bot/venv/lib/python3.13/site-packages/telegram/request/_baserequest.py", line 198, in post
    result = await self._request_wrapper(
             ^^^^^^^^^^^^^^^^^^^^^^^^^^^^
    ...<7 lines>...
    )
    ^
  File "/data/data/com.termux/files/home/telegram-software-bot/venv/lib/python3.13/site-packages/telegram/request/_baserequest.py", line 375, in _request_wrapper
    raise exception
telegram.error.BadRequest: Can't parse entities: character '.' is reserved and must be escaped with the preceding '\'
2026-06-08 16:39:04 - bot - ERROR - main:_error_handler:109 - Update Update(message=Message(channel_chat_created=False, chat=Chat(first_name='عصام', id=1431003618, last_name='مرحب', type=<ChatType.PRIVATE>, username='Esam_Marhb'), date=datetime.datetime(2026, 6, 8, 13, 39, 3, tzinfo=datetime.timezone.utc), delete_chat_photo=False, entities=(MessageEntity(length=12, offset=0, type=<MessageEntityType.BOT_COMMAND>),), from_user=User(first_name='عصام', id=1431003618, is_bot=False, language_code='ar', last_name='مرحب', username='Esam_Marhb'), group_chat_created=False, message_id=138, supergroup_chat_created=False, text='/addsoftware Chrome'), update_id=509989798) caused error Can't parse entities: character '.' is reserved and must be escaped with the preceding '\'
Traceback (most recent call last):
  File "/data/data/com.termux/files/home/telegram-software-bot/venv/lib/python3.13/site-packages/telegram/ext/_application.py", line 1315, in process_update
    await coroutine
  File "/data/data/com.termux/files/home/telegram-software-bot/venv/lib/python3.13/site-packages/telegram/ext/_handlers/basehandler.py", line 159, in handle_update
    return await self.callback(update, context)
           ^^^^^^^^^^^^^^^^^^^^^^^^^^^^^^^^^^^^
  File "/data/data/com.termux/files/home/telegram-software-bot/handlers/admin_handlers.py", line 140, in add_software_command
    await update.message.reply_text(
    ...<7 lines>...
    )
  File "/data/data/com.termux/files/home/telegram-software-bot/venv/lib/python3.13/site-packages/telegram/_message.py", line 2106, in reply_text
    return await self.get_bot().send_message(
           ^^^^^^^^^^^^^^^^^^^^^^^^^^^^^^^^^^
    ...<21 lines>...
    )
    ^
  File "/data/data/com.termux/files/home/telegram-software-bot/venv/lib/python3.13/site-packages/telegram/ext/_extbot.py", line 3118, in send_message
    return await super().send_message(
           ^^^^^^^^^^^^^^^^^^^^^^^^^^^
    ...<23 lines>...
    )
    ^
  File "/data/data/com.termux/files/home/telegram-software-bot/venv/lib/python3.13/site-packages/telegram/_bot.py", line 1123, in send_message
    return await self._send_message(
           ^^^^^^^^^^^^^^^^^^^^^^^^^
    ...<21 lines>...
    )
    ^
  File "/data/data/com.termux/files/home/telegram-software-bot/venv/lib/python3.13/site-packages/telegram/ext/_extbot.py", line 630, in _send_message
    result = await super()._send_message(
             ^^^^^^^^^^^^^^^^^^^^^^^^^^^^
    ...<23 lines>...
    )
    ^
  File "/data/data/com.termux/files/home/telegram-software-bot/venv/lib/python3.13/site-packages/telegram/_bot.py", line 820, in _send_message
    result = await self._post(
             ^^^^^^^^^^^^^^^^^
    ...<7 lines>...
    )
    ^
  File "/data/data/com.termux/files/home/telegram-software-bot/venv/lib/python3.13/site-packages/telegram/_bot.py", line 704, in _post
    return await self._do_post(
           ^^^^^^^^^^^^^^^^^^^^
    ...<6 lines>...
    )
    ^
  File "/data/data/com.termux/files/home/telegram-software-bot/venv/lib/python3.13/site-packages/telegram/ext/_extbot.py", line 370, in _do_post
    return await super()._do_post(
           ^^^^^^^^^^^^^^^^^^^^^^^
    ...<6 lines>...
    )
    ^
  File "/data/data/com.termux/files/home/telegram-software-bot/venv/lib/python3.13/site-packages/telegram/_bot.py", line 733, in _do_post
    result = await request.post(
             ^^^^^^^^^^^^^^^^^^^
    ...<6 lines>...
    )
    ^
  File "/data/data/com.termux/files/home/telegram-software-bot/venv/lib/python3.13/site-packages/telegram/request/_baserequest.py", line 198, in post
    result = await self._request_wrapper(
             ^^^^^^^^^^^^^^^^^^^^^^^^^^^^
    ...<7 lines>...
    )
    ^
  File "/data/data/com.termux/files/home/telegram-software-bot/venv/lib/python3.13/site-packages/telegram/request/_baserequest.py", line 375, in _request_wrapper
    raise exception
telegram.error.BadRequest: Can't parse entities: character '.' is reserved and must be escaped with the preceding '\'
2026-06-08 16:39:21 - bot - ERROR - main:_error_handler:109 - Update Update(message=Message(channel_chat_created=False, chat=Chat(first_name='عصام', id=1431003618, last_name='مرحب', type=<ChatType.PRIVATE>, username='Esam_Marhb'), date=datetime.datetime(2026, 6, 8, 13, 39, 21, tzinfo=datetime.timezone.utc), delete_chat_photo=False, entities=(MessageEntity(length=8, offset=0, type=<MessageEntityType.BOT_COMMAND>),), from_user=User(first_name='عصام', id=1431003618, is_bot=False, language_code='ar', last_name='مرحب', username='Esam_Marhb'), group_chat_created=False, message_id=139, supergroup_chat_created=False, text='/reindex'), update_id=509989799) caused error Can't parse entities: character '.' is reserved and must be escaped with the preceding '\'
Traceback (most recent call last):
  File "/data/data/com.termux/files/home/telegram-software-bot/venv/lib/python3.13/site-packages/telegram/ext/_application.py", line 1315, in process_update
    await coroutine
  File "/data/data/com.termux/files/home/telegram-software-bot/venv/lib/python3.13/site-packages/telegram/ext/_handlers/basehandler.py", line 159, in handle_update
    return await self.callback(update, context)
           ^^^^^^^^^^^^^^^^^^^^^^^^^^^^^^^^^^^^
  File "/data/data/com.termux/files/home/telegram-software-bot/handlers/admin_handlers.py", line 403, in reindex_command
    await update.message.reply_text("🔄 *جاري إعادة الفهرسة...*")
  File "/data/data/com.termux/files/home/telegram-software-bot/venv/lib/python3.13/site-packages/telegram/_message.py", line 2106, in reply_text
    return await self.get_bot().send_message(
           ^^^^^^^^^^^^^^^^^^^^^^^^^^^^^^^^^^
    ...<21 lines>...
    )
    ^
  File "/data/data/com.termux/files/home/telegram-software-bot/venv/lib/python3.13/site-packages/telegram/ext/_extbot.py", line 3118, in send_message
    return await super().send_message(
           ^^^^^^^^^^^^^^^^^^^^^^^^^^^
    ...<23 lines>...
    )
    ^
  File "/data/data/com.termux/files/home/telegram-software-bot/venv/lib/python3.13/site-packages/telegram/_bot.py", line 1123, in send_message
    return await self._send_message(
           ^^^^^^^^^^^^^^^^^^^^^^^^^
    ...<21 lines>...
    )
    ^
  File "/data/data/com.termux/files/home/telegram-software-bot/venv/lib/python3.13/site-packages/telegram/ext/_extbot.py", line 630, in _send_message
    result = await super()._send_message(
             ^^^^^^^^^^^^^^^^^^^^^^^^^^^^
    ...<23 lines>...
    )
    ^
  File "/data/data/com.termux/files/home/telegram-software-bot/venv/lib/python3.13/site-packages/telegram/_bot.py", line 820, in _send_message
    result = await self._post(
             ^^^^^^^^^^^^^^^^^
    ...<7 lines>...
    )
    ^
  File "/data/data/com.termux/files/home/telegram-software-bot/venv/lib/python3.13/site-packages/telegram/_bot.py", line 704, in _post
    return await self._do_post(
           ^^^^^^^^^^^^^^^^^^^^
    ...<6 lines>...
    )
    ^
  File "/data/data/com.termux/files/home/telegram-software-bot/venv/lib/python3.13/site-packages/telegram/ext/_extbot.py", line 370, in _do_post
    return await super()._do_post(
           ^^^^^^^^^^^^^^^^^^^^^^^
    ...<6 lines>...
    )
    ^
  File "/data/data/com.termux/files/home/telegram-software-bot/venv/lib/python3.13/site-packages/telegram/_bot.py", line 733, in _do_post
    result = await request.post(
             ^^^^^^^^^^^^^^^^^^^
    ...<6 lines>...
    )
    ^
  File "/data/data/com.termux/files/home/telegram-software-bot/venv/lib/python3.13/site-packages/telegram/request/_baserequest.py", line 198, in post
    result = await self._request_wrapper(
             ^^^^^^^^^^^^^^^^^^^^^^^^^^^^
    ...<7 lines>...
    )
    ^
  File "/data/data/com.termux/files/home/telegram-software-bot/venv/lib/python3.13/site-packages/telegram/request/_baserequest.py", line 375, in _request_wrapper
    raise exception
telegram.error.BadRequest: Can't parse entities: character '.' is reserved and must be escaped with the preceding '\'
2026-06-08 16:39:39 - bot - INFO - main:stop:166 - Stopping bot...
2026-06-08 16:40:06 - bot - INFO - main:initialize:52 - Initializing bot components...
2026-06-08 16:40:06 - bot - INFO - main:initialize:57 - Database initialized
2026-06-08 16:40:06 - bot - INFO - main:initialize:62 - Cache initialized
2026-06-08 16:40:06 - bot - INFO - main:_register_handlers:101 - Handlers registered
2026-06-08 16:40:06 - bot - INFO - main:initialize:81 - Bot initialized successfully
2026-06-08 16:40:06 - bot - INFO - main:start:136 - Starting bot...
2026-06-08 16:40:07 - bot - INFO - main:start:147 - Bot started successfully
2026-06-08 16:40:07 - bot - INFO - main:start:148 - Bot username: @Esamaibot
2026-06-08 16:40:09 - bot - ERROR - main:_error_handler:109 - Update Update(message=Message(channel_chat_created=False, chat=Chat(first_name='عصام', id=1431003618, last_name='مرحب', type=<ChatType.PRIVATE>, username='Esam_Marhb'), date=datetime.datetime(2026, 6, 8, 13, 40, 9, tzinfo=datetime.timezone.utc), delete_chat_photo=False, entities=(MessageEntity(length=8, offset=0, type=<MessageEntityType.BOT_COMMAND>),), from_user=User(first_name='عصام', id=1431003618, is_bot=False, language_code='ar', last_name='مرحب', username='Esam_Marhb'), group_chat_created=False, message_id=140, supergroup_chat_created=False, text='/reindex'), update_id=509989800) caused error Can't parse entities: character '.' is reserved and must be escaped with the preceding '\'
Traceback (most recent call last):
  File "/data/data/com.termux/files/home/telegram-software-bot/venv/lib/python3.13/site-packages/telegram/ext/_application.py", line 1315, in process_update
    await coroutine
  File "/data/data/com.termux/files/home/telegram-software-bot/venv/lib/python3.13/site-packages/telegram/ext/_handlers/basehandler.py", line 159, in handle_update
    return await self.callback(update, context)
           ^^^^^^^^^^^^^^^^^^^^^^^^^^^^^^^^^^^^
  File "/data/data/com.termux/files/home/telegram-software-bot/handlers/admin_handlers.py", line 403, in reindex_command
    await update.message.reply_text("🔄 *جاري إعادة الفهرسة...*")
  File "/data/data/com.termux/files/home/telegram-software-bot/venv/lib/python3.13/site-packages/telegram/_message.py", line 2106, in reply_text
    return await self.get_bot().send_message(
           ^^^^^^^^^^^^^^^^^^^^^^^^^^^^^^^^^^
    ...<21 lines>...
    )
    ^
  File "/data/data/com.termux/files/home/telegram-software-bot/venv/lib/python3.13/site-packages/telegram/ext/_extbot.py", line 3118, in send_message
    return await super().send_message(
           ^^^^^^^^^^^^^^^^^^^^^^^^^^^
    ...<23 lines>...
    )
    ^
  File "/data/data/com.termux/files/home/telegram-software-bot/venv/lib/python3.13/site-packages/telegram/_bot.py", line 1123, in send_message
    return await self._send_message(
           ^^^^^^^^^^^^^^^^^^^^^^^^^
    ...<21 lines>...
    )
    ^
  File "/data/data/com.termux/files/home/telegram-software-bot/venv/lib/python3.13/site-packages/telegram/ext/_extbot.py", line 630, in _send_message
    result = await super()._send_message(
             ^^^^^^^^^^^^^^^^^^^^^^^^^^^^
    ...<23 lines>...
    )
    ^
  File "/data/data/com.termux/files/home/telegram-software-bot/venv/lib/python3.13/site-packages/telegram/_bot.py", line 820, in _send_message
    result = await self._post(
             ^^^^^^^^^^^^^^^^^
    ...<7 lines>...
    )
    ^
  File "/data/data/com.termux/files/home/telegram-software-bot/venv/lib/python3.13/site-packages/telegram/_bot.py", line 704, in _post
    return await self._do_post(
           ^^^^^^^^^^^^^^^^^^^^
    ...<6 lines>...
    )
    ^
  File "/data/data/com.termux/files/home/telegram-software-bot/venv/lib/python3.13/site-packages/telegram/ext/_extbot.py", line 370, in _do_post
    return await super()._do_post(
           ^^^^^^^^^^^^^^^^^^^^^^^
    ...<6 lines>...
    )
    ^
  File "/data/data/com.termux/files/home/telegram-software-bot/venv/lib/python3.13/site-packages/telegram/_bot.py", line 733, in _do_post
    result = await request.post(
             ^^^^^^^^^^^^^^^^^^^
    ...<6 lines>...
    )
    ^
  File "/data/data/com.termux/files/home/telegram-software-bot/venv/lib/python3.13/site-packages/telegram/request/_baserequest.py", line 198, in post
    result = await self._request_wrapper(
             ^^^^^^^^^^^^^^^^^^^^^^^^^^^^
    ...<7 lines>...
    )
    ^
  File "/data/data/com.termux/files/home/telegram-software-bot/venv/lib/python3.13/site-packages/telegram/request/_baserequest.py", line 375, in _request_wrapper
    raise exception
telegram.error.BadRequest: Can't parse entities: character '.' is reserved and must be escaped with the preceding '\'
2026-06-08 16:40:16 - bot - ERROR - main:_error_handler:109 - Update Update(message=Message(channel_chat_created=False, chat=Chat(first_name='عصام', id=1431003618, last_name='مرحب', type=<ChatType.PRIVATE>, username='Esam_Marhb'), date=datetime.datetime(2026, 6, 8, 13, 40, 16, tzinfo=datetime.timezone.utc), delete_chat_photo=False, from_user=User(first_name='عصام', id=1431003618, is_bot=False, language_code='ar', last_name='مرحب', username='Esam_Marhb'), group_chat_created=False, message_id=143, supergroup_chat_created=False, text='Chrome'), update_id=509989802) caused error type object 'SoftwareRepository' has no attribute 'log_search'
Traceback (most recent call last):
  File "/data/data/com.termux/files/home/telegram-software-bot/venv/lib/python3.13/site-packages/telegram/ext/_application.py", line 1315, in process_update
    await coroutine
  File "/data/data/com.termux/files/home/telegram-software-bot/venv/lib/python3.13/site-packages/telegram/ext/_handlers/basehandler.py", line 159, in handle_update
    return await self.callback(update, context)
           ^^^^^^^^^^^^^^^^^^^^^^^^^^^^^^^^^^^^
  File "/data/data/com.termux/files/home/telegram-software-bot/handlers/user_handlers.py", line 209, in handle_message
    await self._perform_search(
        update, context, sanitized_text, user.id
    )
  File "/data/data/com.termux/files/home/telegram-software-bot/handlers/user_handlers.py", line 260, in _perform_search
    results = await self.search_service.search(
              ^^^^^^^^^^^^^^^^^^^^^^^^^^^^^^^^^
    ...<4 lines>...
    )
    ^
  File "/data/data/com.termux/files/home/telegram-software-bot/services/search_service.py", line 131, in search
    await SoftwareRepository.log_search(
          ^^^^^^^^^^^^^^^^^^^^^^^^^^^^^
AttributeError: type object 'SoftwareRepository' has no attribute 'log_search'
2026-06-08 16:40:19 - bot - ERROR - main:_error_handler:109 - Update Update(message=Message(channel_chat_created=False, chat=Chat(first_name='عصام', id=1431003618, last_name='مرحب', type=<ChatType.PRIVATE>, username='Esam_Marhb'), date=datetime.datetime(2026, 6, 8, 13, 40, 20, tzinfo=datetime.timezone.utc), delete_chat_photo=False, entities=(MessageEntity(length=8, offset=0, type=<MessageEntityType.BOT_COMMAND>),), from_user=User(first_name='عصام', id=1431003618, is_bot=False, language_code='ar', last_name='مرحب', username='Esam_Marhb'), group_chat_created=False, message_id=145, supergroup_chat_created=False, text='/reindex'), update_id=509989803) caused error Can't parse entities: character '.' is reserved and must be escaped with the preceding '\'
Traceback (most recent call last):
  File "/data/data/com.termux/files/home/telegram-software-bot/venv/lib/python3.13/site-packages/telegram/ext/_application.py", line 1315, in process_update
    await coroutine
  File "/data/data/com.termux/files/home/telegram-software-bot/venv/lib/python3.13/site-packages/telegram/ext/_handlers/basehandler.py", line 159, in handle_update
    return await self.callback(update, context)
           ^^^^^^^^^^^^^^^^^^^^^^^^^^^^^^^^^^^^
  File "/data/data/com.termux/files/home/telegram-software-bot/handlers/admin_handlers.py", line 403, in reindex_command
    await update.message.reply_text("🔄 *جاري إعادة الفهرسة...*")
  File "/data/data/com.termux/files/home/telegram-software-bot/venv/lib/python3.13/site-packages/telegram/_message.py", line 2106, in reply_text
    return await self.get_bot().send_message(
           ^^^^^^^^^^^^^^^^^^^^^^^^^^^^^^^^^^
    ...<21 lines>...
    )
    ^
  File "/data/data/com.termux/files/home/telegram-software-bot/venv/lib/python3.13/site-packages/telegram/ext/_extbot.py", line 3118, in send_message
    return await super().send_message(
           ^^^^^^^^^^^^^^^^^^^^^^^^^^^
    ...<23 lines>...
    )
    ^
  File "/data/data/com.termux/files/home/telegram-software-bot/venv/lib/python3.13/site-packages/telegram/_bot.py", line 1123, in send_message
    return await self._send_message(
           ^^^^^^^^^^^^^^^^^^^^^^^^^
    ...<21 lines>...
    )
    ^
  File "/data/data/com.termux/files/home/telegram-software-bot/venv/lib/python3.13/site-packages/telegram/ext/_extbot.py", line 630, in _send_message
    result = await super()._send_message(
             ^^^^^^^^^^^^^^^^^^^^^^^^^^^^
    ...<23 lines>...
    )
    ^
  File "/data/data/com.termux/files/home/telegram-software-bot/venv/lib/python3.13/site-packages/telegram/_bot.py", line 820, in _send_message
    result = await self._post(
             ^^^^^^^^^^^^^^^^^
    ...<7 lines>...
    )
    ^
  File "/data/data/com.termux/files/home/telegram-software-bot/venv/lib/python3.13/site-packages/telegram/_bot.py", line 704, in _post
    return await self._do_post(
           ^^^^^^^^^^^^^^^^^^^^
    ...<6 lines>...
    )
    ^
  File "/data/data/com.termux/files/home/telegram-software-bot/venv/lib/python3.13/site-packages/telegram/ext/_extbot.py", line 370, in _do_post
    return await super()._do_post(
           ^^^^^^^^^^^^^^^^^^^^^^^
    ...<6 lines>...
    )
    ^
  File "/data/data/com.termux/files/home/telegram-software-bot/venv/lib/python3.13/site-packages/telegram/_bot.py", line 733, in _do_post
    result = await request.post(
             ^^^^^^^^^^^^^^^^^^^
    ...<6 lines>...
    )
    ^
  File "/data/data/com.termux/files/home/telegram-software-bot/venv/lib/python3.13/site-packages/telegram/request/_baserequest.py", line 198, in post
    result = await self._request_wrapper(
             ^^^^^^^^^^^^^^^^^^^^^^^^^^^^
    ...<7 lines>...
    )
    ^
  File "/data/data/com.termux/files/home/telegram-software-bot/venv/lib/python3.13/site-packages/telegram/request/_baserequest.py", line 375, in _request_wrapper
    raise exception
telegram.error.BadRequest: Can't parse entities: character '.' is reserved and must be escaped with the preceding '\'
2026-06-08 16:40:21 - bot - ERROR - main:_error_handler:109 - Update Update(message=Message(channel_chat_created=False, chat=Chat(first_name='عصام', id=1431003618, last_name='مرحب', type=<ChatType.PRIVATE>, username='Esam_Marhb'), date=datetime.datetime(2026, 6, 8, 13, 40, 21, tzinfo=datetime.timezone.utc), delete_chat_photo=False, entities=(MessageEntity(length=8, offset=0, type=<MessageEntityType.BOT_COMMAND>),), from_user=User(first_name='عصام', id=1431003618, is_bot=False, language_code='ar', last_name='مرحب', username='Esam_Marhb'), group_chat_created=False, message_id=146, supergroup_chat_created=False, text='/reindex'), update_id=509989804) caused error Can't parse entities: character '.' is reserved and must be escaped with the preceding '\'
Traceback (most recent call last):
  File "/data/data/com.termux/files/home/telegram-software-bot/venv/lib/python3.13/site-packages/telegram/ext/_application.py", line 1315, in process_update
    await coroutine
  File "/data/data/com.termux/files/home/telegram-software-bot/venv/lib/python3.13/site-packages/telegram/ext/_handlers/basehandler.py", line 159, in handle_update
    return await self.callback(update, context)
           ^^^^^^^^^^^^^^^^^^^^^^^^^^^^^^^^^^^^
  File "/data/data/com.termux/files/home/telegram-software-bot/handlers/admin_handlers.py", line 403, in reindex_command
    await update.message.reply_text("🔄 *جاري إعادة الفهرسة...*")
  File "/data/data/com.termux/files/home/telegram-software-bot/venv/lib/python3.13/site-packages/telegram/_message.py", line 2106, in reply_text
    return await self.get_bot().send_message(
           ^^^^^^^^^^^^^^^^^^^^^^^^^^^^^^^^^^
    ...<21 lines>...
    )
    ^
  File "/data/data/com.termux/files/home/telegram-software-bot/venv/lib/python3.13/site-packages/telegram/ext/_extbot.py", line 3118, in send_message
    return await super().send_message(
           ^^^^^^^^^^^^^^^^^^^^^^^^^^^
    ...<23 lines>...
    )
    ^
  File "/data/data/com.termux/files/home/telegram-software-bot/venv/lib/python3.13/site-packages/telegram/_bot.py", line 1123, in send_message
    return await self._send_message(
           ^^^^^^^^^^^^^^^^^^^^^^^^^
    ...<21 lines>...
    )
    ^
  File "/data/data/com.termux/files/home/telegram-software-bot/venv/lib/python3.13/site-packages/telegram/ext/_extbot.py", line 630, in _send_message
    result = await super()._send_message(
             ^^^^^^^^^^^^^^^^^^^^^^^^^^^^
    ...<23 lines>...
    )
    ^
  File "/data/data/com.termux/files/home/telegram-software-bot/venv/lib/python3.13/site-packages/telegram/_bot.py", line 820, in _send_message
    result = await self._post(
             ^^^^^^^^^^^^^^^^^
    ...<7 lines>...
    )
    ^
  File "/data/data/com.termux/files/home/telegram-software-bot/venv/lib/python3.13/site-packages/telegram/_bot.py", line 704, in _post
    return await self._do_post(
           ^^^^^^^^^^^^^^^^^^^^
    ...<6 lines>...
    )
    ^
  File "/data/data/com.termux/files/home/telegram-software-bot/venv/lib/python3.13/site-packages/telegram/ext/_extbot.py", line 370, in _do_post
    return await super()._do_post(
           ^^^^^^^^^^^^^^^^^^^^^^^
    ...<6 lines>...
    )
    ^
  File "/data/data/com.termux/files/home/telegram-software-bot/venv/lib/python3.13/site-packages/telegram/_bot.py", line 733, in _do_post
    result = await request.post(
             ^^^^^^^^^^^^^^^^^^^
    ...<6 lines>...
    )
    ^
  File "/data/data/com.termux/files/home/telegram-software-bot/venv/lib/python3.13/site-packages/telegram/request/_baserequest.py", line 198, in post
    result = await self._request_wrapper(
             ^^^^^^^^^^^^^^^^^^^^^^^^^^^^
    ...<7 lines>...
    )
    ^
  File "/data/data/com.termux/files/home/telegram-software-bot/venv/lib/python3.13/site-packages/telegram/request/_baserequest.py", line 375, in _request_wrapper
    raise exception
telegram.error.BadRequest: Can't parse entities: character '.' is reserved and must be escaped with the preceding '\'
2026-06-08 16:41:03 - bot - ERROR - main:_error_handler:109 - Update Update(message=Message(channel_chat_created=False, chat=Chat(first_name='عصام', id=1431003618, last_name='مرحب', type=<ChatType.PRIVATE>, username='Esam_Marhb'), date=datetime.datetime(2026, 6, 8, 13, 41, 3, tzinfo=datetime.timezone.utc), delete_chat_photo=False, from_user=User(first_name='عصام', id=1431003618, is_bot=False, language_code='ar', last_name='مرحب', username='Esam_Marhb'), group_chat_created=False, message_id=151, supergroup_chat_created=False, text='Chrome'), update_id=509989807) caused error 'results'
Traceback (most recent call last):
  File "/data/data/com.termux/files/home/telegram-software-bot/venv/lib/python3.13/site-packages/telegram/ext/_application.py", line 1315, in process_update
    await coroutine
  File "/data/data/com.termux/files/home/telegram-software-bot/venv/lib/python3.13/site-packages/telegram/ext/_handlers/basehandler.py", line 159, in handle_update
    return await self.callback(update, context)
           ^^^^^^^^^^^^^^^^^^^^^^^^^^^^^^^^^^^^
  File "/data/data/com.termux/files/home/telegram-software-bot/handlers/user_handlers.py", line 209, in handle_message
    await self._perform_search(
        update, context, sanitized_text, user.id
    )
  File "/data/data/com.termux/files/home/telegram-software-bot/handlers/user_handlers.py", line 278, in _perform_search
    if not results["results"]:
           ~~~~~~~^^^^^^^^^^^
KeyError: 'results'
2026-06-08 16:41:54 - bot - ERROR - main:_error_handler:109 - Update Update(message=Message(channel_chat_created=False, chat=Chat(first_name='MR ARABIC', id=7343202051, type=<ChatType.PRIVATE>, username='Eeeessesej'), date=datetime.datetime(2026, 6, 8, 13, 41, 54, tzinfo=datetime.timezone.utc), delete_chat_photo=False, entities=(MessageEntity(length=7, offset=0, type=<MessageEntityType.BOT_COMMAND>),), from_user=User(first_name='MR ARABIC', id=7343202051, is_bot=False, language_code='ar', username='Eeeessesej'), group_chat_created=False, message_id=155, supergroup_chat_created=False, text='/search chrome'), update_id=509989809) caused error 'results'
Traceback (most recent call last):
  File "/data/data/com.termux/files/home/telegram-software-bot/venv/lib/python3.13/site-packages/telegram/ext/_application.py", line 1315, in process_update
    await coroutine
  File "/data/data/com.termux/files/home/telegram-software-bot/venv/lib/python3.13/site-packages/telegram/ext/_handlers/basehandler.py", line 159, in handle_update
    return await self.callback(update, context)
           ^^^^^^^^^^^^^^^^^^^^^^^^^^^^^^^^^^^^
  File "/data/data/com.termux/files/home/telegram-software-bot/handlers/user_handlers.py", line 232, in search_command
    await self._perform_search(
        update, context, sanitized_query, update.effective_user.id
    )
  File "/data/data/com.termux/files/home/telegram-software-bot/handlers/user_handlers.py", line 278, in _perform_search
    if not results["results"]:
           ~~~~~~~^^^^^^^^^^^
KeyError: 'results'
2026-06-08 16:50:50 - bot - ERROR - main:_error_handler:109 - Update Update(callback_query=CallbackQuery(chat_instance='2687171661052618728', data='admin_settings', from_user=User(first_name='عصام', id=1431003618, is_bot=False, language_code='ar', last_name='مرحب', username='Esam_Marhb'), id='6146113740409264844', message=Message(channel_chat_created=False, chat=Chat(first_name='عصام', id=1431003618, last_name='مرحب', type=<ChatType.PRIVATE>, username='Esam_Marhb'), date=datetime.datetime(2026, 6, 8, 13, 50, 47, tzinfo=datetime.timezone.utc), delete_chat_photo=False, entities=(MessageEntity(length=11, offset=3, type=<MessageEntityType.BOLD>), MessageEntity(length=11, offset=19, type=<MessageEntityType.BOLD>), MessageEntity(length=8, offset=87, type=<MessageEntityType.BOLD>), MessageEntity(length=7, offset=114, type=<MessageEntityType.BOLD>)), from_user=User(first_name='مكتبة عصام التقنية', id=8822102096, is_bot=True, username='Esamaibot'), group_chat_created=False, message_id=162, reply_markup=InlineKeyboardMarkup(inline_keyboard=((InlineKeyboardButton(callback_data='admin_software', text='📋 إدارة البرامج'), InlineKeyboardButton(callback_data='admin_users', text='👥 إدارة المستخدمين')), (InlineKeyboardButton(callback_data='admin_stats', text='📊 إحصائيات'), InlineKeyboardButton(callback_data='admin_broadcast', text='📢 إرسال جماعي')), (InlineKeyboardButton(callback_data='admin_backup', text='💾 نسخ احتياطي'), InlineKeyboardButton(callback_data='admin_maintenance', text='🔧 صيانة')), (InlineKeyboardButton(callback_data='admin_reindex', text='🔄 إعادة فهرسة'), InlineKeyboardButton(callback_data='admin_settings', text='⚙️ الإعدادات')))), supergroup_chat_created=False, text='📊 لوحة التحكم\n\n👥 المستخدمين:\n• الإجمالي: 2\n• النشطون اليوم: 2\n• النشطون الشهر: 2\n\n📦 البرامج:\n• الإجمالي: 0\n\n📈 النشاط:\n• إجمالي البحث: 0\n• بحث اليوم: 0\n• إجمالي التحميل: 0\n• تحميل اليوم: 0')), update_id=509989813) caused error CallbackHandlers.handle_callback() missing 1 required positional argument: 'context'
Traceback (most recent call last):
  File "/data/data/com.termux/files/home/telegram-software-bot/venv/lib/python3.13/site-packages/telegram/ext/_application.py", line 1315, in process_update
    await coroutine
  File "/data/data/com.termux/files/home/telegram-software-bot/venv/lib/python3.13/site-packages/telegram/ext/_handlers/basehandler.py", line 159, in handle_update
    return await self.callback(update, context)
                 ~~~~~~~~~~~~~^^^^^^^^^^^^^^^^^
TypeError: CallbackHandlers.handle_callback() missing 1 required positional argument: 'context'
2026-06-08 16:50:55 - bot - ERROR - main:_error_handler:109 - Update Update(callback_query=CallbackQuery(chat_instance='2687171661052618728', data='admin_software', from_user=User(first_name='عصام', id=1431003618, is_bot=False, language_code='ar', last_name='مرحب', username='Esam_Marhb'), id='6146113741153732977', message=Message(channel_chat_created=False, chat=Chat(first_name='عصام', id=1431003618, last_name='مرحب', type=<ChatType.PRIVATE>, username='Esam_Marhb'), date=datetime.datetime(2026, 6, 8, 13, 50, 47, tzinfo=datetime.timezone.utc), delete_chat_photo=False, entities=(MessageEntity(length=11, offset=3, type=<MessageEntityType.BOLD>), MessageEntity(length=11, offset=19, type=<MessageEntityType.BOLD>), MessageEntity(length=8, offset=87, type=<MessageEntityType.BOLD>), MessageEntity(length=7, offset=114, type=<MessageEntityType.BOLD>)), from_user=User(first_name='مكتبة عصام التقنية', id=8822102096, is_bot=True, username='Esamaibot'), group_chat_created=False, message_id=162, reply_markup=InlineKeyboardMarkup(inline_keyboard=((InlineKeyboardButton(callback_data='admin_software', text='📋 إدارة البرامج'), InlineKeyboardButton(callback_data='admin_users', text='👥 إدارة المستخدمين')), (InlineKeyboardButton(callback_data='admin_stats', text='📊 إحصائيات'), InlineKeyboardButton(callback_data='admin_broadcast', text='📢 إرسال جماعي')), (InlineKeyboardButton(callback_data='admin_backup', text='💾 نسخ احتياطي'), InlineKeyboardButton(callback_data='admin_maintenance', text='🔧 صيانة')), (InlineKeyboardButton(callback_data='admin_reindex', text='🔄 إعادة فهرسة'), InlineKeyboardButton(callback_data='admin_settings', text='⚙️ الإعدادات')))), supergroup_chat_created=False, text='📊 لوحة التحكم\n\n👥 المستخدمين:\n• الإجمالي: 2\n• النشطون اليوم: 2\n• النشطون الشهر: 2\n\n📦 البرامج:\n• الإجمالي: 0\n\n📈 النشاط:\n• إجمالي البحث: 0\n• بحث اليوم: 0\n• إجمالي التحميل: 0\n• تحميل اليوم: 0')), update_id=509989814) caused error CallbackHandlers.handle_callback() missing 1 required positional argument: 'context'
Traceback (most recent call last):
  File "/data/data/com.termux/files/home/telegram-software-bot/venv/lib/python3.13/site-packages/telegram/ext/_application.py", line 1315, in process_update
    await coroutine
  File "/data/data/com.termux/files/home/telegram-software-bot/venv/lib/python3.13/site-packages/telegram/ext/_handlers/basehandler.py", line 159, in handle_update
    return await self.callback(update, context)
                 ~~~~~~~~~~~~~^^^^^^^^^^^^^^^^^
TypeError: CallbackHandlers.handle_callback() missing 1 required positional argument: 'context'
2026-06-08 16:51:04 - bot - ERROR - main:_error_handler:109 - Update Update(callback_query=CallbackQuery(chat_instance='2687171661052618728', data='admin_reindex', from_user=User(first_name='عصام', id=1431003618, is_bot=False, language_code='ar', last_name='مرحب', username='Esam_Marhb'), id='6146113742041604455', message=Message(channel_chat_created=False, chat=Chat(first_name='عصام', id=1431003618, last_name='مرحب', type=<ChatType.PRIVATE>, username='Esam_Marhb'), date=datetime.datetime(2026, 6, 8, 13, 50, 47, tzinfo=datetime.timezone.utc), delete_chat_photo=False, entities=(MessageEntity(length=11, offset=3, type=<MessageEntityType.BOLD>), MessageEntity(length=11, offset=19, type=<MessageEntityType.BOLD>), MessageEntity(length=8, offset=87, type=<MessageEntityType.BOLD>), MessageEntity(length=7, offset=114, type=<MessageEntityType.BOLD>)), from_user=User(first_name='مكتبة عصام التقنية', id=8822102096, is_bot=True, username='Esamaibot'), group_chat_created=False, message_id=162, reply_markup=InlineKeyboardMarkup(inline_keyboard=((InlineKeyboardButton(callback_data='admin_software', text='📋 إدارة البرامج'), InlineKeyboardButton(callback_data='admin_users', text='👥 إدارة المستخدمين')), (InlineKeyboardButton(callback_data='admin_stats', text='📊 إحصائيات'), InlineKeyboardButton(callback_data='admin_broadcast', text='📢 إرسال جماعي')), (InlineKeyboardButton(callback_data='admin_backup', text='💾 نسخ احتياطي'), InlineKeyboardButton(callback_data='admin_maintenance', text='🔧 صيانة')), (InlineKeyboardButton(callback_data='admin_reindex', text='🔄 إعادة فهرسة'), InlineKeyboardButton(callback_data='admin_settings', text='⚙️ الإعدادات')))), supergroup_chat_created=False, text='📊 لوحة التحكم\n\n👥 المستخدمين:\n• الإجمالي: 2\n• النشطون اليوم: 2\n• النشطون الشهر: 2\n\n📦 البرامج:\n• الإجمالي: 0\n\n📈 النشاط:\n• إجمالي البحث: 0\n• بحث اليوم: 0\n• إجمالي التحميل: 0\n• تحميل اليوم: 0')), update_id=509989815) caused error CallbackHandlers.handle_callback() missing 1 required positional argument: 'context'
Traceback (most recent call last):
  File "/data/data/com.termux/files/home/telegram-software-bot/venv/lib/python3.13/site-packages/telegram/ext/_application.py", line 1315, in process_update
    await coroutine
  File "/data/data/com.termux/files/home/telegram-software-bot/venv/lib/python3.13/site-packages/telegram/ext/_handlers/basehandler.py", line 159, in handle_update
    return await self.callback(update, context)
                 ~~~~~~~~~~~~~^^^^^^^^^^^^^^^^^
TypeError: CallbackHandlers.handle_callback() missing 1 required positional argument: 'context'
2026-06-08 16:51:17 - bot - ERROR - main:_error_handler:109 - Update Update(message=Message(channel_chat_created=False, chat=Chat(first_name='عصام', id=1431003618, last_name='مرحب', type=<ChatType.PRIVATE>, username='Esam_Marhb'), date=datetime.datetime(2026, 6, 8, 13, 51, 17, tzinfo=datetime.timezone.utc), delete_chat_photo=False, entities=(MessageEntity(length=12, offset=0, type=<MessageEntityType.BOT_COMMAND>),), from_user=User(first_name='عصام', id=1431003618, is_bot=False, language_code='ar', last_name='مرحب', username='Esam_Marhb'), group_chat_created=False, message_id=163, supergroup_chat_created=False, text='/addsoftware متصفح_Chrome'), update_id=509989816) caused error Can't parse entities: character '.' is reserved and must be escaped with the preceding '\'
Traceback (most recent call last):
  File "/data/data/com.termux/files/home/telegram-software-bot/venv/lib/python3.13/site-packages/telegram/ext/_application.py", line 1315, in process_update
    await coroutine
  File "/data/data/com.termux/files/home/telegram-software-bot/venv/lib/python3.13/site-packages/telegram/ext/_handlers/basehandler.py", line 159, in handle_update
    return await self.callback(update, context)
           ^^^^^^^^^^^^^^^^^^^^^^^^^^^^^^^^^^^^
  File "/data/data/com.termux/files/home/telegram-software-bot/handlers/admin_handlers.py", line 140, in add_software_command
    await update.message.reply_text(
    ...<7 lines>...
    )
  File "/data/data/com.termux/files/home/telegram-software-bot/venv/lib/python3.13/site-packages/telegram/_message.py", line 2106, in reply_text
    return await self.get_bot().send_message(
           ^^^^^^^^^^^^^^^^^^^^^^^^^^^^^^^^^^
    ...<21 lines>...
    )
    ^
  File "/data/data/com.termux/files/home/telegram-software-bot/venv/lib/python3.13/site-packages/telegram/ext/_extbot.py", line 3118, in send_message
    return await super().send_message(
           ^^^^^^^^^^^^^^^^^^^^^^^^^^^
    ...<23 lines>...
    )
    ^
  File "/data/data/com.termux/files/home/telegram-software-bot/venv/lib/python3.13/site-packages/telegram/_bot.py", line 1123, in send_message
    return await self._send_message(
           ^^^^^^^^^^^^^^^^^^^^^^^^^
    ...<21 lines>...
    )
    ^
  File "/data/data/com.termux/files/home/telegram-software-bot/venv/lib/python3.13/site-packages/telegram/ext/_extbot.py", line 630, in _send_message
    result = await super()._send_message(
             ^^^^^^^^^^^^^^^^^^^^^^^^^^^^
    ...<23 lines>...
    )
    ^
  File "/data/data/com.termux/files/home/telegram-software-bot/venv/lib/python3.13/site-packages/telegram/_bot.py", line 820, in _send_message
    result = await self._post(
             ^^^^^^^^^^^^^^^^^
    ...<7 lines>...
    )
    ^
  File "/data/data/com.termux/files/home/telegram-software-bot/venv/lib/python3.13/site-packages/telegram/_bot.py", line 704, in _post
    return await self._do_post(
           ^^^^^^^^^^^^^^^^^^^^
    ...<6 lines>...
    )
    ^
  File "/data/data/com.termux/files/home/telegram-software-bot/venv/lib/python3.13/site-packages/telegram/ext/_extbot.py", line 370, in _do_post
    return await super()._do_post(
           ^^^^^^^^^^^^^^^^^^^^^^^
    ...<6 lines>...
    )
    ^
  File "/data/data/com.termux/files/home/telegram-software-bot/venv/lib/python3.13/site-packages/telegram/_bot.py", line 733, in _do_post
    result = await request.post(
             ^^^^^^^^^^^^^^^^^^^
    ...<6 lines>...
    )
    ^
  File "/data/data/com.termux/files/home/telegram-software-bot/venv/lib/python3.13/site-packages/telegram/request/_baserequest.py", line 198, in post
    result = await self._request_wrapper(
             ^^^^^^^^^^^^^^^^^^^^^^^^^^^^
    ...<7 lines>...
    )
    ^
  File "/data/data/com.termux/files/home/telegram-software-bot/venv/lib/python3.13/site-packages/telegram/request/_baserequest.py", line 375, in _request_wrapper
    raise exception
telegram.error.BadRequest: Can't parse entities: character '.' is reserved and must be escaped with the preceding '\'
2026-06-08 16:51:19 - bot - ERROR - main:_error_handler:109 - Update Update(callback_query=CallbackQuery(chat_instance='2687171661052618728', data='admin_software', from_user=User(first_name='عصام', id=1431003618, is_bot=False, language_code='ar', last_name='مرحب', username='Esam_Marhb'), id='6146113740849953812', message=Message(channel_chat_created=False, chat=Chat(first_name='عصام', id=1431003618, last_name='مرحب', type=<ChatType.PRIVATE>, username='Esam_Marhb'), date=datetime.datetime(2026, 6, 8, 13, 50, 47, tzinfo=datetime.timezone.utc), delete_chat_photo=False, entities=(MessageEntity(length=11, offset=3, type=<MessageEntityType.BOLD>), MessageEntity(length=11, offset=19, type=<MessageEntityType.BOLD>), MessageEntity(length=8, offset=87, type=<MessageEntityType.BOLD>), MessageEntity(length=7, offset=114, type=<MessageEntityType.BOLD>)), from_user=User(first_name='مكتبة عصام التقنية', id=8822102096, is_bot=True, username='Esamaibot'), group_chat_created=False, message_id=162, reply_markup=InlineKeyboardMarkup(inline_keyboard=((InlineKeyboardButton(callback_data='admin_software', text='📋 إدارة البرامج'), InlineKeyboardButton(callback_data='admin_users', text='👥 إدارة المستخدمين')), (InlineKeyboardButton(callback_data='admin_stats', text='📊 إحصائيات'), InlineKeyboardButton(callback_data='admin_broadcast', text='📢 إرسال جماعي')), (InlineKeyboardButton(callback_data='admin_backup', text='💾 نسخ احتياطي'), InlineKeyboardButton(callback_data='admin_maintenance', text='🔧 صيانة')), (InlineKeyboardButton(callback_data='admin_reindex', text='🔄 إعادة فهرسة'), InlineKeyboardButton(callback_data='admin_settings', text='⚙️ الإعدادات')))), supergroup_chat_created=False, text='📊 لوحة التحكم\n\n👥 المستخدمين:\n• الإجمالي: 2\n• النشطون اليوم: 2\n• النشطون الشهر: 2\n\n📦 البرامج:\n• الإجمالي: 0\n\n📈 النشاط:\n• إجمالي البحث: 0\n• بحث اليوم: 0\n• إجمالي التحميل: 0\n• تحميل اليوم: 0')), update_id=509989817) caused error CallbackHandlers.handle_callback() missing 1 required positional argument: 'context'
Traceback (most recent call last):
  File "/data/data/com.termux/files/home/telegram-software-bot/venv/lib/python3.13/site-packages/telegram/ext/_application.py", line 1315, in process_update
    await coroutine
  File "/data/data/com.termux/files/home/telegram-software-bot/venv/lib/python3.13/site-packages/telegram/ext/_handlers/basehandler.py", line 159, in handle_update
    return await self.callback(update, context)
                 ~~~~~~~~~~~~~^^^^^^^^^^^^^^^^^
TypeError: CallbackHandlers.handle_callback() missing 1 required positional argument: 'context'
2026-06-08 16:51:34 - bot - ERROR - main:_error_handler:109 - Update Update(message=Message(channel_chat_created=False, chat=Chat(first_name='عصام', id=1431003618, last_name='مرحب', type=<ChatType.PRIVATE>, username='Esam_Marhb'), date=datetime.datetime(2026, 6, 8, 13, 51, 34, tzinfo=datetime.timezone.utc), delete_chat_photo=False, from_user=User(first_name='عصام', id=1431003618, is_bot=False, language_code='ar', last_name='مرحب', username='Esam_Marhb'), group_chat_created=False, message_id=166, supergroup_chat_created=False, text='Chrome'), update_id=509989819) caused error type object 'SoftwareRepository' has no attribute 'log_search'
Traceback (most recent call last):
  File "/data/data/com.termux/files/home/telegram-software-bot/venv/lib/python3.13/site-packages/telegram/ext/_application.py", line 1315, in process_update
    await coroutine
  File "/data/data/com.termux/files/home/telegram-software-bot/venv/lib/python3.13/site-packages/telegram/ext/_handlers/basehandler.py", line 159, in handle_update
    return await self.callback(update, context)
           ^^^^^^^^^^^^^^^^^^^^^^^^^^^^^^^^^^^^
  File "/data/data/com.termux/files/home/telegram-software-bot/handlers/user_handlers.py", line 209, in handle_message
    await self._perform_search(
        update, context, sanitized_text, user.id
    )
  File "/data/data/com.termux/files/home/telegram-software-bot/handlers/user_handlers.py", line 260, in _perform_search
    results = await self.search_service.search(
              ^^^^^^^^^^^^^^^^^^^^^^^^^^^^^^^^^
    ...<4 lines>...
    )
    ^
  File "/data/data/com.termux/files/home/telegram-software-bot/services/search_service.py", line 131, in search
    await SoftwareRepository.log_search(
          ^^^^^^^^^^^^^^^^^^^^^^^^^^^^^
AttributeError: type object 'SoftwareRepository' has no attribute 'log_search'
2026-06-08 16:58:35 - bot - ERROR - main:_error_handler:109 - Update Update(message=Message(channel_chat_created=False, chat=Chat(first_name='عصام', id=1431003618, last_name='مرحب', type=<ChatType.PRIVATE>, username='Esam_Marhb'), date=datetime.datetime(2026, 6, 8, 13, 58, 35, tzinfo=datetime.timezone.utc), delete_chat_photo=False, from_user=User(first_name='عصام', id=1431003618, is_bot=False, language_code='ar', last_name='مرحب', username='Esam_Marhb'), group_chat_created=False, message_id=170, supergroup_chat_created=False, text='Wirecast'), update_id=509989821) caused error type object 'SoftwareRepository' has no attribute 'log_search'
Traceback (most recent call last):
  File "/data/data/com.termux/files/home/telegram-software-bot/venv/lib/python3.13/site-packages/telegram/ext/_application.py", line 1315, in process_update
    await coroutine
  File "/data/data/com.termux/files/home/telegram-software-bot/venv/lib/python3.13/site-packages/telegram/ext/_handlers/basehandler.py", line 159, in handle_update
    return await self.callback(update, context)
           ^^^^^^^^^^^^^^^^^^^^^^^^^^^^^^^^^^^^
  File "/data/data/com.termux/files/home/telegram-software-bot/handlers/user_handlers.py", line 209, in handle_message
    await self._perform_search(
        update, context, sanitized_text, user.id
    )
  File "/data/data/com.termux/files/home/telegram-software-bot/handlers/user_handlers.py", line 260, in _perform_search
    results = await self.search_service.search(
              ^^^^^^^^^^^^^^^^^^^^^^^^^^^^^^^^^
    ...<4 lines>...
    )
    ^
  File "/data/data/com.termux/files/home/telegram-software-bot/services/search_service.py", line 131, in search
    await SoftwareRepository.log_search(
          ^^^^^^^^^^^^^^^^^^^^^^^^^^^^^
AttributeError: type object 'SoftwareRepository' has no attribute 'log_search'
2026-06-08 16:58:59 - bot - ERROR - main:_error_handler:109 - Update Update(message=Message(channel_chat_created=False, chat=Chat(first_name='عصام', id=1431003618, last_name='مرحب', type=<ChatType.PRIVATE>, username='Esam_Marhb'), date=datetime.datetime(2026, 6, 8, 13, 58, 59, tzinfo=datetime.timezone.utc), delete_chat_photo=False, entities=(MessageEntity(length=8, offset=0, type=<MessageEntityType.BOT_COMMAND>),), from_user=User(first_name='عصام', id=1431003618, is_bot=False, language_code='ar', last_name='مرحب', username='Esam_Marhb'), group_chat_created=False, message_id=174, supergroup_chat_created=False, text='/reindex'), update_id=509989823) caused error Can't parse entities: character '.' is reserved and must be escaped with the preceding '\'
Traceback (most recent call last):
  File "/data/data/com.termux/files/home/telegram-software-bot/venv/lib/python3.13/site-packages/telegram/ext/_application.py", line 1315, in process_update
    await coroutine
  File "/data/data/com.termux/files/home/telegram-software-bot/venv/lib/python3.13/site-packages/telegram/ext/_handlers/basehandler.py", line 159, in handle_update
    return await self.callback(update, context)
           ^^^^^^^^^^^^^^^^^^^^^^^^^^^^^^^^^^^^
  File "/data/data/com.termux/files/home/telegram-software-bot/handlers/admin_handlers.py", line 403, in reindex_command
    await update.message.reply_text("🔄 *جاري إعادة الفهرسة...*")
  File "/data/data/com.termux/files/home/telegram-software-bot/venv/lib/python3.13/site-packages/telegram/_message.py", line 2106, in reply_text
    return await self.get_bot().send_message(
           ^^^^^^^^^^^^^^^^^^^^^^^^^^^^^^^^^^
    ...<21 lines>...
    )
    ^
  File "/data/data/com.termux/files/home/telegram-software-bot/venv/lib/python3.13/site-packages/telegram/ext/_extbot.py", line 3118, in send_message
    return await super().send_message(
           ^^^^^^^^^^^^^^^^^^^^^^^^^^^
    ...<23 lines>...
    )
    ^
  File "/data/data/com.termux/files/home/telegram-software-bot/venv/lib/python3.13/site-packages/telegram/_bot.py", line 1123, in send_message
    return await self._send_message(
           ^^^^^^^^^^^^^^^^^^^^^^^^^
    ...<21 lines>...
    )
    ^
  File "/data/data/com.termux/files/home/telegram-software-bot/venv/lib/python3.13/site-packages/telegram/ext/_extbot.py", line 630, in _send_message
    result = await super()._send_message(
             ^^^^^^^^^^^^^^^^^^^^^^^^^^^^
    ...<23 lines>...
    )
    ^
  File "/data/data/com.termux/files/home/telegram-software-bot/venv/lib/python3.13/site-packages/telegram/_bot.py", line 820, in _send_message
    result = await self._post(
             ^^^^^^^^^^^^^^^^^
    ...<7 lines>...
    )
    ^
  File "/data/data/com.termux/files/home/telegram-software-bot/venv/lib/python3.13/site-packages/telegram/_bot.py", line 704, in _post
    return await self._do_post(
           ^^^^^^^^^^^^^^^^^^^^
    ...<6 lines>...
    )
    ^
  File "/data/data/com.termux/files/home/telegram-software-bot/venv/lib/python3.13/site-packages/telegram/ext/_extbot.py", line 370, in _do_post
    return await super()._do_post(
           ^^^^^^^^^^^^^^^^^^^^^^^
    ...<6 lines>...
    )
    ^
  File "/data/data/com.termux/files/home/telegram-software-bot/venv/lib/python3.13/site-packages/telegram/_bot.py", line 733, in _do_post
    result = await request.post(
             ^^^^^^^^^^^^^^^^^^^
    ...<6 lines>...
    )
    ^
  File "/data/data/com.termux/files/home/telegram-software-bot/venv/lib/python3.13/site-packages/telegram/request/_baserequest.py", line 198, in post
    result = await self._request_wrapper(
             ^^^^^^^^^^^^^^^^^^^^^^^^^^^^
    ...<7 lines>...
    )
    ^
  File "/data/data/com.termux/files/home/telegram-software-bot/venv/lib/python3.13/site-packages/telegram/request/_baserequest.py", line 375, in _request_wrapper
    raise exception
telegram.error.BadRequest: Can't parse entities: character '.' is reserved and must be escaped with the preceding '\'
2026-06-08 16:59:07 - bot - ERROR - main:_error_handler:109 - Update Update(message=Message(channel_chat_created=False, chat=Chat(first_name='عصام', id=1431003618, last_name='مرحب', type=<ChatType.PRIVATE>, username='Esam_Marhb'), date=datetime.datetime(2026, 6, 8, 13, 59, 7, tzinfo=datetime.timezone.utc), delete_chat_photo=False, entities=(MessageEntity(length=8, offset=0, type=<MessageEntityType.BOT_COMMAND>),), from_user=User(first_name='عصام', id=1431003618, is_bot=False, language_code='ar', last_name='مرحب', username='Esam_Marhb'), group_chat_created=False, message_id=175, supergroup_chat_created=False, text='/reindex'), update_id=509989824) caused error Can't parse entities: character '.' is reserved and must be escaped with the preceding '\'
Traceback (most recent call last):
  File "/data/data/com.termux/files/home/telegram-software-bot/venv/lib/python3.13/site-packages/telegram/ext/_application.py", line 1315, in process_update
    await coroutine
  File "/data/data/com.termux/files/home/telegram-software-bot/venv/lib/python3.13/site-packages/telegram/ext/_handlers/basehandler.py", line 159, in handle_update
    return await self.callback(update, context)
           ^^^^^^^^^^^^^^^^^^^^^^^^^^^^^^^^^^^^
  File "/data/data/com.termux/files/home/telegram-software-bot/handlers/admin_handlers.py", line 403, in reindex_command
    await update.message.reply_text("🔄 *جاري إعادة الفهرسة...*")
  File "/data/data/com.termux/files/home/telegram-software-bot/venv/lib/python3.13/site-packages/telegram/_message.py", line 2106, in reply_text
    return await self.get_bot().send_message(
           ^^^^^^^^^^^^^^^^^^^^^^^^^^^^^^^^^^
    ...<21 lines>...
    )
    ^
  File "/data/data/com.termux/files/home/telegram-software-bot/venv/lib/python3.13/site-packages/telegram/ext/_extbot.py", line 3118, in send_message
    return await super().send_message(
           ^^^^^^^^^^^^^^^^^^^^^^^^^^^
    ...<23 lines>...
    )
    ^
  File "/data/data/com.termux/files/home/telegram-software-bot/venv/lib/python3.13/site-packages/telegram/_bot.py", line 1123, in send_message
    return await self._send_message(
           ^^^^^^^^^^^^^^^^^^^^^^^^^
    ...<21 lines>...
    )
    ^
  File "/data/data/com.termux/files/home/telegram-software-bot/venv/lib/python3.13/site-packages/telegram/ext/_extbot.py", line 630, in _send_message
    result = await super()._send_message(
             ^^^^^^^^^^^^^^^^^^^^^^^^^^^^
    ...<23 lines>...
    )
    ^
  File "/data/data/com.termux/files/home/telegram-software-bot/venv/lib/python3.13/site-packages/telegram/_bot.py", line 820, in _send_message
    result = await self._post(
             ^^^^^^^^^^^^^^^^^
    ...<7 lines>...
    )
    ^
  File "/data/data/com.termux/files/home/telegram-software-bot/venv/lib/python3.13/site-packages/telegram/_bot.py", line 704, in _post
    return await self._do_post(
           ^^^^^^^^^^^^^^^^^^^^
    ...<6 lines>...
    )
    ^
  File "/data/data/com.termux/files/home/telegram-software-bot/venv/lib/python3.13/site-packages/telegram/ext/_extbot.py", line 370, in _do_post
    return await super()._do_post(
           ^^^^^^^^^^^^^^^^^^^^^^^
    ...<6 lines>...
    )
    ^
  File "/data/data/com.termux/files/home/telegram-software-bot/venv/lib/python3.13/site-packages/telegram/_bot.py", line 733, in _do_post
    result = await request.post(
             ^^^^^^^^^^^^^^^^^^^
    ...<6 lines>...
    )
    ^
  File "/data/data/com.termux/files/home/telegram-software-bot/venv/lib/python3.13/site-packages/telegram/request/_baserequest.py", line 198, in post
    result = await self._request_wrapper(
             ^^^^^^^^^^^^^^^^^^^^^^^^^^^^
    ...<7 lines>...
    )
    ^
  File "/data/data/com.termux/files/home/telegram-software-bot/venv/lib/python3.13/site-packages/telegram/request/_baserequest.py", line 375, in _request_wrapper
    raise exception
telegram.error.BadRequest: Can't parse entities: character '.' is reserved and must be escaped with the preceding '\'
2026-06-08 16:59:16 - bot - ERROR - main:_error_handler:109 - Update Update(message=Message(channel_chat_created=False, chat=Chat(first_name='عصام', id=1431003618, last_name='مرحب', type=<ChatType.PRIVATE>, username='Esam_Marhb'), date=datetime.datetime(2026, 6, 8, 13, 59, 15, tzinfo=datetime.timezone.utc), delete_chat_photo=False, entities=(MessageEntity(length=8, offset=0, type=<MessageEntityType.BOT_COMMAND>),), from_user=User(first_name='عصام', id=1431003618, is_bot=False, language_code='ar', last_name='مرحب', username='Esam_Marhb'), group_chat_created=False, message_id=176, supergroup_chat_created=False, text='/reindex'), update_id=509989825) caused error Can't parse entities: character '.' is reserved and must be escaped with the preceding '\'
Traceback (most recent call last):
  File "/data/data/com.termux/files/home/telegram-software-bot/venv/lib/python3.13/site-packages/telegram/ext/_application.py", line 1315, in process_update
    await coroutine
  File "/data/data/com.termux/files/home/telegram-software-bot/venv/lib/python3.13/site-packages/telegram/ext/_handlers/basehandler.py", line 159, in handle_update
    return await self.callback(update, context)
           ^^^^^^^^^^^^^^^^^^^^^^^^^^^^^^^^^^^^
  File "/data/data/com.termux/files/home/telegram-software-bot/handlers/admin_handlers.py", line 403, in reindex_command
    await update.message.reply_text("🔄 *جاري إعادة الفهرسة...*")
  File "/data/data/com.termux/files/home/telegram-software-bot/venv/lib/python3.13/site-packages/telegram/_message.py", line 2106, in reply_text
    return await self.get_bot().send_message(
           ^^^^^^^^^^^^^^^^^^^^^^^^^^^^^^^^^^
    ...<21 lines>...
    )
    ^
  File "/data/data/com.termux/files/home/telegram-software-bot/venv/lib/python3.13/site-packages/telegram/ext/_extbot.py", line 3118, in send_message
    return await super().send_message(
           ^^^^^^^^^^^^^^^^^^^^^^^^^^^
    ...<23 lines>...
    )
    ^
  File "/data/data/com.termux/files/home/telegram-software-bot/venv/lib/python3.13/site-packages/telegram/_bot.py", line 1123, in send_message
    return await self._send_message(
           ^^^^^^^^^^^^^^^^^^^^^^^^^
    ...<21 lines>...
    )
    ^
  File "/data/data/com.termux/files/home/telegram-software-bot/venv/lib/python3.13/site-packages/telegram/ext/_extbot.py", line 630, in _send_message
    result = await super()._send_message(
             ^^^^^^^^^^^^^^^^^^^^^^^^^^^^
    ...<23 lines>...
    )
    ^
  File "/data/data/com.termux/files/home/telegram-software-bot/venv/lib/python3.13/site-packages/telegram/_bot.py", line 820, in _send_message
    result = await self._post(
             ^^^^^^^^^^^^^^^^^
    ...<7 lines>...
    )
    ^
  File "/data/data/com.termux/files/home/telegram-software-bot/venv/lib/python3.13/site-packages/telegram/_bot.py", line 704, in _post
    return await self._do_post(
           ^^^^^^^^^^^^^^^^^^^^
    ...<6 lines>...
    )
    ^
  File "/data/data/com.termux/files/home/telegram-software-bot/venv/lib/python3.13/site-packages/telegram/ext/_extbot.py", line 370, in _do_post
    return await super()._do_post(
           ^^^^^^^^^^^^^^^^^^^^^^^
    ...<6 lines>...
    )
    ^
  File "/data/data/com.termux/files/home/telegram-software-bot/venv/lib/python3.13/site-packages/telegram/_bot.py", line 733, in _do_post
    result = await request.post(
             ^^^^^^^^^^^^^^^^^^^
    ...<6 lines>...
    )
    ^
  File "/data/data/com.termux/files/home/telegram-software-bot/venv/lib/python3.13/site-packages/telegram/request/_baserequest.py", line 198, in post
    result = await self._request_wrapper(
             ^^^^^^^^^^^^^^^^^^^^^^^^^^^^
    ...<7 lines>...
    )
    ^
  File "/data/data/com.termux/files/home/telegram-software-bot/venv/lib/python3.13/site-packages/telegram/request/_baserequest.py", line 375, in _request_wrapper
    raise exception
telegram.error.BadRequest: Can't parse entities: character '.' is reserved and must be escaped with the preceding '\'
2026-06-08 16:59:28 - bot - ERROR - main:_error_handler:109 - Update Update(message=Message(channel_chat_created=False, chat=Chat(first_name='عصام', id=1431003618, last_name='مرحب', type=<ChatType.PRIVATE>, username='Esam_Marhb'), date=datetime.datetime(2026, 6, 8, 13, 59, 27, tzinfo=datetime.timezone.utc), delete_chat_photo=False, entities=(MessageEntity(length=8, offset=0, type=<MessageEntityType.BOT_COMMAND>),), from_user=User(first_name='عصام', id=1431003618, is_bot=False, language_code='ar', last_name='مرحب', username='Esam_Marhb'), group_chat_created=False, message_id=177, supergroup_chat_created=False, text='/reindex'), update_id=509989826) caused error Can't parse entities: character '.' is reserved and must be escaped with the preceding '\'
Traceback (most recent call last):
  File "/data/data/com.termux/files/home/telegram-software-bot/venv/lib/python3.13/site-packages/telegram/ext/_application.py", line 1315, in process_update
    await coroutine
  File "/data/data/com.termux/files/home/telegram-software-bot/venv/lib/python3.13/site-packages/telegram/ext/_handlers/basehandler.py", line 159, in handle_update
    return await self.callback(update, context)
           ^^^^^^^^^^^^^^^^^^^^^^^^^^^^^^^^^^^^
  File "/data/data/com.termux/files/home/telegram-software-bot/handlers/admin_handlers.py", line 403, in reindex_command
    await update.message.reply_text("🔄 *جاري إعادة الفهرسة...*")
  File "/data/data/com.termux/files/home/telegram-software-bot/venv/lib/python3.13/site-packages/telegram/_message.py", line 2106, in reply_text
    return await self.get_bot().send_message(
           ^^^^^^^^^^^^^^^^^^^^^^^^^^^^^^^^^^
    ...<21 lines>...
    )
    ^
  File "/data/data/com.termux/files/home/telegram-software-bot/venv/lib/python3.13/site-packages/telegram/ext/_extbot.py", line 3118, in send_message
    return await super().send_message(
           ^^^^^^^^^^^^^^^^^^^^^^^^^^^
    ...<23 lines>...
    )
    ^
  File "/data/data/com.termux/files/home/telegram-software-bot/venv/lib/python3.13/site-packages/telegram/_bot.py", line 1123, in send_message
    return await self._send_message(
           ^^^^^^^^^^^^^^^^^^^^^^^^^
    ...<21 lines>...
    )
    ^
  File "/data/data/com.termux/files/home/telegram-software-bot/venv/lib/python3.13/site-packages/telegram/ext/_extbot.py", line 630, in _send_message
    result = await super()._send_message(
             ^^^^^^^^^^^^^^^^^^^^^^^^^^^^
    ...<23 lines>...
    )
    ^
  File "/data/data/com.termux/files/home/telegram-software-bot/venv/lib/python3.13/site-packages/telegram/_bot.py", line 820, in _send_message
    result = await self._post(
             ^^^^^^^^^^^^^^^^^
    ...<7 lines>...
    )
    ^
  File "/data/data/com.termux/files/home/telegram-software-bot/venv/lib/python3.13/site-packages/telegram/_bot.py", line 704, in _post
    return await self._do_post(
           ^^^^^^^^^^^^^^^^^^^^
    ...<6 lines>...
    )
    ^
  File "/data/data/com.termux/files/home/telegram-software-bot/venv/lib/python3.13/site-packages/telegram/ext/_extbot.py", line 370, in _do_post
    return await super()._do_post(
           ^^^^^^^^^^^^^^^^^^^^^^^
    ...<6 lines>...
    )
    ^
  File "/data/data/com.termux/files/home/telegram-software-bot/venv/lib/python3.13/site-packages/telegram/_bot.py", line 733, in _do_post
    result = await request.post(
             ^^^^^^^^^^^^^^^^^^^
    ...<6 lines>...
    )
    ^
  File "/data/data/com.termux/files/home/telegram-software-bot/venv/lib/python3.13/site-packages/telegram/request/_baserequest.py", line 198, in post
    result = await self._request_wrapper(
             ^^^^^^^^^^^^^^^^^^^^^^^^^^^^
    ...<7 lines>...
    )
    ^
  File "/data/data/com.termux/files/home/telegram-software-bot/venv/lib/python3.13/site-packages/telegram/request/_baserequest.py", line 375, in _request_wrapper
    raise exception
telegram.error.BadRequest: Can't parse entities: character '.' is reserved and must be escaped with the preceding '\'
2026-06-08 17:00:00 - bot - INFO - main:stop:166 - Stopping bot...
2026-06-08 17:02:17 - bot - INFO - main:initialize:52 - Initializing bot components...
2026-06-08 17:02:17 - bot - INFO - main:initialize:57 - Database initialized
2026-06-08 17:02:17 - bot - INFO - main:initialize:62 - Cache initialized
2026-06-08 17:02:18 - bot - INFO - main:_register_handlers:101 - Handlers registered
2026-06-08 17:02:18 - bot - INFO - main:initialize:81 - Bot initialized successfully
2026-06-08 17:02:18 - bot - INFO - main:start:136 - Starting bot...
2026-06-08 17:02:19 - bot - INFO - main:start:147 - Bot started successfully
2026-06-08 17:02:19 - bot - INFO - main:start:148 - Bot username: @Esamaibot
2026-06-08 17:03:10 - bot - ERROR - main:_error_handler:109 - Update Update(message=Message(channel_chat_created=False, chat=Chat(first_name='عصام', id=1431003618, last_name='مرحب', type=<ChatType.PRIVATE>, username='Esam_Marhb'), date=datetime.datetime(2026, 6, 8, 14, 3, 10, tzinfo=datetime.timezone.utc), delete_chat_photo=False, from_user=User(first_name='عصام', id=1431003618, is_bot=False, language_code='ar', last_name='مرحب', username='Esam_Marhb'), group_chat_created=False, message_id=182, supergroup_chat_created=False, text='AnyDesk'), update_id=509989829) caused error type object 'SoftwareRepository' has no attribute 'log_search'
Traceback (most recent call last):
  File "/data/data/com.termux/files/home/telegram-software-bot/venv/lib/python3.13/site-packages/telegram/ext/_application.py", line 1315, in process_update
    await coroutine
  File "/data/data/com.termux/files/home/telegram-software-bot/venv/lib/python3.13/site-packages/telegram/ext/_handlers/basehandler.py", line 159, in handle_update
    return await self.callback(update, context)
           ^^^^^^^^^^^^^^^^^^^^^^^^^^^^^^^^^^^^
  File "/data/data/com.termux/files/home/telegram-software-bot/handlers/user_handlers.py", line 209, in handle_message
    await self._perform_search(
        update, context, sanitized_text, user.id
    )
  File "/data/data/com.termux/files/home/telegram-software-bot/handlers/user_handlers.py", line 260, in _perform_search
    results = await self.search_service.search(
              ^^^^^^^^^^^^^^^^^^^^^^^^^^^^^^^^^
    ...<4 lines>...
    )
    ^
  File "/data/data/com.termux/files/home/telegram-software-bot/services/search_service.py", line 131, in search
    await SoftwareRepository.log_search(
          ^^^^^^^^^^^^^^^^^^^^^^^^^^^^^
AttributeError: type object 'SoftwareRepository' has no attribute 'log_search'
2026-06-08 17:03:31 - bot - ERROR - main:_error_handler:109 - Update Update(callback_query=CallbackQuery(chat_instance='2687171661052618728', data='admin_scan', from_user=User(first_name='عصام', id=1431003618, is_bot=False, language_code='ar', last_name='مرحب', username='Esam_Marhb'), id='6146113743748355419', message=Message(channel_chat_created=False, chat=Chat(first_name='عصام', id=1431003618, last_name='مرحب', type=<ChatType.PRIVATE>, username='Esam_Marhb'), date=datetime.datetime(2026, 6, 8, 14, 3, 21, tzinfo=datetime.timezone.utc), delete_chat_photo=False, entities=(MessageEntity(length=11, offset=3, type=<MessageEntityType.BOLD>),), from_user=User(first_name='مكتبة عصام التقنية', id=8822102096, is_bot=True, username='Esamaibot'), group_chat_created=False, message_id=185, reply_markup=InlineKeyboardMarkup(inline_keyboard=((InlineKeyboardButton(callback_data='admin_software', text='📋 إدارة البرامج'), InlineKeyboardButton(callback_data='admin_users', text='👥 إدارة المستخدمين')), (InlineKeyboardButton(callback_data='admin_stats', text='📊 إحصائيات'), InlineKeyboardButton(callback_data='admin_broadcast', text='📢 إرسال جماعي')), (InlineKeyboardButton(callback_data='admin_backup', text='💾 نسخ احتياطي'), InlineKeyboardButton(callback_data='admin_maintenance', text='🔧 صيانة')), (InlineKeyboardButton(callback_data='admin_reindex', text='🔄 إعادة فهرسة'), InlineKeyboardButton(callback_data='admin_scan', text='🔍 فحص القناة')))), supergroup_chat_created=False, text='📊 لوحة التحكم\n\n👥 المستخدمين: 2\n📦 البرامج: 0\n🔍 البحث: 0\n📥 التحميل: 0')), update_id=509989831) caused error CallbackHandlers.handle_callback() missing 1 required positional argument: 'context'
Traceback (most recent call last):
  File "/data/data/com.termux/files/home/telegram-software-bot/venv/lib/python3.13/site-packages/telegram/ext/_application.py", line 1315, in process_update
    await coroutine
  File "/data/data/com.termux/files/home/telegram-software-bot/venv/lib/python3.13/site-packages/telegram/ext/_handlers/basehandler.py", line 159, in handle_update
    return await self.callback(update, context)
                 ~~~~~~~~~~~~~^^^^^^^^^^^^^^^^^
TypeError: CallbackHandlers.handle_callback() missing 1 required positional argument: 'context'
2026-06-08 17:03:56 - bot - ERROR - main:_error_handler:109 - Update Update(message=Message(channel_chat_created=False, chat=Chat(first_name='عصام', id=1431003618, last_name='مرحب', type=<ChatType.PRIVATE>, username='Esam_Marhb'), date=datetime.datetime(2026, 6, 8, 14, 3, 56, tzinfo=datetime.timezone.utc), delete_chat_photo=False, from_user=User(first_name='عصام', id=1431003618, is_bot=False, language_code='ar', last_name='مرحب', username='Esam_Marhb'), group_chat_created=False, message_id=186, supergroup_chat_created=False, text='AnyDesk'), update_id=509989832) caused error 'results'
Traceback (most recent call last):
  File "/data/data/com.termux/files/home/telegram-software-bot/venv/lib/python3.13/site-packages/telegram/ext/_application.py", line 1315, in process_update
    await coroutine
  File "/data/data/com.termux/files/home/telegram-software-bot/venv/lib/python3.13/site-packages/telegram/ext/_handlers/basehandler.py", line 159, in handle_update
    return await self.callback(update, context)
           ^^^^^^^^^^^^^^^^^^^^^^^^^^^^^^^^^^^^
  File "/data/data/com.termux/files/home/telegram-software-bot/handlers/user_handlers.py", line 209, in handle_message
    await self._perform_search(
        update, context, sanitized_text, user.id
    )
  File "/data/data/com.termux/files/home/telegram-software-bot/handlers/user_handlers.py", line 278, in _perform_search
    if not results["results"]:
           ~~~~~~~^^^^^^^^^^^
KeyError: 'results'
2026-06-08 17:04:21 - bot - ERROR - main:_error_handler:109 - Update Update(message=Message(channel_chat_created=False, chat=Chat(first_name='MR ARABIC', id=7343202051, type=<ChatType.PRIVATE>, username='Eeeessesej'), date=datetime.datetime(2026, 6, 8, 14, 4, 21, tzinfo=datetime.timezone.utc), delete_chat_photo=False, from_user=User(first_name='MR ARABIC', id=7343202051, is_bot=False, language_code='ar', username='Eeeessesej'), group_chat_created=False, message_id=192, supergroup_chat_created=False, text='AnyDesk'), update_id=509989835) caused error 'results'
Traceback (most recent call last):
  File "/data/data/com.termux/files/home/telegram-software-bot/venv/lib/python3.13/site-packages/telegram/ext/_application.py", line 1315, in process_update
    await coroutine
  File "/data/data/com.termux/files/home/telegram-software-bot/venv/lib/python3.13/site-packages/telegram/ext/_handlers/basehandler.py", line 159, in handle_update
    return await self.callback(update, context)
           ^^^^^^^^^^^^^^^^^^^^^^^^^^^^^^^^^^^^
  File "/data/data/com.termux/files/home/telegram-software-bot/handlers/user_handlers.py", line 209, in handle_message
    await self._perform_search(
        update, context, sanitized_text, user.id
    )
  File "/data/data/com.termux/files/home/telegram-software-bot/handlers/user_handlers.py", line 278, in _perform_search
    if not results["results"]:
           ~~~~~~~^^^^^^^^^^^
KeyError: 'results'
2026-06-08 17:04:29 - bot - ERROR - main:_error_handler:109 - Update Update(message=Message(channel_chat_created=False, chat=Chat(first_name='MR ARABIC', id=7343202051, type=<ChatType.PRIVATE>, username='Eeeessesej'), date=datetime.datetime(2026, 6, 8, 14, 4, 29, tzinfo=datetime.timezone.utc), delete_chat_photo=False, from_user=User(first_name='MR ARABIC', id=7343202051, is_bot=False, language_code='ar', username='Eeeessesej'), group_chat_created=False, message_id=196, supergroup_chat_created=False, text='AnyDesk'), update_id=509989837) caused error 'results'
Traceback (most recent call last):
  File "/data/data/com.termux/files/home/telegram-software-bot/venv/lib/python3.13/site-packages/telegram/ext/_application.py", line 1315, in process_update
    await coroutine
  File "/data/data/com.termux/files/home/telegram-software-bot/venv/lib/python3.13/site-packages/telegram/ext/_handlers/basehandler.py", line 159, in handle_update
    return await self.callback(update, context)
           ^^^^^^^^^^^^^^^^^^^^^^^^^^^^^^^^^^^^
  File "/data/data/com.termux/files/home/telegram-software-bot/handlers/user_handlers.py", line 209, in handle_message
    await self._perform_search(
        update, context, sanitized_text, user.id
    )
  File "/data/data/com.termux/files/home/telegram-software-bot/handlers/user_handlers.py", line 278, in _perform_search
    if not results["results"]:
           ~~~~~~~^^^^^^^^^^^
KeyError: 'results'
2026-06-08 17:04:34 - bot - ERROR - main:_error_handler:109 - Update Update(callback_query=CallbackQuery(chat_instance='2687171661052618728', data='admin_scan', from_user=User(first_name='عصام', id=1431003618, is_bot=False, language_code='ar', last_name='مرحب', username='Esam_Marhb'), id='6146113743124514571', message=Message(channel_chat_created=False, chat=Chat(first_name='عصام', id=1431003618, last_name='مرحب', type=<ChatType.PRIVATE>, username='Esam_Marhb'), date=datetime.datetime(2026, 6, 8, 14, 3, 21, tzinfo=datetime.timezone.utc), delete_chat_photo=False, entities=(MessageEntity(length=11, offset=3, type=<MessageEntityType.BOLD>),), from_user=User(first_name='مكتبة عصام التقنية', id=8822102096, is_bot=True, username='Esamaibot'), group_chat_created=False, message_id=185, reply_markup=InlineKeyboardMarkup(inline_keyboard=((InlineKeyboardButton(callback_data='admin_software', text='📋 إدارة البرامج'), InlineKeyboardButton(callback_data='admin_users', text='👥 إدارة المستخدمين')), (InlineKeyboardButton(callback_data='admin_stats', text='📊 إحصائيات'), InlineKeyboardButton(callback_data='admin_broadcast', text='📢 إرسال جماعي')), (InlineKeyboardButton(callback_data='admin_backup', text='💾 نسخ احتياطي'), InlineKeyboardButton(callback_data='admin_maintenance', text='🔧 صيانة')), (InlineKeyboardButton(callback_data='admin_reindex', text='🔄 إعادة فهرسة'), InlineKeyboardButton(callback_data='admin_scan', text='🔍 فحص القناة')))), supergroup_chat_created=False, text='📊 لوحة التحكم\n\n👥 المستخدمين: 2\n📦 البرامج: 0\n🔍 البحث: 0\n📥 التحميل: 0')), update_id=509989838) caused error CallbackHandlers.handle_callback() missing 1 required positional argument: 'context'
Traceback (most recent call last):
  File "/data/data/com.termux/files/home/telegram-software-bot/venv/lib/python3.13/site-packages/telegram/ext/_application.py", line 1315, in process_update
    await coroutine
  File "/data/data/com.termux/files/home/telegram-software-bot/venv/lib/python3.13/site-packages/telegram/ext/_handlers/basehandler.py", line 159, in handle_update
    return await self.callback(update, context)
                 ~~~~~~~~~~~~~^^^^^^^^^^^^^^^^^
TypeError: CallbackHandlers.handle_callback() missing 1 required positional argument: 'context'
2026-06-08 17:04:58 - bot - ERROR - main:_error_handler:109 - Update Update(message=Message(channel_chat_created=False, chat=Chat(first_name='عصام', id=1431003618, last_name='مرحب', type=<ChatType.PRIVATE>, username='Esam_Marhb'), date=datetime.datetime(2026, 6, 8, 14, 4, 58, tzinfo=datetime.timezone.utc), delete_chat_photo=False, from_user=User(first_name='عصام', id=1431003618, is_bot=False, language_code='ar', last_name='مرحب', username='Esam_Marhb'), group_chat_created=False, message_id=200, supergroup_chat_created=False, text='AnyDesk'), update_id=509989840) caused error 'results'
Traceback (most recent call last):
  File "/data/data/com.termux/files/home/telegram-software-bot/venv/lib/python3.13/site-packages/telegram/ext/_application.py", line 1315, in process_update
    await coroutine
  File "/data/data/com.termux/files/home/telegram-software-bot/venv/lib/python3.13/site-packages/telegram/ext/_handlers/basehandler.py", line 159, in handle_update
    return await self.callback(update, context)
           ^^^^^^^^^^^^^^^^^^^^^^^^^^^^^^^^^^^^
  File "/data/data/com.termux/files/home/telegram-software-bot/handlers/user_handlers.py", line 209, in handle_message
    await self._perform_search(
        update, context, sanitized_text, user.id
    )
  File "/data/data/com.termux/files/home/telegram-software-bot/handlers/user_handlers.py", line 278, in _perform_search
    if not results["results"]:
           ~~~~~~~^^^^^^^^^^^
KeyError: 'results'
2026-06-08 17:05:29 - bot - ERROR - main:_error_handler:109 - Update Update(callback_query=CallbackQuery(chat_instance='2687171661052618728', data='admin_scan', from_user=User(first_name='عصام', id=1431003618, is_bot=False, language_code='ar', last_name='مرحب', username='Esam_Marhb'), id='6146113743429465781', message=Message(channel_chat_created=False, chat=Chat(first_name='عصام', id=1431003618, last_name='مرحب', type=<ChatType.PRIVATE>, username='Esam_Marhb'), date=datetime.datetime(2026, 6, 8, 14, 3, 21, tzinfo=datetime.timezone.utc), delete_chat_photo=False, entities=(MessageEntity(length=11, offset=3, type=<MessageEntityType.BOLD>),), from_user=User(first_name='مكتبة عصام التقنية', id=8822102096, is_bot=True, username='Esamaibot'), group_chat_created=False, message_id=185, reply_markup=InlineKeyboardMarkup(inline_keyboard=((InlineKeyboardButton(callback_data='admin_software', text='📋 إدارة البرامج'), InlineKeyboardButton(callback_data='admin_users', text='👥 إدارة المستخدمين')), (InlineKeyboardButton(callback_data='admin_stats', text='📊 إحصائيات'), InlineKeyboardButton(callback_data='admin_broadcast', text='📢 إرسال جماعي')), (InlineKeyboardButton(callback_data='admin_backup', text='💾 نسخ احتياطي'), InlineKeyboardButton(callback_data='admin_maintenance', text='🔧 صيانة')), (InlineKeyboardButton(callback_data='admin_reindex', text='🔄 إعادة فهرسة'), InlineKeyboardButton(callback_data='admin_scan', text='🔍 فحص القناة')))), supergroup_chat_created=False, text='📊 لوحة التحكم\n\n👥 المستخدمين: 2\n📦 البرامج: 0\n🔍 البحث: 0\n📥 التحميل: 0')), update_id=509989841) caused error CallbackHandlers.handle_callback() missing 1 required positional argument: 'context'
Traceback (most recent call last):
  File "/data/data/com.termux/files/home/telegram-software-bot/venv/lib/python3.13/site-packages/telegram/ext/_application.py", line 1315, in process_update
    await coroutine
  File "/data/data/com.termux/files/home/telegram-software-bot/venv/lib/python3.13/site-packages/telegram/ext/_handlers/basehandler.py", line 159, in handle_update
    return await self.callback(update, context)
                 ~~~~~~~~~~~~~^^^^^^^^^^^^^^^^^
TypeError: CallbackHandlers.handle_callback() missing 1 required positional argument: 'context'
2026-06-08 17:07:54 - bot - INFO - main:stop:166 - Stopping bot...
2026-06-08 17:10:09 - bot - INFO - main:initialize:52 - Initializing bot components...
2026-06-08 17:10:09 - bot - INFO - main:initialize:57 - Database initialized
2026-06-08 17:10:09 - bot - INFO - main:initialize:62 - Cache initialized
2026-06-08 17:10:10 - bot - INFO - main:_register_handlers:101 - Handlers registered
2026-06-08 17:10:10 - bot - INFO - main:initialize:81 - Bot initialized successfully
2026-06-08 17:10:10 - bot - INFO - main:start:136 - Starting bot...
2026-06-08 17:10:11 - bot - INFO - main:start:147 - Bot started successfully
2026-06-08 17:10:11 - bot - INFO - main:start:148 - Bot username: @Esamaibot
2026-06-08 17:10:12 - bot - INFO - main:stop:166 - Stopping bot...
2026-06-08 17:10:30 - bot - INFO - main:initialize:52 - Initializing bot components...
2026-06-08 17:10:31 - bot - INFO - main:initialize:57 - Database initialized
2026-06-08 17:10:31 - bot - INFO - main:initialize:62 - Cache initialized
2026-06-08 17:10:31 - bot - INFO - main:_register_handlers:101 - Handlers registered
2026-06-08 17:10:31 - bot - INFO - main:initialize:81 - Bot initialized successfully
2026-06-08 17:10:31 - bot - INFO - main:start:136 - Starting bot...
2026-06-08 17:10:31 - bot - INFO - main:start:147 - Bot started successfully
2026-06-08 17:10:32 - bot - INFO - main:start:148 - Bot username: @Esamaibot
2026-06-08 17:10:42 - bot - ERROR - main:_error_handler:109 - Update Update(message=Message(channel_chat_created=False, chat=Chat(first_name='عصام', id=1431003618, last_name='مرحب', type=<ChatType.PRIVATE>, username='Esam_Marhb'), date=datetime.datetime(2026, 6, 8, 14, 10, 43, tzinfo=datetime.timezone.utc), delete_chat_photo=False, from_user=User(first_name='عصام', id=1431003618, is_bot=False, language_code='ar', last_name='مرحب', username='Esam_Marhb'), group_chat_created=False, message_id=204, supergroup_chat_created=False, text='Chrome'), update_id=509989843) caused error type object 'SoftwareRepository' has no attribute 'log_search'
Traceback (most recent call last):
  File "/data/data/com.termux/files/home/telegram-software-bot/venv/lib/python3.13/site-packages/telegram/ext/_application.py", line 1315, in process_update
    await coroutine
  File "/data/data/com.termux/files/home/telegram-software-bot/venv/lib/python3.13/site-packages/telegram/ext/_handlers/basehandler.py", line 159, in handle_update
    return await self.callback(update, context)
           ^^^^^^^^^^^^^^^^^^^^^^^^^^^^^^^^^^^^
  File "/data/data/com.termux/files/home/telegram-software-bot/handlers/user_handlers.py", line 209, in handle_message
    await self._perform_search(
        update, context, sanitized_text, user.id
    )
  File "/data/data/com.termux/files/home/telegram-software-bot/handlers/user_handlers.py", line 260, in _perform_search
    results = await self.search_service.search(
              ^^^^^^^^^^^^^^^^^^^^^^^^^^^^^^^^^
    ...<4 lines>...
    )
    ^
  File "/data/data/com.termux/files/home/telegram-software-bot/services/search_service.py", line 131, in search
    await SoftwareRepository.log_search(
          ^^^^^^^^^^^^^^^^^^^^^^^^^^^^^
AttributeError: type object 'SoftwareRepository' has no attribute 'log_search'
2026-06-08 17:11:00 - bot - ERROR - main:_error_handler:109 - Update Update(message=Message(channel_chat_created=False, chat=Chat(first_name='MR ARABIC', id=7343202051, type=<ChatType.PRIVATE>, username='Eeeessesej'), date=datetime.datetime(2026, 6, 8, 14, 11, tzinfo=datetime.timezone.utc), delete_chat_photo=False, from_user=User(first_name='MR ARABIC', id=7343202051, is_bot=False, language_code='ar', username='Eeeessesej'), group_chat_created=False, message_id=210, supergroup_chat_created=False, text='Chrome'), update_id=509989847) caused error 'results'
Traceback (most recent call last):
  File "/data/data/com.termux/files/home/telegram-software-bot/venv/lib/python3.13/site-packages/telegram/ext/_application.py", line 1315, in process_update
    await coroutine
  File "/data/data/com.termux/files/home/telegram-software-bot/venv/lib/python3.13/site-packages/telegram/ext/_handlers/basehandler.py", line 159, in handle_update
    return await self.callback(update, context)
           ^^^^^^^^^^^^^^^^^^^^^^^^^^^^^^^^^^^^
  File "/data/data/com.termux/files/home/telegram-software-bot/handlers/user_handlers.py", line 209, in handle_message
    await self._perform_search(
        update, context, sanitized_text, user.id
    )
  File "/data/data/com.termux/files/home/telegram-software-bot/handlers/user_handlers.py", line 278, in _perform_search
    if not results["results"]:
           ~~~~~~~^^^^^^^^^^^
KeyError: 'results'
2026-06-08 17:11:16 - bot - ERROR - main:_error_handler:109 - Update Update(message=Message(channel_chat_created=False, chat=Chat(first_name='عصام', id=1431003618, last_name='مرحب', type=<ChatType.PRIVATE>, username='Esam_Marhb'), date=datetime.datetime(2026, 6, 8, 14, 11, 16, tzinfo=datetime.timezone.utc), delete_chat_photo=False, from_user=User(first_name='عصام', id=1431003618, is_bot=False, language_code='ar', last_name='مرحب', username='Esam_Marhb'), group_chat_created=False, message_id=214, supergroup_chat_created=False, text='Zip'), update_id=509989849) caused error type object 'SoftwareRepository' has no attribute 'log_search'
Traceback (most recent call last):
  File "/data/data/com.termux/files/home/telegram-software-bot/venv/lib/python3.13/site-packages/telegram/ext/_application.py", line 1315, in process_update
    await coroutine
  File "/data/data/com.termux/files/home/telegram-software-bot/venv/lib/python3.13/site-packages/telegram/ext/_handlers/basehandler.py", line 159, in handle_update
    return await self.callback(update, context)
           ^^^^^^^^^^^^^^^^^^^^^^^^^^^^^^^^^^^^
  File "/data/data/com.termux/files/home/telegram-software-bot/handlers/user_handlers.py", line 209, in handle_message
    await self._perform_search(
        update, context, sanitized_text, user.id
    )
  File "/data/data/com.termux/files/home/telegram-software-bot/handlers/user_handlers.py", line 260, in _perform_search
    results = await self.search_service.search(
              ^^^^^^^^^^^^^^^^^^^^^^^^^^^^^^^^^
    ...<4 lines>...
    )
    ^
  File "/data/data/com.termux/files/home/telegram-software-bot/services/search_service.py", line 131, in search
    await SoftwareRepository.log_search(
          ^^^^^^^^^^^^^^^^^^^^^^^^^^^^^
AttributeError: type object 'SoftwareRepository' has no attribute 'log_search'
2026-06-08 17:13:36 - bot - INFO - main:stop:166 - Stopping bot...
2026-06-08 17:14:25 - bot - INFO - main:initialize:52 - Initializing bot components...
2026-06-08 17:14:25 - bot - INFO - main:initialize:57 - Database initialized
2026-06-08 17:14:25 - bot - INFO - main:initialize:62 - Cache initialized
2026-06-08 17:14:25 - bot - INFO - main:_register_handlers:101 - Handlers registered
2026-06-08 17:14:25 - bot - INFO - main:initialize:81 - Bot initialized successfully
2026-06-08 17:14:25 - bot - INFO - main:start:136 - Starting bot...
2026-06-08 17:14:26 - bot - INFO - main:start:147 - Bot started successfully
2026-06-08 17:14:26 - bot - INFO - main:start:148 - Bot username: @Esamaibot
2026-06-08 17:14:36 - bot - ERROR - main:_error_handler:109 - Update Update(message=Message(channel_chat_created=False, chat=Chat(first_name='عصام', id=1431003618, last_name='مرحب', type=<ChatType.PRIVATE>, username='Esam_Marhb'), date=datetime.datetime(2026, 6, 8, 14, 14, 36, tzinfo=datetime.timezone.utc), delete_chat_photo=False, from_user=User(first_name='عصام', id=1431003618, is_bot=False, language_code='ar', last_name='مرحب', username='Esam_Marhb'), group_chat_created=False, message_id=224, supergroup_chat_created=False, text='Chrome'), update_id=509989856) caused error type object 'SoftwareRepository' has no attribute 'log_search'
Traceback (most recent call last):
  File "/data/data/com.termux/files/home/telegram-software-bot/venv/lib/python3.13/site-packages/telegram/ext/_application.py", line 1315, in process_update
    await coroutine
  File "/data/data/com.termux/files/home/telegram-software-bot/venv/lib/python3.13/site-packages/telegram/ext/_handlers/basehandler.py", line 159, in handle_update
    return await self.callback(update, context)
           ^^^^^^^^^^^^^^^^^^^^^^^^^^^^^^^^^^^^
  File "/data/data/com.termux/files/home/telegram-software-bot/handlers/user_handlers.py", line 209, in handle_message
    await self._perform_search(
        update, context, sanitized_text, user.id
    )
  File "/data/data/com.termux/files/home/telegram-software-bot/handlers/user_handlers.py", line 260, in _perform_search
    results = await self.search_service.search(
              ^^^^^^^^^^^^^^^^^^^^^^^^^^^^^^^^^
    ...<4 lines>...
    )
    ^
  File "/data/data/com.termux/files/home/telegram-software-bot/services/search_service.py", line 131, in search
    await SoftwareRepository.log_search(
          ^^^^^^^^^^^^^^^^^^^^^^^^^^^^^
AttributeError: type object 'SoftwareRepository' has no attribute 'log_search'
2026-06-08 17:14:43 - bot - ERROR - main:_error_handler:109 - Update Update(message=Message(channel_chat_created=False, chat=Chat(first_name='عصام', id=1431003618, last_name='مرحب', type=<ChatType.PRIVATE>, username='Esam_Marhb'), date=datetime.datetime(2026, 6, 8, 14, 14, 43, tzinfo=datetime.timezone.utc), delete_chat_photo=False, from_user=User(first_name='عصام', id=1431003618, is_bot=False, language_code='ar', last_name='مرحب', username='Esam_Marhb'), group_chat_created=False, message_id=226, supergroup_chat_created=False, text='zip'), update_id=509989857) caused error type object 'SoftwareRepository' has no attribute 'log_search'
Traceback (most recent call last):
  File "/data/data/com.termux/files/home/telegram-software-bot/venv/lib/python3.13/site-packages/telegram/ext/_application.py", line 1315, in process_update
    await coroutine
  File "/data/data/com.termux/files/home/telegram-software-bot/venv/lib/python3.13/site-packages/telegram/ext/_handlers/basehandler.py", line 159, in handle_update
    return await self.callback(update, context)
           ^^^^^^^^^^^^^^^^^^^^^^^^^^^^^^^^^^^^
  File "/data/data/com.termux/files/home/telegram-software-bot/handlers/user_handlers.py", line 209, in handle_message
    await self._perform_search(
        update, context, sanitized_text, user.id
    )
  File "/data/data/com.termux/files/home/telegram-software-bot/handlers/user_handlers.py", line 260, in _perform_search
    results = await self.search_service.search(
              ^^^^^^^^^^^^^^^^^^^^^^^^^^^^^^^^^
    ...<4 lines>...
    )
    ^
  File "/data/data/com.termux/files/home/telegram-software-bot/services/search_service.py", line 131, in search
    await SoftwareRepository.log_search(
          ^^^^^^^^^^^^^^^^^^^^^^^^^^^^^
AttributeError: type object 'SoftwareRepository' has no attribute 'log_search'
2026-06-08 17:15:03 - bot - INFO - main:stop:166 - Stopping bot...
2026-06-08 17:15:16 - bot - INFO - main:initialize:52 - Initializing bot components...
2026-06-08 17:15:16 - bot - INFO - main:initialize:57 - Database initialized
2026-06-08 17:15:16 - bot - INFO - main:initialize:62 - Cache initialized
2026-06-08 17:15:16 - bot - INFO - main:_register_handlers:101 - Handlers registered
2026-06-08 17:15:16 - bot - INFO - main:initialize:81 - Bot initialized successfully
2026-06-08 17:15:16 - bot - INFO - main:start:136 - Starting bot...
2026-06-08 17:15:17 - bot - INFO - main:start:147 - Bot started successfully
2026-06-08 17:15:17 - bot - INFO - main:start:148 - Bot username: @Esamaibot
2026-06-08 17:15:30 - bot - ERROR - main:_error_handler:109 - Update Update(message=Message(channel_chat_created=False, chat=Chat(first_name='عصام', id=1431003618, last_name='مرحب', type=<ChatType.PRIVATE>, username='Esam_Marhb'), date=datetime.datetime(2026, 6, 8, 14, 15, 30, tzinfo=datetime.timezone.utc), delete_chat_photo=False, from_user=User(first_name='عصام', id=1431003618, is_bot=False, language_code='ar', last_name='مرحب', username='Esam_Marhb'), group_chat_created=False, message_id=230, supergroup_chat_created=False, text='Chrome'), update_id=509989859) caused error type object 'SoftwareRepository' has no attribute 'log_search'
Traceback (most recent call last):
  File "/data/data/com.termux/files/home/telegram-software-bot/venv/lib/python3.13/site-packages/telegram/ext/_application.py", line 1315, in process_update
    await coroutine
  File "/data/data/com.termux/files/home/telegram-software-bot/venv/lib/python3.13/site-packages/telegram/ext/_handlers/basehandler.py", line 159, in handle_update
    return await self.callback(update, context)
           ^^^^^^^^^^^^^^^^^^^^^^^^^^^^^^^^^^^^
  File "/data/data/com.termux/files/home/telegram-software-bot/handlers/user_handlers.py", line 209, in handle_message
    await self._perform_search(
        update, context, sanitized_text, user.id
    )
  File "/data/data/com.termux/files/home/telegram-software-bot/handlers/user_handlers.py", line 260, in _perform_search
    results = await self.search_service.search(
              ^^^^^^^^^^^^^^^^^^^^^^^^^^^^^^^^^
    ...<4 lines>...
    )
    ^
  File "/data/data/com.termux/files/home/telegram-software-bot/services/search_service.py", line 131, in search
    await SoftwareRepository.log_search(
          ^^^^^^^^^^^^^^^^^^^^^^^^^^^^^
AttributeError: type object 'SoftwareRepository' has no attribute 'log_search'
2026-06-08 17:15:39 - bot - ERROR - main:_error_handler:109 - Update Update(message=Message(channel_chat_created=False, chat=Chat(first_name='عصام', id=1431003618, last_name='مرحب', type=<ChatType.PRIVATE>, username='Esam_Marhb'), date=datetime.datetime(2026, 6, 8, 14, 15, 39, tzinfo=datetime.timezone.utc), delete_chat_photo=False, from_user=User(first_name='عصام', id=1431003618, is_bot=False, language_code='ar', last_name='مرحب', username='Esam_Marhb'), group_chat_created=False, message_id=236, supergroup_chat_created=False, text='Chrome'), update_id=509989862) caused error 'results'
Traceback (most recent call last):
  File "/data/data/com.termux/files/home/telegram-software-bot/venv/lib/python3.13/site-packages/telegram/ext/_application.py", line 1315, in process_update
    await coroutine
  File "/data/data/com.termux/files/home/telegram-software-bot/venv/lib/python3.13/site-packages/telegram/ext/_handlers/basehandler.py", line 159, in handle_update
    return await self.callback(update, context)
           ^^^^^^^^^^^^^^^^^^^^^^^^^^^^^^^^^^^^
  File "/data/data/com.termux/files/home/telegram-software-bot/handlers/user_handlers.py", line 209, in handle_message
    await self._perform_search(
        update, context, sanitized_text, user.id
    )
  File "/data/data/com.termux/files/home/telegram-software-bot/handlers/user_handlers.py", line 278, in _perform_search
    if not results["results"]:
           ~~~~~~~^^^^^^^^^^^
KeyError: 'results'
2026-06-08 17:16:22 - bot - ERROR - main:_error_handler:109 - Update Update(message=Message(channel_chat_created=False, chat=Chat(first_name='عصام', id=1431003618, last_name='مرحب', type=<ChatType.PRIVATE>, username='Esam_Marhb'), date=datetime.datetime(2026, 6, 8, 14, 16, 21, tzinfo=datetime.timezone.utc), delete_chat_photo=False, from_user=User(first_name='عصام', id=1431003618, is_bot=False, language_code='ar', last_name='مرحب', username='Esam_Marhb'), group_chat_created=False, message_id=242, supergroup_chat_created=False, text='zip'), update_id=509989865) caused error type object 'SoftwareRepository' has no attribute 'log_search'
Traceback (most recent call last):
  File "/data/data/com.termux/files/home/telegram-software-bot/venv/lib/python3.13/site-packages/telegram/ext/_application.py", line 1315, in process_update
    await coroutine
  File "/data/data/com.termux/files/home/telegram-software-bot/venv/lib/python3.13/site-packages/telegram/ext/_handlers/basehandler.py", line 159, in handle_update
    return await self.callback(update, context)
           ^^^^^^^^^^^^^^^^^^^^^^^^^^^^^^^^^^^^
  File "/data/data/com.termux/files/home/telegram-software-bot/handlers/user_handlers.py", line 209, in handle_message
    await self._perform_search(
        update, context, sanitized_text, user.id
    )
  File "/data/data/com.termux/files/home/telegram-software-bot/handlers/user_handlers.py", line 260, in _perform_search
    results = await self.search_service.search(
              ^^^^^^^^^^^^^^^^^^^^^^^^^^^^^^^^^
    ...<4 lines>...
    )
    ^
  File "/data/data/com.termux/files/home/telegram-software-bot/services/search_service.py", line 131, in search
    await SoftwareRepository.log_search(
          ^^^^^^^^^^^^^^^^^^^^^^^^^^^^^
AttributeError: type object 'SoftwareRepository' has no attribute 'log_search'
2026-06-08 17:17:23 - bot - INFO - main:stop:166 - Stopping bot...
2026-06-08 17:20:54 - bot - INFO - main:initialize:52 - Initializing bot components...
2026-06-08 17:20:54 - bot - INFO - main:initialize:57 - Database initialized
2026-06-08 17:20:54 - bot - INFO - main:initialize:62 - Cache initialized
2026-06-08 17:20:54 - bot - INFO - main:_register_handlers:101 - Handlers registered
2026-06-08 17:20:54 - bot - INFO - main:initialize:81 - Bot initialized successfully
2026-06-08 17:20:54 - bot - INFO - main:start:136 - Starting bot...
2026-06-08 17:20:55 - bot - INFO - main:start:147 - Bot started successfully
2026-06-08 17:20:55 - bot - INFO - main:start:148 - Bot username: @Esamaibot
2026-06-08 17:21:04 - bot - ERROR - main:_error_handler:109 - Update Update(message=Message(channel_chat_created=False, chat=Chat(first_name='MR ARABIC', id=7343202051, type=<ChatType.PRIVATE>, username='Eeeessesej'), date=datetime.datetime(2026, 6, 8, 14, 21, 4, tzinfo=datetime.timezone.utc), delete_chat_photo=False, from_user=User(first_name='MR ARABIC', id=7343202051, is_bot=False, language_code='ar', username='Eeeessesej'), group_chat_created=False, message_id=245, supergroup_chat_created=False, text='Chrome'), update_id=509989868) caused error Can't parse entities: character '.' is reserved and must be escaped with the preceding '\'
Traceback (most recent call last):
  File "/data/data/com.termux/files/home/telegram-software-bot/venv/lib/python3.13/site-packages/telegram/ext/_application.py", line 1315, in process_update
    await coroutine
  File "/data/data/com.termux/files/home/telegram-software-bot/venv/lib/python3.13/site-packages/telegram/ext/_handlers/basehandler.py", line 159, in handle_update
    return await self.callback(update, context)
           ^^^^^^^^^^^^^^^^^^^^^^^^^^^^^^^^^^^^
  File "/data/data/com.termux/files/home/telegram-software-bot/handlers/user_handlers.py", line 33, in handle_message
    msg = await update.message.reply_text("🔍 جاري البحث...")
          ^^^^^^^^^^^^^^^^^^^^^^^^^^^^^^^^^^^^^^^^^^^^^^^^^^^
  File "/data/data/com.termux/files/home/telegram-software-bot/venv/lib/python3.13/site-packages/telegram/_message.py", line 2106, in reply_text
    return await self.get_bot().send_message(
           ^^^^^^^^^^^^^^^^^^^^^^^^^^^^^^^^^^
    ...<21 lines>...
    )
    ^
  File "/data/data/com.termux/files/home/telegram-software-bot/venv/lib/python3.13/site-packages/telegram/ext/_extbot.py", line 3118, in send_message
    return await super().send_message(
           ^^^^^^^^^^^^^^^^^^^^^^^^^^^
    ...<23 lines>...
    )
    ^
  File "/data/data/com.termux/files/home/telegram-software-bot/venv/lib/python3.13/site-packages/telegram/_bot.py", line 1123, in send_message
    return await self._send_message(
           ^^^^^^^^^^^^^^^^^^^^^^^^^
    ...<21 lines>...
    )
    ^
  File "/data/data/com.termux/files/home/telegram-software-bot/venv/lib/python3.13/site-packages/telegram/ext/_extbot.py", line 630, in _send_message
    result = await super()._send_message(
             ^^^^^^^^^^^^^^^^^^^^^^^^^^^^
    ...<23 lines>...
    )
    ^
  File "/data/data/com.termux/files/home/telegram-software-bot/venv/lib/python3.13/site-packages/telegram/_bot.py", line 820, in _send_message
    result = await self._post(
             ^^^^^^^^^^^^^^^^^
    ...<7 lines>...
    )
    ^
  File "/data/data/com.termux/files/home/telegram-software-bot/venv/lib/python3.13/site-packages/telegram/_bot.py", line 704, in _post
    return await self._do_post(
           ^^^^^^^^^^^^^^^^^^^^
    ...<6 lines>...
    )
    ^
  File "/data/data/com.termux/files/home/telegram-software-bot/venv/lib/python3.13/site-packages/telegram/ext/_extbot.py", line 370, in _do_post
    return await super()._do_post(
           ^^^^^^^^^^^^^^^^^^^^^^^
    ...<6 lines>...
    )
    ^
  File "/data/data/com.termux/files/home/telegram-software-bot/venv/lib/python3.13/site-packages/telegram/_bot.py", line 733, in _do_post
    result = await request.post(
             ^^^^^^^^^^^^^^^^^^^
    ...<6 lines>...
    )
    ^
  File "/data/data/com.termux/files/home/telegram-software-bot/venv/lib/python3.13/site-packages/telegram/request/_baserequest.py", line 198, in post
    result = await self._request_wrapper(
             ^^^^^^^^^^^^^^^^^^^^^^^^^^^^
    ...<7 lines>...
    )
    ^
  File "/data/data/com.termux/files/home/telegram-software-bot/venv/lib/python3.13/site-packages/telegram/request/_baserequest.py", line 375, in _request_wrapper
    raise exception
telegram.error.BadRequest: Can't parse entities: character '.' is reserved and must be escaped with the preceding '\'
2026-06-08 17:21:18 - bot - ERROR - main:_error_handler:109 - Update Update(message=Message(channel_chat_created=False, chat=Chat(first_name='عصام', id=1431003618, last_name='مرحب', type=<ChatType.PRIVATE>, username='Esam_Marhb'), date=datetime.datetime(2026, 6, 8, 14, 21, 18, tzinfo=datetime.timezone.utc), delete_chat_photo=False, from_user=User(first_name='عصام', id=1431003618, is_bot=False, language_code='ar', last_name='مرحب', username='Esam_Marhb'), group_chat_created=False, message_id=248, supergroup_chat_created=False, text='Chrome'), update_id=509989870) caused error Can't parse entities: character '.' is reserved and must be escaped with the preceding '\'
Traceback (most recent call last):
  File "/data/data/com.termux/files/home/telegram-software-bot/venv/lib/python3.13/site-packages/telegram/ext/_application.py", line 1315, in process_update
    await coroutine
  File "/data/data/com.termux/files/home/telegram-software-bot/venv/lib/python3.13/site-packages/telegram/ext/_handlers/basehandler.py", line 159, in handle_update
    return await self.callback(update, context)
           ^^^^^^^^^^^^^^^^^^^^^^^^^^^^^^^^^^^^
  File "/data/data/com.termux/files/home/telegram-software-bot/handlers/user_handlers.py", line 33, in handle_message
    msg = await update.message.reply_text("🔍 جاري البحث...")
          ^^^^^^^^^^^^^^^^^^^^^^^^^^^^^^^^^^^^^^^^^^^^^^^^^^^
  File "/data/data/com.termux/files/home/telegram-software-bot/venv/lib/python3.13/site-packages/telegram/_message.py", line 2106, in reply_text
    return await self.get_bot().send_message(
           ^^^^^^^^^^^^^^^^^^^^^^^^^^^^^^^^^^
    ...<21 lines>...
    )
    ^
  File "/data/data/com.termux/files/home/telegram-software-bot/venv/lib/python3.13/site-packages/telegram/ext/_extbot.py", line 3118, in send_message
    return await super().send_message(
           ^^^^^^^^^^^^^^^^^^^^^^^^^^^
    ...<23 lines>...
    )
    ^
  File "/data/data/com.termux/files/home/telegram-software-bot/venv/lib/python3.13/site-packages/telegram/_bot.py", line 1123, in send_message
    return await self._send_message(
           ^^^^^^^^^^^^^^^^^^^^^^^^^
    ...<21 lines>...
    )
    ^
  File "/data/data/com.termux/files/home/telegram-software-bot/venv/lib/python3.13/site-packages/telegram/ext/_extbot.py", line 630, in _send_message
    result = await super()._send_message(
             ^^^^^^^^^^^^^^^^^^^^^^^^^^^^
    ...<23 lines>...
    )
    ^
  File "/data/data/com.termux/files/home/telegram-software-bot/venv/lib/python3.13/site-packages/telegram/_bot.py", line 820, in _send_message
    result = await self._post(
             ^^^^^^^^^^^^^^^^^
    ...<7 lines>...
    )
    ^
  File "/data/data/com.termux/files/home/telegram-software-bot/venv/lib/python3.13/site-packages/telegram/_bot.py", line 704, in _post
    return await self._do_post(
           ^^^^^^^^^^^^^^^^^^^^
    ...<6 lines>...
    )
    ^
  File "/data/data/com.termux/files/home/telegram-software-bot/venv/lib/python3.13/site-packages/telegram/ext/_extbot.py", line 370, in _do_post
    return await super()._do_post(
           ^^^^^^^^^^^^^^^^^^^^^^^
    ...<6 lines>...
    )
    ^
  File "/data/data/com.termux/files/home/telegram-software-bot/venv/lib/python3.13/site-packages/telegram/_bot.py", line 733, in _do_post
    result = await request.post(
             ^^^^^^^^^^^^^^^^^^^
    ...<6 lines>...
    )
    ^
  File "/data/data/com.termux/files/home/telegram-software-bot/venv/lib/python3.13/site-packages/telegram/request/_baserequest.py", line 198, in post
    result = await self._request_wrapper(
             ^^^^^^^^^^^^^^^^^^^^^^^^^^^^
    ...<7 lines>...
    )
    ^
  File "/data/data/com.termux/files/home/telegram-software-bot/venv/lib/python3.13/site-packages/telegram/request/_baserequest.py", line 375, in _request_wrapper
    raise exception
telegram.error.BadRequest: Can't parse entities: character '.' is reserved and must be escaped with the preceding '\'
2026-06-08 17:21:29 - bot - ERROR - main:_error_handler:109 - Update Update(message=Message(channel_chat_created=False, chat=Chat(first_name='عصام', id=1431003618, last_name='مرحب', type=<ChatType.PRIVATE>, username='Esam_Marhb'), date=datetime.datetime(2026, 6, 8, 14, 21, 29, tzinfo=datetime.timezone.utc), delete_chat_photo=False, from_user=User(first_name='عصام', id=1431003618, is_bot=False, language_code='ar', last_name='مرحب', username='Esam_Marhb'), group_chat_created=False, message_id=253, supergroup_chat_created=False, text='🔍 بحث'), update_id=509989874) caused error Can't parse entities: character '.' is reserved and must be escaped with the preceding '\'
Traceback (most recent call last):
  File "/data/data/com.termux/files/home/telegram-software-bot/venv/lib/python3.13/site-packages/telegram/ext/_application.py", line 1315, in process_update
    await coroutine
  File "/data/data/com.termux/files/home/telegram-software-bot/venv/lib/python3.13/site-packages/telegram/ext/_handlers/basehandler.py", line 159, in handle_update
    return await self.callback(update, context)
           ^^^^^^^^^^^^^^^^^^^^^^^^^^^^^^^^^^^^
  File "/data/data/com.termux/files/home/telegram-software-bot/handlers/user_handlers.py", line 33, in handle_message
    msg = await update.message.reply_text("🔍 جاري البحث...")
          ^^^^^^^^^^^^^^^^^^^^^^^^^^^^^^^^^^^^^^^^^^^^^^^^^^^
  File "/data/data/com.termux/files/home/telegram-software-bot/venv/lib/python3.13/site-packages/telegram/_message.py", line 2106, in reply_text
    return await self.get_bot().send_message(
           ^^^^^^^^^^^^^^^^^^^^^^^^^^^^^^^^^^
    ...<21 lines>...
    )
    ^
  File "/data/data/com.termux/files/home/telegram-software-bot/venv/lib/python3.13/site-packages/telegram/ext/_extbot.py", line 3118, in send_message
    return await super().send_message(
           ^^^^^^^^^^^^^^^^^^^^^^^^^^^
    ...<23 lines>...
    )
    ^
  File "/data/data/com.termux/files/home/telegram-software-bot/venv/lib/python3.13/site-packages/telegram/_bot.py", line 1123, in send_message
    return await self._send_message(
           ^^^^^^^^^^^^^^^^^^^^^^^^^
    ...<21 lines>...
    )
    ^
  File "/data/data/com.termux/files/home/telegram-software-bot/venv/lib/python3.13/site-packages/telegram/ext/_extbot.py", line 630, in _send_message
    result = await super()._send_message(
             ^^^^^^^^^^^^^^^^^^^^^^^^^^^^
    ...<23 lines>...
    )
    ^
  File "/data/data/com.termux/files/home/telegram-software-bot/venv/lib/python3.13/site-packages/telegram/_bot.py", line 820, in _send_message
    result = await self._post(
             ^^^^^^^^^^^^^^^^^
    ...<7 lines>...
    )
    ^
  File "/data/data/com.termux/files/home/telegram-software-bot/venv/lib/python3.13/site-packages/telegram/_bot.py", line 704, in _post
    return await self._do_post(
           ^^^^^^^^^^^^^^^^^^^^
    ...<6 lines>...
    )
    ^
  File "/data/data/com.termux/files/home/telegram-software-bot/venv/lib/python3.13/site-packages/telegram/ext/_extbot.py", line 370, in _do_post
    return await super()._do_post(
           ^^^^^^^^^^^^^^^^^^^^^^^
    ...<6 lines>...
    )
    ^
  File "/data/data/com.termux/files/home/telegram-software-bot/venv/lib/python3.13/site-packages/telegram/_bot.py", line 733, in _do_post
    result = await request.post(
             ^^^^^^^^^^^^^^^^^^^
    ...<6 lines>...
    )
    ^
  File "/data/data/com.termux/files/home/telegram-software-bot/venv/lib/python3.13/site-packages/telegram/request/_baserequest.py", line 198, in post
    result = await self._request_wrapper(
             ^^^^^^^^^^^^^^^^^^^^^^^^^^^^
    ...<7 lines>...
    )
    ^
  File "/data/data/com.termux/files/home/telegram-software-bot/venv/lib/python3.13/site-packages/telegram/request/_baserequest.py", line 375, in _request_wrapper
    raise exception
telegram.error.BadRequest: Can't parse entities: character '.' is reserved and must be escaped with the preceding '\'
2026-06-08 17:21:34 - bot - ERROR - main:_error_handler:109 - Update Update(message=Message(channel_chat_created=False, chat=Chat(first_name='عصام', id=1431003618, last_name='مرحب', type=<ChatType.PRIVATE>, username='Esam_Marhb'), date=datetime.datetime(2026, 6, 8, 14, 21, 34, tzinfo=datetime.timezone.utc), delete_chat_photo=False, from_user=User(first_name='عصام', id=1431003618, is_bot=False, language_code='ar', last_name='مرحب', username='Esam_Marhb'), group_chat_created=False, message_id=254, supergroup_chat_created=False, text='Chrome'), update_id=509989875) caused error Can't parse entities: character '.' is reserved and must be escaped with the preceding '\'
Traceback (most recent call last):
  File "/data/data/com.termux/files/home/telegram-software-bot/venv/lib/python3.13/site-packages/telegram/ext/_application.py", line 1315, in process_update
    await coroutine
  File "/data/data/com.termux/files/home/telegram-software-bot/venv/lib/python3.13/site-packages/telegram/ext/_handlers/basehandler.py", line 159, in handle_update
    return await self.callback(update, context)
           ^^^^^^^^^^^^^^^^^^^^^^^^^^^^^^^^^^^^
  File "/data/data/com.termux/files/home/telegram-software-bot/handlers/user_handlers.py", line 33, in handle_message
    msg = await update.message.reply_text("🔍 جاري البحث...")
          ^^^^^^^^^^^^^^^^^^^^^^^^^^^^^^^^^^^^^^^^^^^^^^^^^^^
  File "/data/data/com.termux/files/home/telegram-software-bot/venv/lib/python3.13/site-packages/telegram/_message.py", line 2106, in reply_text
    return await self.get_bot().send_message(
           ^^^^^^^^^^^^^^^^^^^^^^^^^^^^^^^^^^
    ...<21 lines>...
    )
    ^
  File "/data/data/com.termux/files/home/telegram-software-bot/venv/lib/python3.13/site-packages/telegram/ext/_extbot.py", line 3118, in send_message
    return await super().send_message(
           ^^^^^^^^^^^^^^^^^^^^^^^^^^^
    ...<23 lines>...
    )
    ^
  File "/data/data/com.termux/files/home/telegram-software-bot/venv/lib/python3.13/site-packages/telegram/_bot.py", line 1123, in send_message
    return await self._send_message(
           ^^^^^^^^^^^^^^^^^^^^^^^^^
    ...<21 lines>...
    )
    ^
  File "/data/data/com.termux/files/home/telegram-software-bot/venv/lib/python3.13/site-packages/telegram/ext/_extbot.py", line 630, in _send_message
    result = await super()._send_message(
             ^^^^^^^^^^^^^^^^^^^^^^^^^^^^
    ...<23 lines>...
    )
    ^
  File "/data/data/com.termux/files/home/telegram-software-bot/venv/lib/python3.13/site-packages/telegram/_bot.py", line 820, in _send_message
    result = await self._post(
             ^^^^^^^^^^^^^^^^^
    ...<7 lines>...
    )
    ^
  File "/data/data/com.termux/files/home/telegram-software-bot/venv/lib/python3.13/site-packages/telegram/_bot.py", line 704, in _post
    return await self._do_post(
           ^^^^^^^^^^^^^^^^^^^^
    ...<6 lines>...
    )
    ^
  File "/data/data/com.termux/files/home/telegram-software-bot/venv/lib/python3.13/site-packages/telegram/ext/_extbot.py", line 370, in _do_post
    return await super()._do_post(
           ^^^^^^^^^^^^^^^^^^^^^^^
    ...<6 lines>...
    )
    ^
  File "/data/data/com.termux/files/home/telegram-software-bot/venv/lib/python3.13/site-packages/telegram/_bot.py", line 733, in _do_post
    result = await request.post(
             ^^^^^^^^^^^^^^^^^^^
    ...<6 lines>...
    )
    ^
  File "/data/data/com.termux/files/home/telegram-software-bot/venv/lib/python3.13/site-packages/telegram/request/_baserequest.py", line 198, in post
    result = await self._request_wrapper(
             ^^^^^^^^^^^^^^^^^^^^^^^^^^^^
    ...<7 lines>...
    )
    ^
  File "/data/data/com.termux/files/home/telegram-software-bot/venv/lib/python3.13/site-packages/telegram/request/_baserequest.py", line 375, in _request_wrapper
    raise exception
telegram.error.BadRequest: Can't parse entities: character '.' is reserved and must be escaped with the preceding '\'
2026-06-08 17:22:07 - bot - ERROR - main:_error_handler:109 - Update Update(message=Message(channel_chat_created=False, chat=Chat(first_name='عصام', id=1431003618, last_name='مرحب', type=<ChatType.PRIVATE>, username='Esam_Marhb'), date=datetime.datetime(2026, 6, 8, 14, 22, 7, tzinfo=datetime.timezone.utc), delete_chat_photo=False, from_user=User(first_name='عصام', id=1431003618, is_bot=False, language_code='ar', last_name='مرحب', username='Esam_Marhb'), group_chat_created=False, message_id=255, supergroup_chat_created=False, text='VLC'), update_id=509989876) caused error Can't parse entities: character '.' is reserved and must be escaped with the preceding '\'
Traceback (most recent call last):
  File "/data/data/com.termux/files/home/telegram-software-bot/venv/lib/python3.13/site-packages/telegram/ext/_application.py", line 1315, in process_update
    await coroutine
  File "/data/data/com.termux/files/home/telegram-software-bot/venv/lib/python3.13/site-packages/telegram/ext/_handlers/basehandler.py", line 159, in handle_update
    return await self.callback(update, context)
           ^^^^^^^^^^^^^^^^^^^^^^^^^^^^^^^^^^^^
  File "/data/data/com.termux/files/home/telegram-software-bot/handlers/user_handlers.py", line 33, in handle_message
    msg = await update.message.reply_text("🔍 جاري البحث...")
          ^^^^^^^^^^^^^^^^^^^^^^^^^^^^^^^^^^^^^^^^^^^^^^^^^^^
  File "/data/data/com.termux/files/home/telegram-software-bot/venv/lib/python3.13/site-packages/telegram/_message.py", line 2106, in reply_text
    return await self.get_bot().send_message(
           ^^^^^^^^^^^^^^^^^^^^^^^^^^^^^^^^^^
    ...<21 lines>...
    )
    ^
  File "/data/data/com.termux/files/home/telegram-software-bot/venv/lib/python3.13/site-packages/telegram/ext/_extbot.py", line 3118, in send_message
    return await super().send_message(
           ^^^^^^^^^^^^^^^^^^^^^^^^^^^
    ...<23 lines>...
    )
    ^
  File "/data/data/com.termux/files/home/telegram-software-bot/venv/lib/python3.13/site-packages/telegram/_bot.py", line 1123, in send_message
    return await self._send_message(
           ^^^^^^^^^^^^^^^^^^^^^^^^^
    ...<21 lines>...
    )
    ^
  File "/data/data/com.termux/files/home/telegram-software-bot/venv/lib/python3.13/site-packages/telegram/ext/_extbot.py", line 630, in _send_message
    result = await super()._send_message(
             ^^^^^^^^^^^^^^^^^^^^^^^^^^^^
    ...<23 lines>...
    )
    ^
  File "/data/data/com.termux/files/home/telegram-software-bot/venv/lib/python3.13/site-packages/telegram/_bot.py", line 820, in _send_message
    result = await self._post(
             ^^^^^^^^^^^^^^^^^
    ...<7 lines>...
    )
    ^
  File "/data/data/com.termux/files/home/telegram-software-bot/venv/lib/python3.13/site-packages/telegram/_bot.py", line 704, in _post
    return await self._do_post(
           ^^^^^^^^^^^^^^^^^^^^
    ...<6 lines>...
    )
    ^
  File "/data/data/com.termux/files/home/telegram-software-bot/venv/lib/python3.13/site-packages/telegram/ext/_extbot.py", line 370, in _do_post
    return await super()._do_post(
           ^^^^^^^^^^^^^^^^^^^^^^^
    ...<6 lines>...
    )
    ^
  File "/data/data/com.termux/files/home/telegram-software-bot/venv/lib/python3.13/site-packages/telegram/_bot.py", line 733, in _do_post
    result = await request.post(
             ^^^^^^^^^^^^^^^^^^^
    ...<6 lines>...
    )
    ^
  File "/data/data/com.termux/files/home/telegram-software-bot/venv/lib/python3.13/site-packages/telegram/request/_baserequest.py", line 198, in post
    result = await self._request_wrapper(
             ^^^^^^^^^^^^^^^^^^^^^^^^^^^^
    ...<7 lines>...
    )
    ^
  File "/data/data/com.termux/files/home/telegram-software-bot/venv/lib/python3.13/site-packages/telegram/request/_baserequest.py", line 375, in _request_wrapper
    raise exception
telegram.error.BadRequest: Can't parse entities: character '.' is reserved and must be escaped with the preceding '\'
2026-06-08 17:22:09 - bot - ERROR - main:_error_handler:109 - Update Update(message=Message(channel_chat_created=False, chat=Chat(first_name='عصام', id=1431003618, last_name='مرحب', type=<ChatType.PRIVATE>, username='Esam_Marhb'), date=datetime.datetime(2026, 6, 8, 14, 22, 9, tzinfo=datetime.timezone.utc), delete_chat_photo=False, from_user=User(first_name='عصام', id=1431003618, is_bot=False, language_code='ar', last_name='مرحب', username='Esam_Marhb'), group_chat_created=False, message_id=256, supergroup_chat_created=False, text='🔍 بحث'), update_id=509989877) caused error Can't parse entities: character '.' is reserved and must be escaped with the preceding '\'
Traceback (most recent call last):
  File "/data/data/com.termux/files/home/telegram-software-bot/venv/lib/python3.13/site-packages/telegram/ext/_application.py", line 1315, in process_update
    await coroutine
  File "/data/data/com.termux/files/home/telegram-software-bot/venv/lib/python3.13/site-packages/telegram/ext/_handlers/basehandler.py", line 159, in handle_update
    return await self.callback(update, context)
           ^^^^^^^^^^^^^^^^^^^^^^^^^^^^^^^^^^^^
  File "/data/data/com.termux/files/home/telegram-software-bot/handlers/user_handlers.py", line 33, in handle_message
    msg = await update.message.reply_text("🔍 جاري البحث...")
          ^^^^^^^^^^^^^^^^^^^^^^^^^^^^^^^^^^^^^^^^^^^^^^^^^^^
  File "/data/data/com.termux/files/home/telegram-software-bot/venv/lib/python3.13/site-packages/telegram/_message.py", line 2106, in reply_text
    return await self.get_bot().send_message(
           ^^^^^^^^^^^^^^^^^^^^^^^^^^^^^^^^^^
    ...<21 lines>...
    )
    ^
  File "/data/data/com.termux/files/home/telegram-software-bot/venv/lib/python3.13/site-packages/telegram/ext/_extbot.py", line 3118, in send_message
    return await super().send_message(
           ^^^^^^^^^^^^^^^^^^^^^^^^^^^
    ...<23 lines>...
    )
    ^
  File "/data/data/com.termux/files/home/telegram-software-bot/venv/lib/python3.13/site-packages/telegram/_bot.py", line 1123, in send_message
    return await self._send_message(
           ^^^^^^^^^^^^^^^^^^^^^^^^^
    ...<21 lines>...
    )
    ^
  File "/data/data/com.termux/files/home/telegram-software-bot/venv/lib/python3.13/site-packages/telegram/ext/_extbot.py", line 630, in _send_message
    result = await super()._send_message(
             ^^^^^^^^^^^^^^^^^^^^^^^^^^^^
    ...<23 lines>...
    )
    ^
  File "/data/data/com.termux/files/home/telegram-software-bot/venv/lib/python3.13/site-packages/telegram/_bot.py", line 820, in _send_message
    result = await self._post(
             ^^^^^^^^^^^^^^^^^
    ...<7 lines>...
    )
    ^
  File "/data/data/com.termux/files/home/telegram-software-bot/venv/lib/python3.13/site-packages/telegram/_bot.py", line 704, in _post
    return await self._do_post(
           ^^^^^^^^^^^^^^^^^^^^
    ...<6 lines>...
    )
    ^
  File "/data/data/com.termux/files/home/telegram-software-bot/venv/lib/python3.13/site-packages/telegram/ext/_extbot.py", line 370, in _do_post
    return await super()._do_post(
           ^^^^^^^^^^^^^^^^^^^^^^^
    ...<6 lines>...
    )
    ^
  File "/data/data/com.termux/files/home/telegram-software-bot/venv/lib/python3.13/site-packages/telegram/_bot.py", line 733, in _do_post
    result = await request.post(
             ^^^^^^^^^^^^^^^^^^^
    ...<6 lines>...
    )
    ^
  File "/data/data/com.termux/files/home/telegram-software-bot/venv/lib/python3.13/site-packages/telegram/request/_baserequest.py", line 198, in post
    result = await self._request_wrapper(
             ^^^^^^^^^^^^^^^^^^^^^^^^^^^^
    ...<7 lines>...
    )
    ^
  File "/data/data/com.termux/files/home/telegram-software-bot/venv/lib/python3.13/site-packages/telegram/request/_baserequest.py", line 375, in _request_wrapper
    raise exception
telegram.error.BadRequest: Can't parse entities: character '.' is reserved and must be escaped with the preceding '\'
2026-06-08 17:24:37 - bot - INFO - main:stop:166 - Stopping bot...
2026-06-08 17:24:38 - bot - INFO - main:stop:182 - Bot stopped successfully
2026-06-08 17:25:01 - bot - INFO - main:initialize:52 - Initializing bot components...
2026-06-08 17:25:01 - bot - INFO - main:initialize:57 - Database initialized
2026-06-08 17:25:01 - bot - INFO - main:initialize:62 - Cache initialized
2026-06-08 17:25:01 - bot - INFO - main:_register_handlers:101 - Handlers registered
2026-06-08 17:25:01 - bot - INFO - main:initialize:81 - Bot initialized successfully
2026-06-08 17:25:01 - bot - INFO - main:start:136 - Starting bot...
2026-06-08 17:25:02 - bot - INFO - main:start:147 - Bot started successfully
2026-06-08 17:25:03 - bot - INFO - main:start:148 - Bot username: @Esamaibot
2026-06-08 17:25:15 - bot - ERROR - main:_error_handler:109 - Update Update(message=Message(channel_chat_created=False, chat=Chat(first_name='MR ARABIC', id=7343202051, type=<ChatType.PRIVATE>, username='Eeeessesej'), date=datetime.datetime(2026, 6, 8, 14, 25, 15, tzinfo=datetime.timezone.utc), delete_chat_photo=False, from_user=User(first_name='MR ARABIC', id=7343202051, is_bot=False, language_code='ar', username='Eeeessesej'), group_chat_created=False, message_id=259, supergroup_chat_created=False, text='Chrome'), update_id=509989879) caused error Can't parse entities: character '.' is reserved and must be escaped with the preceding '\'
Traceback (most recent call last):
  File "/data/data/com.termux/files/home/telegram-software-bot/venv/lib/python3.13/site-packages/telegram/ext/_application.py", line 1315, in process_update
    await coroutine
  File "/data/data/com.termux/files/home/telegram-software-bot/venv/lib/python3.13/site-packages/telegram/ext/_handlers/basehandler.py", line 159, in handle_update
    return await self.callback(update, context)
           ^^^^^^^^^^^^^^^^^^^^^^^^^^^^^^^^^^^^
  File "/data/data/com.termux/files/home/telegram-software-bot/handlers/user_handlers.py", line 33, in handle_message
    msg = await update.message.reply_text("🔍 جاري البحث...")
          ^^^^^^^^^^^^^^^^^^^^^^^^^^^^^^^^^^^^^^^^^^^^^^^^^^^
  File "/data/data/com.termux/files/home/telegram-software-bot/venv/lib/python3.13/site-packages/telegram/_message.py", line 2106, in reply_text
    return await self.get_bot().send_message(
           ^^^^^^^^^^^^^^^^^^^^^^^^^^^^^^^^^^
    ...<21 lines>...
    )
    ^
  File "/data/data/com.termux/files/home/telegram-software-bot/venv/lib/python3.13/site-packages/telegram/ext/_extbot.py", line 3118, in send_message
    return await super().send_message(
           ^^^^^^^^^^^^^^^^^^^^^^^^^^^
    ...<23 lines>...
    )
    ^
  File "/data/data/com.termux/files/home/telegram-software-bot/venv/lib/python3.13/site-packages/telegram/_bot.py", line 1123, in send_message
    return await self._send_message(
           ^^^^^^^^^^^^^^^^^^^^^^^^^
    ...<21 lines>...
    )
    ^
  File "/data/data/com.termux/files/home/telegram-software-bot/venv/lib/python3.13/site-packages/telegram/ext/_extbot.py", line 630, in _send_message
    result = await super()._send_message(
             ^^^^^^^^^^^^^^^^^^^^^^^^^^^^
    ...<23 lines>...
    )
    ^
  File "/data/data/com.termux/files/home/telegram-software-bot/venv/lib/python3.13/site-packages/telegram/_bot.py", line 820, in _send_message
    result = await self._post(
             ^^^^^^^^^^^^^^^^^
    ...<7 lines>...
    )
    ^
  File "/data/data/com.termux/files/home/telegram-software-bot/venv/lib/python3.13/site-packages/telegram/_bot.py", line 704, in _post
    return await self._do_post(
           ^^^^^^^^^^^^^^^^^^^^
    ...<6 lines>...
    )
    ^
  File "/data/data/com.termux/files/home/telegram-software-bot/venv/lib/python3.13/site-packages/telegram/ext/_extbot.py", line 370, in _do_post
    return await super()._do_post(
           ^^^^^^^^^^^^^^^^^^^^^^^
    ...<6 lines>...
    )
    ^
  File "/data/data/com.termux/files/home/telegram-software-bot/venv/lib/python3.13/site-packages/telegram/_bot.py", line 733, in _do_post
    result = await request.post(
             ^^^^^^^^^^^^^^^^^^^
    ...<6 lines>...
    )
    ^
  File "/data/data/com.termux/files/home/telegram-software-bot/venv/lib/python3.13/site-packages/telegram/request/_baserequest.py", line 198, in post
    result = await self._request_wrapper(
             ^^^^^^^^^^^^^^^^^^^^^^^^^^^^
    ...<7 lines>...
    )
    ^
  File "/data/data/com.termux/files/home/telegram-software-bot/venv/lib/python3.13/site-packages/telegram/request/_baserequest.py", line 375, in _request_wrapper
    raise exception
telegram.error.BadRequest: Can't parse entities: character '.' is reserved and must be escaped with the preceding '\'
2026-06-08 17:25:23 - bot - ERROR - main:_error_handler:109 - Update Update(message=Message(channel_chat_created=False, chat=Chat(first_name='عصام', id=1431003618, last_name='مرحب', type=<ChatType.PRIVATE>, username='Esam_Marhb'), date=datetime.datetime(2026, 6, 8, 14, 25, 22, tzinfo=datetime.timezone.utc), delete_chat_photo=False, from_user=User(first_name='عصام', id=1431003618, is_bot=False, language_code='ar', last_name='مرحب', username='Esam_Marhb'), group_chat_created=False, message_id=260, supergroup_chat_created=False, text='🔍 بحث'), update_id=509989880) caused error Can't parse entities: character '.' is reserved and must be escaped with the preceding '\'
Traceback (most recent call last):
  File "/data/data/com.termux/files/home/telegram-software-bot/venv/lib/python3.13/site-packages/telegram/ext/_application.py", line 1315, in process_update
    await coroutine
  File "/data/data/com.termux/files/home/telegram-software-bot/venv/lib/python3.13/site-packages/telegram/ext/_handlers/basehandler.py", line 159, in handle_update
    return await self.callback(update, context)
           ^^^^^^^^^^^^^^^^^^^^^^^^^^^^^^^^^^^^
  File "/data/data/com.termux/files/home/telegram-software-bot/handlers/user_handlers.py", line 33, in handle_message
    msg = await update.message.reply_text("🔍 جاري البحث...")
          ^^^^^^^^^^^^^^^^^^^^^^^^^^^^^^^^^^^^^^^^^^^^^^^^^^^
  File "/data/data/com.termux/files/home/telegram-software-bot/venv/lib/python3.13/site-packages/telegram/_message.py", line 2106, in reply_text
    return await self.get_bot().send_message(
           ^^^^^^^^^^^^^^^^^^^^^^^^^^^^^^^^^^
    ...<21 lines>...
    )
    ^
  File "/data/data/com.termux/files/home/telegram-software-bot/venv/lib/python3.13/site-packages/telegram/ext/_extbot.py", line 3118, in send_message
    return await super().send_message(
           ^^^^^^^^^^^^^^^^^^^^^^^^^^^
    ...<23 lines>...
    )
    ^
  File "/data/data/com.termux/files/home/telegram-software-bot/venv/lib/python3.13/site-packages/telegram/_bot.py", line 1123, in send_message
    return await self._send_message(
           ^^^^^^^^^^^^^^^^^^^^^^^^^
    ...<21 lines>...
    )
    ^
  File "/data/data/com.termux/files/home/telegram-software-bot/venv/lib/python3.13/site-packages/telegram/ext/_extbot.py", line 630, in _send_message
    result = await super()._send_message(
             ^^^^^^^^^^^^^^^^^^^^^^^^^^^^
    ...<23 lines>...
    )
    ^
  File "/data/data/com.termux/files/home/telegram-software-bot/venv/lib/python3.13/site-packages/telegram/_bot.py", line 820, in _send_message
    result = await self._post(
             ^^^^^^^^^^^^^^^^^
    ...<7 lines>...
    )
    ^
  File "/data/data/com.termux/files/home/telegram-software-bot/venv/lib/python3.13/site-packages/telegram/_bot.py", line 704, in _post
    return await self._do_post(
           ^^^^^^^^^^^^^^^^^^^^
    ...<6 lines>...
    )
    ^
  File "/data/data/com.termux/files/home/telegram-software-bot/venv/lib/python3.13/site-packages/telegram/ext/_extbot.py", line 370, in _do_post
    return await super()._do_post(
           ^^^^^^^^^^^^^^^^^^^^^^^
    ...<6 lines>...
    )
    ^
  File "/data/data/com.termux/files/home/telegram-software-bot/venv/lib/python3.13/site-packages/telegram/_bot.py", line 733, in _do_post
    result = await request.post(
             ^^^^^^^^^^^^^^^^^^^
    ...<6 lines>...
    )
    ^
  File "/data/data/com.termux/files/home/telegram-software-bot/venv/lib/python3.13/site-packages/telegram/request/_baserequest.py", line 198, in post
    result = await self._request_wrapper(
             ^^^^^^^^^^^^^^^^^^^^^^^^^^^^
    ...<7 lines>...
    )
    ^
  File "/data/data/com.termux/files/home/telegram-software-bot/venv/lib/python3.13/site-packages/telegram/request/_baserequest.py", line 375, in _request_wrapper
    raise exception
telegram.error.BadRequest: Can't parse entities: character '.' is reserved and must be escaped with the preceding '\'
2026-06-08 17:25:25 - bot - ERROR - main:_error_handler:109 - Update Update(message=Message(channel_chat_created=False, chat=Chat(first_name='عصام', id=1431003618, last_name='مرحب', type=<ChatType.PRIVATE>, username='Esam_Marhb'), date=datetime.datetime(2026, 6, 8, 14, 25, 25, tzinfo=datetime.timezone.utc), delete_chat_photo=False, from_user=User(first_name='عصام', id=1431003618, is_bot=False, language_code='ar', last_name='مرحب', username='Esam_Marhb'), group_chat_created=False, message_id=261, supergroup_chat_created=False, text='Chrome'), update_id=509989881) caused error Can't parse entities: character '.' is reserved and must be escaped with the preceding '\'
Traceback (most recent call last):
  File "/data/data/com.termux/files/home/telegram-software-bot/venv/lib/python3.13/site-packages/telegram/ext/_application.py", line 1315, in process_update
    await coroutine
  File "/data/data/com.termux/files/home/telegram-software-bot/venv/lib/python3.13/site-packages/telegram/ext/_handlers/basehandler.py", line 159, in handle_update
    return await self.callback(update, context)
           ^^^^^^^^^^^^^^^^^^^^^^^^^^^^^^^^^^^^
  File "/data/data/com.termux/files/home/telegram-software-bot/handlers/user_handlers.py", line 33, in handle_message
    msg = await update.message.reply_text("🔍 جاري البحث...")
          ^^^^^^^^^^^^^^^^^^^^^^^^^^^^^^^^^^^^^^^^^^^^^^^^^^^
  File "/data/data/com.termux/files/home/telegram-software-bot/venv/lib/python3.13/site-packages/telegram/_message.py", line 2106, in reply_text
    return await self.get_bot().send_message(
           ^^^^^^^^^^^^^^^^^^^^^^^^^^^^^^^^^^
    ...<21 lines>...
    )
    ^
  File "/data/data/com.termux/files/home/telegram-software-bot/venv/lib/python3.13/site-packages/telegram/ext/_extbot.py", line 3118, in send_message
    return await super().send_message(
           ^^^^^^^^^^^^^^^^^^^^^^^^^^^
    ...<23 lines>...
    )
    ^
  File "/data/data/com.termux/files/home/telegram-software-bot/venv/lib/python3.13/site-packages/telegram/_bot.py", line 1123, in send_message
    return await self._send_message(
           ^^^^^^^^^^^^^^^^^^^^^^^^^
    ...<21 lines>...
    )
    ^
  File "/data/data/com.termux/files/home/telegram-software-bot/venv/lib/python3.13/site-packages/telegram/ext/_extbot.py", line 630, in _send_message
    result = await super()._send_message(
             ^^^^^^^^^^^^^^^^^^^^^^^^^^^^
    ...<23 lines>...
    )
    ^
  File "/data/data/com.termux/files/home/telegram-software-bot/venv/lib/python3.13/site-packages/telegram/_bot.py", line 820, in _send_message
    result = await self._post(
             ^^^^^^^^^^^^^^^^^
    ...<7 lines>...
    )
    ^
  File "/data/data/com.termux/files/home/telegram-software-bot/venv/lib/python3.13/site-packages/telegram/_bot.py", line 704, in _post
    return await self._do_post(
           ^^^^^^^^^^^^^^^^^^^^
    ...<6 lines>...
    )
    ^
  File "/data/data/com.termux/files/home/telegram-software-bot/venv/lib/python3.13/site-packages/telegram/ext/_extbot.py", line 370, in _do_post
    return await super()._do_post(
           ^^^^^^^^^^^^^^^^^^^^^^^
    ...<6 lines>...
    )
    ^
  File "/data/data/com.termux/files/home/telegram-software-bot/venv/lib/python3.13/site-packages/telegram/_bot.py", line 733, in _do_post
    result = await request.post(
             ^^^^^^^^^^^^^^^^^^^
    ...<6 lines>...
    )
    ^
  File "/data/data/com.termux/files/home/telegram-software-bot/venv/lib/python3.13/site-packages/telegram/request/_baserequest.py", line 198, in post
    result = await self._request_wrapper(
             ^^^^^^^^^^^^^^^^^^^^^^^^^^^^
    ...<7 lines>...
    )
    ^
  File "/data/data/com.termux/files/home/telegram-software-bot/venv/lib/python3.13/site-packages/telegram/request/_baserequest.py", line 375, in _request_wrapper
    raise exception
telegram.error.BadRequest: Can't parse entities: character '.' is reserved and must be escaped with the preceding '\'
2026-06-08 17:25:57 - bot - INFO - main:stop:166 - Stopping bot...
2026-06-08 17:31:53 - bot - INFO - main:initialize:52 - Initializing bot components...
2026-06-08 17:31:53 - bot - INFO - main:initialize:57 - Database initialized
2026-06-08 17:31:53 - bot - INFO - main:initialize:62 - Cache initialized
2026-06-08 17:31:53 - bot - INFO - main:_register_handlers:101 - Handlers registered
2026-06-08 17:31:53 - bot - INFO - main:initialize:81 - Bot initialized successfully
2026-06-08 17:31:53 - bot - INFO - main:start:136 - Starting bot...
2026-06-08 17:31:54 - bot - INFO - main:start:147 - Bot started successfully
2026-06-08 17:31:55 - bot - INFO - main:start:148 - Bot username: @Esamaibot
2026-06-08 17:31:57 - bot - ERROR - main:_error_handler:109 - Update Update(message=Message(channel_chat_created=False, chat=Chat(first_name='عصام', id=1431003618, last_name='مرحب', type=<ChatType.PRIVATE>, username='Esam_Marhb'), date=datetime.datetime(2026, 6, 8, 14, 31, 57, tzinfo=datetime.timezone.utc), delete_chat_photo=False, from_user=User(first_name='عصام', id=1431003618, is_bot=False, language_code='ar', last_name='مرحب', username='Esam_Marhb'), group_chat_created=False, message_id=262, supergroup_chat_created=False, text='🔍 بحث'), update_id=509989883) caused error Can't parse entities: character '.' is reserved and must be escaped with the preceding '\'
Traceback (most recent call last):
  File "/data/data/com.termux/files/home/telegram-software-bot/venv/lib/python3.13/site-packages/telegram/ext/_application.py", line 1315, in process_update
    await coroutine
  File "/data/data/com.termux/files/home/telegram-software-bot/venv/lib/python3.13/site-packages/telegram/ext/_handlers/basehandler.py", line 159, in handle_update
    return await self.callback(update, context)
           ^^^^^^^^^^^^^^^^^^^^^^^^^^^^^^^^^^^^
  File "/data/data/com.termux/files/home/telegram-software-bot/handlers/user_handlers.py", line 36, in handle_message
    await self._do_search(update, text)
  File "/data/data/com.termux/files/home/telegram-software-bot/handlers/user_handlers.py", line 43, in _do_search
    msg = await update.message.reply_text("🔍 جاري البحث...")
          ^^^^^^^^^^^^^^^^^^^^^^^^^^^^^^^^^^^^^^^^^^^^^^^^^^^
  File "/data/data/com.termux/files/home/telegram-software-bot/venv/lib/python3.13/site-packages/telegram/_message.py", line 2106, in reply_text
    return await self.get_bot().send_message(
           ^^^^^^^^^^^^^^^^^^^^^^^^^^^^^^^^^^
    ...<21 lines>...
    )
    ^
  File "/data/data/com.termux/files/home/telegram-software-bot/venv/lib/python3.13/site-packages/telegram/ext/_extbot.py", line 3118, in send_message
    return await super().send_message(
           ^^^^^^^^^^^^^^^^^^^^^^^^^^^
    ...<23 lines>...
    )
    ^
  File "/data/data/com.termux/files/home/telegram-software-bot/venv/lib/python3.13/site-packages/telegram/_bot.py", line 1123, in send_message
    return await self._send_message(
           ^^^^^^^^^^^^^^^^^^^^^^^^^
    ...<21 lines>...
    )
    ^
  File "/data/data/com.termux/files/home/telegram-software-bot/venv/lib/python3.13/site-packages/telegram/ext/_extbot.py", line 630, in _send_message
    result = await super()._send_message(
             ^^^^^^^^^^^^^^^^^^^^^^^^^^^^
    ...<23 lines>...
    )
    ^
  File "/data/data/com.termux/files/home/telegram-software-bot/venv/lib/python3.13/site-packages/telegram/_bot.py", line 820, in _send_message
    result = await self._post(
             ^^^^^^^^^^^^^^^^^
    ...<7 lines>...
    )
    ^
  File "/data/data/com.termux/files/home/telegram-software-bot/venv/lib/python3.13/site-packages/telegram/_bot.py", line 704, in _post
    return await self._do_post(
           ^^^^^^^^^^^^^^^^^^^^
    ...<6 lines>...
    )
    ^
  File "/data/data/com.termux/files/home/telegram-software-bot/venv/lib/python3.13/site-packages/telegram/ext/_extbot.py", line 370, in _do_post
    return await super()._do_post(
           ^^^^^^^^^^^^^^^^^^^^^^^
    ...<6 lines>...
    )
    ^
  File "/data/data/com.termux/files/home/telegram-software-bot/venv/lib/python3.13/site-packages/telegram/_bot.py", line 733, in _do_post
    result = await request.post(
             ^^^^^^^^^^^^^^^^^^^
    ...<6 lines>...
    )
    ^
  File "/data/data/com.termux/files/home/telegram-software-bot/venv/lib/python3.13/site-packages/telegram/request/_baserequest.py", line 198, in post
    result = await self._request_wrapper(
             ^^^^^^^^^^^^^^^^^^^^^^^^^^^^
    ...<7 lines>...
    )
    ^
  File "/data/data/com.termux/files/home/telegram-software-bot/venv/lib/python3.13/site-packages/telegram/request/_baserequest.py", line 375, in _request_wrapper
    raise exception
telegram.error.BadRequest: Can't parse entities: character '.' is reserved and must be escaped with the preceding '\'
2026-06-08 17:32:02 - bot - ERROR - main:_error_handler:109 - Update Update(message=Message(channel_chat_created=False, chat=Chat(first_name='عصام', id=1431003618, last_name='مرحب', type=<ChatType.PRIVATE>, username='Esam_Marhb'), date=datetime.datetime(2026, 6, 8, 14, 32, 2, tzinfo=datetime.timezone.utc), delete_chat_photo=False, from_user=User(first_name='عصام', id=1431003618, is_bot=False, language_code='ar', last_name='مرحب', username='Esam_Marhb'), group_chat_created=False, message_id=263, supergroup_chat_created=False, text='Chrome'), update_id=509989884) caused error Can't parse entities: character '.' is reserved and must be escaped with the preceding '\'
Traceback (most recent call last):
  File "/data/data/com.termux/files/home/telegram-software-bot/venv/lib/python3.13/site-packages/telegram/ext/_application.py", line 1315, in process_update
    await coroutine
  File "/data/data/com.termux/files/home/telegram-software-bot/venv/lib/python3.13/site-packages/telegram/ext/_handlers/basehandler.py", line 159, in handle_update
    return await self.callback(update, context)
           ^^^^^^^^^^^^^^^^^^^^^^^^^^^^^^^^^^^^
  File "/data/data/com.termux/files/home/telegram-software-bot/handlers/user_handlers.py", line 36, in handle_message
    await self._do_search(update, text)
  File "/data/data/com.termux/files/home/telegram-software-bot/handlers/user_handlers.py", line 43, in _do_search
    msg = await update.message.reply_text("🔍 جاري البحث...")
          ^^^^^^^^^^^^^^^^^^^^^^^^^^^^^^^^^^^^^^^^^^^^^^^^^^^
  File "/data/data/com.termux/files/home/telegram-software-bot/venv/lib/python3.13/site-packages/telegram/_message.py", line 2106, in reply_text
    return await self.get_bot().send_message(
           ^^^^^^^^^^^^^^^^^^^^^^^^^^^^^^^^^^
    ...<21 lines>...
    )
    ^
  File "/data/data/com.termux/files/home/telegram-software-bot/venv/lib/python3.13/site-packages/telegram/ext/_extbot.py", line 3118, in send_message
    return await super().send_message(
           ^^^^^^^^^^^^^^^^^^^^^^^^^^^
    ...<23 lines>...
    )
    ^
  File "/data/data/com.termux/files/home/telegram-software-bot/venv/lib/python3.13/site-packages/telegram/_bot.py", line 1123, in send_message
    return await self._send_message(
           ^^^^^^^^^^^^^^^^^^^^^^^^^
    ...<21 lines>...
    )
    ^
  File "/data/data/com.termux/files/home/telegram-software-bot/venv/lib/python3.13/site-packages/telegram/ext/_extbot.py", line 630, in _send_message
    result = await super()._send_message(
             ^^^^^^^^^^^^^^^^^^^^^^^^^^^^
    ...<23 lines>...
    )
    ^
  File "/data/data/com.termux/files/home/telegram-software-bot/venv/lib/python3.13/site-packages/telegram/_bot.py", line 820, in _send_message
    result = await self._post(
             ^^^^^^^^^^^^^^^^^
    ...<7 lines>...
    )
    ^
  File "/data/data/com.termux/files/home/telegram-software-bot/venv/lib/python3.13/site-packages/telegram/_bot.py", line 704, in _post
    return await self._do_post(
           ^^^^^^^^^^^^^^^^^^^^
    ...<6 lines>...
    )
    ^
  File "/data/data/com.termux/files/home/telegram-software-bot/venv/lib/python3.13/site-packages/telegram/ext/_extbot.py", line 370, in _do_post
    return await super()._do_post(
           ^^^^^^^^^^^^^^^^^^^^^^^
    ...<6 lines>...
    )
    ^
  File "/data/data/com.termux/files/home/telegram-software-bot/venv/lib/python3.13/site-packages/telegram/_bot.py", line 733, in _do_post
    result = await request.post(
             ^^^^^^^^^^^^^^^^^^^
    ...<6 lines>...
    )
    ^
  File "/data/data/com.termux/files/home/telegram-software-bot/venv/lib/python3.13/site-packages/telegram/request/_baserequest.py", line 198, in post
    result = await self._request_wrapper(
             ^^^^^^^^^^^^^^^^^^^^^^^^^^^^
    ...<7 lines>...
    )
    ^
  File "/data/data/com.termux/files/home/telegram-software-bot/venv/lib/python3.13/site-packages/telegram/request/_baserequest.py", line 375, in _request_wrapper
    raise exception
telegram.error.BadRequest: Can't parse entities: character '.' is reserved and must be escaped with the preceding '\'
2026-06-08 17:32:08 - bot - ERROR - main:_error_handler:109 - Update Update(message=Message(channel_chat_created=False, chat=Chat(first_name='عصام', id=1431003618, last_name='مرحب', type=<ChatType.PRIVATE>, username='Esam_Marhb'), date=datetime.datetime(2026, 6, 8, 14, 32, 8, tzinfo=datetime.timezone.utc), delete_chat_photo=False, entities=(MessageEntity(length=6, offset=0, type=<MessageEntityType.BOT_COMMAND>),), from_user=User(first_name='عصام', id=1431003618, is_bot=False, language_code='ar', last_name='مرحب', username='Esam_Marhb'), group_chat_created=False, message_id=264, supergroup_chat_created=False, text='/start'), update_id=509989885) caused error Can't parse entities: character '-' is reserved and must be escaped with the preceding '\'
Traceback (most recent call last):
  File "/data/data/com.termux/files/home/telegram-software-bot/venv/lib/python3.13/site-packages/telegram/ext/_application.py", line 1315, in process_update
    await coroutine
  File "/data/data/com.termux/files/home/telegram-software-bot/venv/lib/python3.13/site-packages/telegram/ext/_handlers/basehandler.py", line 159, in handle_update
    return await self.callback(update, context)
           ^^^^^^^^^^^^^^^^^^^^^^^^^^^^^^^^^^^^
  File "/data/data/com.termux/files/home/telegram-software-bot/handlers/user_handlers.py", line 12, in start_command
    await update.message.reply_text(
    ...<4 lines>...
    )
  File "/data/data/com.termux/files/home/telegram-software-bot/venv/lib/python3.13/site-packages/telegram/_message.py", line 2106, in reply_text
    return await self.get_bot().send_message(
           ^^^^^^^^^^^^^^^^^^^^^^^^^^^^^^^^^^
    ...<21 lines>...
    )
    ^
  File "/data/data/com.termux/files/home/telegram-software-bot/venv/lib/python3.13/site-packages/telegram/ext/_extbot.py", line 3118, in send_message
    return await super().send_message(
           ^^^^^^^^^^^^^^^^^^^^^^^^^^^
    ...<23 lines>...
    )
    ^
  File "/data/data/com.termux/files/home/telegram-software-bot/venv/lib/python3.13/site-packages/telegram/_bot.py", line 1123, in send_message
    return await self._send_message(
           ^^^^^^^^^^^^^^^^^^^^^^^^^
    ...<21 lines>...
    )
    ^
  File "/data/data/com.termux/files/home/telegram-software-bot/venv/lib/python3.13/site-packages/telegram/ext/_extbot.py", line 630, in _send_message
    result = await super()._send_message(
             ^^^^^^^^^^^^^^^^^^^^^^^^^^^^
    ...<23 lines>...
    )
    ^
  File "/data/data/com.termux/files/home/telegram-software-bot/venv/lib/python3.13/site-packages/telegram/_bot.py", line 820, in _send_message
    result = await self._post(
             ^^^^^^^^^^^^^^^^^
    ...<7 lines>...
    )
    ^
  File "/data/data/com.termux/files/home/telegram-software-bot/venv/lib/python3.13/site-packages/telegram/_bot.py", line 704, in _post
    return await self._do_post(
           ^^^^^^^^^^^^^^^^^^^^
    ...<6 lines>...
    )
    ^
  File "/data/data/com.termux/files/home/telegram-software-bot/venv/lib/python3.13/site-packages/telegram/ext/_extbot.py", line 370, in _do_post
    return await super()._do_post(
           ^^^^^^^^^^^^^^^^^^^^^^^
    ...<6 lines>...
    )
    ^
  File "/data/data/com.termux/files/home/telegram-software-bot/venv/lib/python3.13/site-packages/telegram/_bot.py", line 733, in _do_post
    result = await request.post(
             ^^^^^^^^^^^^^^^^^^^
    ...<6 lines>...
    )
    ^
  File "/data/data/com.termux/files/home/telegram-software-bot/venv/lib/python3.13/site-packages/telegram/request/_baserequest.py", line 198, in post
    result = await self._request_wrapper(
             ^^^^^^^^^^^^^^^^^^^^^^^^^^^^
    ...<7 lines>...
    )
    ^
  File "/data/data/com.termux/files/home/telegram-software-bot/venv/lib/python3.13/site-packages/telegram/request/_baserequest.py", line 375, in _request_wrapper
    raise exception
telegram.error.BadRequest: Can't parse entities: character '-' is reserved and must be escaped with the preceding '\'
2026-06-08 17:32:18 - bot - ERROR - main:_error_handler:109 - Update Update(message=Message(channel_chat_created=False, chat=Chat(first_name='MR ARABIC', id=7343202051, type=<ChatType.PRIVATE>, username='Eeeessesej'), date=datetime.datetime(2026, 6, 8, 14, 32, 18, tzinfo=datetime.timezone.utc), delete_chat_photo=False, entities=(MessageEntity(length=6, offset=0, type=<MessageEntityType.BOT_COMMAND>),), from_user=User(first_name='MR ARABIC', id=7343202051, is_bot=False, language_code='ar', username='Eeeessesej'), group_chat_created=False, message_id=265, supergroup_chat_created=False, text='/start'), update_id=509989886) caused error Can't parse entities: character '-' is reserved and must be escaped with the preceding '\'
Traceback (most recent call last):
  File "/data/data/com.termux/files/home/telegram-software-bot/venv/lib/python3.13/site-packages/telegram/ext/_application.py", line 1315, in process_update
    await coroutine
  File "/data/data/com.termux/files/home/telegram-software-bot/venv/lib/python3.13/site-packages/telegram/ext/_handlers/basehandler.py", line 159, in handle_update
    return await self.callback(update, context)
           ^^^^^^^^^^^^^^^^^^^^^^^^^^^^^^^^^^^^
  File "/data/data/com.termux/files/home/telegram-software-bot/handlers/user_handlers.py", line 12, in start_command
    await update.message.reply_text(
    ...<4 lines>...
    )
  File "/data/data/com.termux/files/home/telegram-software-bot/venv/lib/python3.13/site-packages/telegram/_message.py", line 2106, in reply_text
    return await self.get_bot().send_message(
           ^^^^^^^^^^^^^^^^^^^^^^^^^^^^^^^^^^
    ...<21 lines>...
    )
    ^
  File "/data/data/com.termux/files/home/telegram-software-bot/venv/lib/python3.13/site-packages/telegram/ext/_extbot.py", line 3118, in send_message
    return await super().send_message(
           ^^^^^^^^^^^^^^^^^^^^^^^^^^^
    ...<23 lines>...
    )
    ^
  File "/data/data/com.termux/files/home/telegram-software-bot/venv/lib/python3.13/site-packages/telegram/_bot.py", line 1123, in send_message
    return await self._send_message(
           ^^^^^^^^^^^^^^^^^^^^^^^^^
    ...<21 lines>...
    )
    ^
  File "/data/data/com.termux/files/home/telegram-software-bot/venv/lib/python3.13/site-packages/telegram/ext/_extbot.py", line 630, in _send_message
    result = await super()._send_message(
             ^^^^^^^^^^^^^^^^^^^^^^^^^^^^
    ...<23 lines>...
    )
    ^
  File "/data/data/com.termux/files/home/telegram-software-bot/venv/lib/python3.13/site-packages/telegram/_bot.py", line 820, in _send_message
    result = await self._post(
             ^^^^^^^^^^^^^^^^^
    ...<7 lines>...
    )
    ^
  File "/data/data/com.termux/files/home/telegram-software-bot/venv/lib/python3.13/site-packages/telegram/_bot.py", line 704, in _post
    return await self._do_post(
           ^^^^^^^^^^^^^^^^^^^^
    ...<6 lines>...
    )
    ^
  File "/data/data/com.termux/files/home/telegram-software-bot/venv/lib/python3.13/site-packages/telegram/ext/_extbot.py", line 370, in _do_post
    return await super()._do_post(
           ^^^^^^^^^^^^^^^^^^^^^^^
    ...<6 lines>...
    )
    ^
  File "/data/data/com.termux/files/home/telegram-software-bot/venv/lib/python3.13/site-packages/telegram/_bot.py", line 733, in _do_post
    result = await request.post(
             ^^^^^^^^^^^^^^^^^^^
    ...<6 lines>...
    )
    ^
  File "/data/data/com.termux/files/home/telegram-software-bot/venv/lib/python3.13/site-packages/telegram/request/_baserequest.py", line 198, in post
    result = await self._request_wrapper(
             ^^^^^^^^^^^^^^^^^^^^^^^^^^^^
    ...<7 lines>...
    )
    ^
  File "/data/data/com.termux/files/home/telegram-software-bot/venv/lib/python3.13/site-packages/telegram/request/_baserequest.py", line 375, in _request_wrapper
    raise exception
telegram.error.BadRequest: Can't parse entities: character '-' is reserved and must be escaped with the preceding '\'
2026-06-08 17:32:40 - bot - ERROR - main:_error_handler:109 - Update Update(message=Message(channel_chat_created=False, chat=Chat(first_name='عصام', id=1431003618, last_name='مرحب', type=<ChatType.PRIVATE>, username='Esam_Marhb'), date=datetime.datetime(2026, 6, 8, 14, 32, 36, tzinfo=datetime.timezone.utc), delete_chat_photo=False, entities=(MessageEntity(length=6, offset=0, type=<MessageEntityType.BOT_COMMAND>),), from_user=User(first_name='عصام', id=1431003618, is_bot=False, language_code='ar', last_name='مرحب', username='Esam_Marhb'), group_chat_created=False, message_id=266, supergroup_chat_created=False, text='/admin'), update_id=509989887) caused error Timed out
Traceback (most recent call last):
  File "/data/data/com.termux/files/home/telegram-software-bot/venv/lib/python3.13/site-packages/httpx/_transports/default.py", line 101, in map_httpcore_exceptions
    yield
  File "/data/data/com.termux/files/home/telegram-software-bot/venv/lib/python3.13/site-packages/httpx/_transports/default.py", line 394, in handle_async_request
    resp = await self._pool.handle_async_request(req)
           ^^^^^^^^^^^^^^^^^^^^^^^^^^^^^^^^^^^^^^^^^^
  File "/data/data/com.termux/files/home/telegram-software-bot/venv/lib/python3.13/site-packages/httpcore/_async/connection_pool.py", line 256, in handle_async_request
    raise exc from None
  File "/data/data/com.termux/files/home/telegram-software-bot/venv/lib/python3.13/site-packages/httpcore/_async/connection_pool.py", line 236, in handle_async_request
    response = await connection.handle_async_request(
               ^^^^^^^^^^^^^^^^^^^^^^^^^^^^^^^^^^^^^^
        pool_request.request
        ^^^^^^^^^^^^^^^^^^^^
    )
    ^
  File "/data/data/com.termux/files/home/telegram-software-bot/venv/lib/python3.13/site-packages/httpcore/_async/connection.py", line 101, in handle_async_request
    raise exc
  File "/data/data/com.termux/files/home/telegram-software-bot/venv/lib/python3.13/site-packages/httpcore/_async/connection.py", line 78, in handle_async_request
    stream = await self._connect(request)
             ^^^^^^^^^^^^^^^^^^^^^^^^^^^^
  File "/data/data/com.termux/files/home/telegram-software-bot/venv/lib/python3.13/site-packages/httpcore/_async/connection.py", line 124, in _connect
    stream = await self._network_backend.connect_tcp(**kwargs)
             ^^^^^^^^^^^^^^^^^^^^^^^^^^^^^^^^^^^^^^^^^^^^^^^^^
  File "/data/data/com.termux/files/home/telegram-software-bot/venv/lib/python3.13/site-packages/httpcore/_backends/auto.py", line 31, in connect_tcp
    return await self._backend.connect_tcp(
           ^^^^^^^^^^^^^^^^^^^^^^^^^^^^^^^^
    ...<5 lines>...
    )
    ^
  File "/data/data/com.termux/files/home/telegram-software-bot/venv/lib/python3.13/site-packages/httpcore/_backends/anyio.py", line 113, in connect_tcp
    with map_exceptions(exc_map):
         ~~~~~~~~~~~~~~^^^^^^^^^
  File "/data/data/com.termux/files/usr/lib/python3.13/contextlib.py", line 162, in __exit__
    self.gen.throw(value)
    ~~~~~~~~~~~~~~^^^^^^^
  File "/data/data/com.termux/files/home/telegram-software-bot/venv/lib/python3.13/site-packages/httpcore/_exceptions.py", line 14, in map_exceptions
    raise to_exc(exc) from exc
httpcore.ConnectTimeout

The above exception was the direct cause of the following exception:

Traceback (most recent call last):
  File "/data/data/com.termux/files/home/telegram-software-bot/venv/lib/python3.13/site-packages/telegram/request/_httpxrequest.py", line 279, in do_request
    res = await self._client.request(
          ^^^^^^^^^^^^^^^^^^^^^^^^^^^
    ...<6 lines>...
    )
    ^
  File "/data/data/com.termux/files/home/telegram-software-bot/venv/lib/python3.13/site-packages/httpx/_client.py", line 1540, in request
    return await self.send(request, auth=auth, follow_redirects=follow_redirects)
           ^^^^^^^^^^^^^^^^^^^^^^^^^^^^^^^^^^^^^^^^^^^^^^^^^^^^^^^^^^^^^^^^^^^^^^
  File "/data/data/com.termux/files/home/telegram-software-bot/venv/lib/python3.13/site-packages/httpx/_client.py", line 1629, in send
    response = await self._send_handling_auth(
               ^^^^^^^^^^^^^^^^^^^^^^^^^^^^^^^
    ...<4 lines>...
    )
    ^
  File "/data/data/com.termux/files/home/telegram-software-bot/venv/lib/python3.13/site-packages/httpx/_client.py", line 1657, in _send_handling_auth
    response = await self._send_handling_redirects(
               ^^^^^^^^^^^^^^^^^^^^^^^^^^^^^^^^^^^^
    ...<3 lines>...
    )
    ^
  File "/data/data/com.termux/files/home/telegram-software-bot/venv/lib/python3.13/site-packages/httpx/_client.py", line 1694, in _send_handling_redirects
    response = await self._send_single_request(request)
               ^^^^^^^^^^^^^^^^^^^^^^^^^^^^^^^^^^^^^^^^
  File "/data/data/com.termux/files/home/telegram-software-bot/venv/lib/python3.13/site-packages/httpx/_client.py", line 1730, in _send_single_request
    response = await transport.handle_async_request(request)
               ^^^^^^^^^^^^^^^^^^^^^^^^^^^^^^^^^^^^^^^^^^^^^
  File "/data/data/com.termux/files/home/telegram-software-bot/venv/lib/python3.13/site-packages/httpx/_transports/default.py", line 393, in handle_async_request
    with map_httpcore_exceptions():
         ~~~~~~~~~~~~~~~~~~~~~~~^^
  File "/data/data/com.termux/files/usr/lib/python3.13/contextlib.py", line 162, in __exit__
    self.gen.throw(value)
    ~~~~~~~~~~~~~~^^^^^^^
  File "/data/data/com.termux/files/home/telegram-software-bot/venv/lib/python3.13/site-packages/httpx/_transports/default.py", line 118, in map_httpcore_exceptions
    raise mapped_exc(message) from exc
httpx.ConnectTimeout

The above exception was the direct cause of the following exception:

Traceback (most recent call last):
  File "/data/data/com.termux/files/home/telegram-software-bot/venv/lib/python3.13/site-packages/telegram/ext/_application.py", line 1315, in process_update
    await coroutine
  File "/data/data/com.termux/files/home/telegram-software-bot/venv/lib/python3.13/site-packages/telegram/ext/_handlers/basehandler.py", line 159, in handle_update
    return await self.callback(update, context)
           ^^^^^^^^^^^^^^^^^^^^^^^^^^^^^^^^^^^^
  File "/data/data/com.termux/files/home/telegram-software-bot/handlers/admin_handlers.py", line 121, in admin_command
    await update.message.reply_text(
    ...<3 lines>...
    )
  File "/data/data/com.termux/files/home/telegram-software-bot/venv/lib/python3.13/site-packages/telegram/_message.py", line 2106, in reply_text
    return await self.get_bot().send_message(
           ^^^^^^^^^^^^^^^^^^^^^^^^^^^^^^^^^^
    ...<21 lines>...
    )
    ^
  File "/data/data/com.termux/files/home/telegram-software-bot/venv/lib/python3.13/site-packages/telegram/ext/_extbot.py", line 3118, in send_message
    return await super().send_message(
           ^^^^^^^^^^^^^^^^^^^^^^^^^^^
    ...<23 lines>...
    )
    ^
  File "/data/data/com.termux/files/home/telegram-software-bot/venv/lib/python3.13/site-packages/telegram/_bot.py", line 1123, in send_message
    return await self._send_message(
           ^^^^^^^^^^^^^^^^^^^^^^^^^
    ...<21 lines>...
    )
    ^
  File "/data/data/com.termux/files/home/telegram-software-bot/venv/lib/python3.13/site-packages/telegram/ext/_extbot.py", line 630, in _send_message
    result = await super()._send_message(
             ^^^^^^^^^^^^^^^^^^^^^^^^^^^^
    ...<23 lines>...
    )
    ^
  File "/data/data/com.termux/files/home/telegram-software-bot/venv/lib/python3.13/site-packages/telegram/_bot.py", line 820, in _send_message
    result = await self._post(
             ^^^^^^^^^^^^^^^^^
    ...<7 lines>...
    )
    ^
  File "/data/data/com.termux/files/home/telegram-software-bot/venv/lib/python3.13/site-packages/telegram/_bot.py", line 704, in _post
    return await self._do_post(
           ^^^^^^^^^^^^^^^^^^^^
    ...<6 lines>...
    )
    ^
  File "/data/data/com.termux/files/home/telegram-software-bot/venv/lib/python3.13/site-packages/telegram/ext/_extbot.py", line 370, in _do_post
    return await super()._do_post(
           ^^^^^^^^^^^^^^^^^^^^^^^
    ...<6 lines>...
    )
    ^
  File "/data/data/com.termux/files/home/telegram-software-bot/venv/lib/python3.13/site-packages/telegram/_bot.py", line 733, in _do_post
    result = await request.post(
             ^^^^^^^^^^^^^^^^^^^
    ...<6 lines>...
    )
    ^
  File "/data/data/com.termux/files/home/telegram-software-bot/venv/lib/python3.13/site-packages/telegram/request/_baserequest.py", line 198, in post
    result = await self._request_wrapper(
             ^^^^^^^^^^^^^^^^^^^^^^^^^^^^
    ...<7 lines>...
    )
    ^
  File "/data/data/com.termux/files/home/telegram-software-bot/venv/lib/python3.13/site-packages/telegram/request/_baserequest.py", line 305, in _request_wrapper
    code, payload = await self.do_request(
                    ^^^^^^^^^^^^^^^^^^^^^^
    ...<7 lines>...
    )
    ^
  File "/data/data/com.termux/files/home/telegram-software-bot/venv/lib/python3.13/site-packages/telegram/request/_httpxrequest.py", line 296, in do_request
    raise TimedOut from err
telegram.error.TimedOut: Timed out
2026-06-08 17:33:26 - bot - INFO - main:stop:166 - Stopping bot...
2026-06-08 17:35:28 - bot - INFO - main:initialize:52 - Initializing bot components...
2026-06-08 17:35:28 - bot - INFO - main:initialize:57 - Database initialized
2026-06-08 17:35:28 - bot - INFO - main:initialize:62 - Cache initialized
2026-06-08 17:35:28 - bot - INFO - main:_register_handlers:101 - Handlers registered
2026-06-08 17:35:28 - bot - INFO - main:initialize:81 - Bot initialized successfully
2026-06-08 17:35:28 - bot - INFO - main:start:136 - Starting bot...
2026-06-08 17:35:29 - bot - INFO - main:start:147 - Bot started successfully
2026-06-08 17:35:29 - bot - INFO - main:start:148 - Bot username: @Esamaibot
2026-06-08 17:35:41 - bot - ERROR - main:_error_handler:109 - Update Update(message=Message(channel_chat_created=False, chat=Chat(first_name='عصام', id=1431003618, last_name='مرحب', type=<ChatType.PRIVATE>, username='Esam_Marhb'), date=datetime.datetime(2026, 6, 8, 14, 35, 42, tzinfo=datetime.timezone.utc), delete_chat_photo=False, from_user=User(first_name='عصام', id=1431003618, is_bot=False, language_code='ar', last_name='مرحب', username='Esam_Marhb'), group_chat_created=False, message_id=271, supergroup_chat_created=False, text='Chrome'), update_id=509989890) caused error Can't parse entities: character '.' is reserved and must be escaped with the preceding '\'
Traceback (most recent call last):
  File "/data/data/com.termux/files/home/telegram-software-bot/venv/lib/python3.13/site-packages/telegram/ext/_application.py", line 1315, in process_update
    await coroutine
  File "/data/data/com.termux/files/home/telegram-software-bot/venv/lib/python3.13/site-packages/telegram/ext/_handlers/basehandler.py", line 159, in handle_update
    return await self.callback(update, context)
           ^^^^^^^^^^^^^^^^^^^^^^^^^^^^^^^^^^^^
  File "/data/data/com.termux/files/home/telegram-software-bot/handlers/user_handlers.py", line 209, in handle_message
    await self._perform_search(
        update, context, sanitized_text, user.id
    )
  File "/data/data/com.termux/files/home/telegram-software-bot/handlers/user_handlers.py", line 253, in _perform_search
    searching_msg = await update.message.reply_text(
                    ^^^^^^^^^^^^^^^^^^^^^^^^^^^^^^^^
    ...<2 lines>...
    )
    ^
  File "/data/data/com.termux/files/home/telegram-software-bot/venv/lib/python3.13/site-packages/telegram/_message.py", line 2106, in reply_text
    return await self.get_bot().send_message(
           ^^^^^^^^^^^^^^^^^^^^^^^^^^^^^^^^^^
    ...<21 lines>...
    )
    ^
  File "/data/data/com.termux/files/home/telegram-software-bot/venv/lib/python3.13/site-packages/telegram/ext/_extbot.py", line 3118, in send_message
    return await super().send_message(
           ^^^^^^^^^^^^^^^^^^^^^^^^^^^
    ...<23 lines>...
    )
    ^
  File "/data/data/com.termux/files/home/telegram-software-bot/venv/lib/python3.13/site-packages/telegram/_bot.py", line 1123, in send_message
    return await self._send_message(
           ^^^^^^^^^^^^^^^^^^^^^^^^^
    ...<21 lines>...
    )
    ^
  File "/data/data/com.termux/files/home/telegram-software-bot/venv/lib/python3.13/site-packages/telegram/ext/_extbot.py", line 630, in _send_message
    result = await super()._send_message(
             ^^^^^^^^^^^^^^^^^^^^^^^^^^^^
    ...<23 lines>...
    )
    ^
  File "/data/data/com.termux/files/home/telegram-software-bot/venv/lib/python3.13/site-packages/telegram/_bot.py", line 820, in _send_message
    result = await self._post(
             ^^^^^^^^^^^^^^^^^
    ...<7 lines>...
    )
    ^
  File "/data/data/com.termux/files/home/telegram-software-bot/venv/lib/python3.13/site-packages/telegram/_bot.py", line 704, in _post
    return await self._do_post(
           ^^^^^^^^^^^^^^^^^^^^
    ...<6 lines>...
    )
    ^
  File "/data/data/com.termux/files/home/telegram-software-bot/venv/lib/python3.13/site-packages/telegram/ext/_extbot.py", line 370, in _do_post
    return await super()._do_post(
           ^^^^^^^^^^^^^^^^^^^^^^^
    ...<6 lines>...
    )
    ^
  File "/data/data/com.termux/files/home/telegram-software-bot/venv/lib/python3.13/site-packages/telegram/_bot.py", line 733, in _do_post
    result = await request.post(
             ^^^^^^^^^^^^^^^^^^^
    ...<6 lines>...
    )
    ^
  File "/data/data/com.termux/files/home/telegram-software-bot/venv/lib/python3.13/site-packages/telegram/request/_baserequest.py", line 198, in post
    result = await self._request_wrapper(
             ^^^^^^^^^^^^^^^^^^^^^^^^^^^^
    ...<7 lines>...
    )
    ^
  File "/data/data/com.termux/files/home/telegram-software-bot/venv/lib/python3.13/site-packages/telegram/request/_baserequest.py", line 375, in _request_wrapper
    raise exception
telegram.error.BadRequest: Can't parse entities: character '.' is reserved and must be escaped with the preceding '\'
2026-06-08 17:35:49 - bot - ERROR - main:_error_handler:109 - Update Update(message=Message(channel_chat_created=False, chat=Chat(first_name='عصام', id=1431003618, last_name='مرحب', type=<ChatType.PRIVATE>, username='Esam_Marhb'), date=datetime.datetime(2026, 6, 8, 14, 35, 50, tzinfo=datetime.timezone.utc), delete_chat_photo=False, from_user=User(first_name='عصام', id=1431003618, is_bot=False, language_code='ar', last_name='مرحب', username='Esam_Marhb'), group_chat_created=False, message_id=274, supergroup_chat_created=False, text='Chrome'), update_id=509989892) caused error Can't parse entities: character '.' is reserved and must be escaped with the preceding '\'
Traceback (most recent call last):
  File "/data/data/com.termux/files/home/telegram-software-bot/venv/lib/python3.13/site-packages/telegram/ext/_application.py", line 1315, in process_update
    await coroutine
  File "/data/data/com.termux/files/home/telegram-software-bot/venv/lib/python3.13/site-packages/telegram/ext/_handlers/basehandler.py", line 159, in handle_update
    return await self.callback(update, context)
           ^^^^^^^^^^^^^^^^^^^^^^^^^^^^^^^^^^^^
  File "/data/data/com.termux/files/home/telegram-software-bot/handlers/user_handlers.py", line 209, in handle_message
    await self._perform_search(
        update, context, sanitized_text, user.id
    )
  File "/data/data/com.termux/files/home/telegram-software-bot/handlers/user_handlers.py", line 253, in _perform_search
    searching_msg = await update.message.reply_text(
                    ^^^^^^^^^^^^^^^^^^^^^^^^^^^^^^^^
    ...<2 lines>...
    )
    ^
  File "/data/data/com.termux/files/home/telegram-software-bot/venv/lib/python3.13/site-packages/telegram/_message.py", line 2106, in reply_text
    return await self.get_bot().send_message(
           ^^^^^^^^^^^^^^^^^^^^^^^^^^^^^^^^^^
    ...<21 lines>...
    )
    ^
  File "/data/data/com.termux/files/home/telegram-software-bot/venv/lib/python3.13/site-packages/telegram/ext/_extbot.py", line 3118, in send_message
    return await super().send_message(
           ^^^^^^^^^^^^^^^^^^^^^^^^^^^
    ...<23 lines>...
    )
    ^
  File "/data/data/com.termux/files/home/telegram-software-bot/venv/lib/python3.13/site-packages/telegram/_bot.py", line 1123, in send_message
    return await self._send_message(
           ^^^^^^^^^^^^^^^^^^^^^^^^^
    ...<21 lines>...
    )
    ^
  File "/data/data/com.termux/files/home/telegram-software-bot/venv/lib/python3.13/site-packages/telegram/ext/_extbot.py", line 630, in _send_message
    result = await super()._send_message(
             ^^^^^^^^^^^^^^^^^^^^^^^^^^^^
    ...<23 lines>...
    )
    ^
  File "/data/data/com.termux/files/home/telegram-software-bot/venv/lib/python3.13/site-packages/telegram/_bot.py", line 820, in _send_message
    result = await self._post(
             ^^^^^^^^^^^^^^^^^
    ...<7 lines>...
    )
    ^
  File "/data/data/com.termux/files/home/telegram-software-bot/venv/lib/python3.13/site-packages/telegram/_bot.py", line 704, in _post
    return await self._do_post(
           ^^^^^^^^^^^^^^^^^^^^
    ...<6 lines>...
    )
    ^
  File "/data/data/com.termux/files/home/telegram-software-bot/venv/lib/python3.13/site-packages/telegram/ext/_extbot.py", line 370, in _do_post
    return await super()._do_post(
           ^^^^^^^^^^^^^^^^^^^^^^^
    ...<6 lines>...
    )
    ^
  File "/data/data/com.termux/files/home/telegram-software-bot/venv/lib/python3.13/site-packages/telegram/_bot.py", line 733, in _do_post
    result = await request.post(
             ^^^^^^^^^^^^^^^^^^^
    ...<6 lines>...
    )
    ^
  File "/data/data/com.termux/files/home/telegram-software-bot/venv/lib/python3.13/site-packages/telegram/request/_baserequest.py", line 198, in post
    result = await self._request_wrapper(
             ^^^^^^^^^^^^^^^^^^^^^^^^^^^^
    ...<7 lines>...
    )
    ^
  File "/data/data/com.termux/files/home/telegram-software-bot/venv/lib/python3.13/site-packages/telegram/request/_baserequest.py", line 375, in _request_wrapper
    raise exception
telegram.error.BadRequest: Can't parse entities: character '.' is reserved and must be escaped with the preceding '\'
2026-06-08 17:35:57 - bot - ERROR - main:_error_handler:109 - Update Update(message=Message(channel_chat_created=False, chat=Chat(first_name='عصام', id=1431003618, last_name='مرحب', type=<ChatType.PRIVATE>, username='Esam_Marhb'), date=datetime.datetime(2026, 6, 8, 14, 35, 57, tzinfo=datetime.timezone.utc), delete_chat_photo=False, entities=(MessageEntity(length=6, offset=0, type=<MessageEntityType.BOT_COMMAND>),), from_user=User(first_name='عصام', id=1431003618, is_bot=False, language_code='ar', last_name='مرحب', username='Esam_Marhb'), group_chat_created=False, message_id=275, supergroup_chat_created=False, text='/admin'), update_id=509989893) caused error Can't parse entities: character '.' is reserved and must be escaped with the preceding '\'
Traceback (most recent call last):
  File "/data/data/com.termux/files/home/telegram-software-bot/venv/lib/python3.13/site-packages/telegram/ext/_application.py", line 1315, in process_update
    await coroutine
  File "/data/data/com.termux/files/home/telegram-software-bot/venv/lib/python3.13/site-packages/telegram/ext/_handlers/basehandler.py", line 159, in handle_update
    return await self.callback(update, context)
           ^^^^^^^^^^^^^^^^^^^^^^^^^^^^^^^^^^^^
  File "/data/data/com.termux/files/home/telegram-software-bot/handlers/admin_handlers.py", line 50, in admin_command
    await update.message.reply_text(
    ...<3 lines>...
    )
  File "/data/data/com.termux/files/home/telegram-software-bot/venv/lib/python3.13/site-packages/telegram/_message.py", line 2106, in reply_text
    return await self.get_bot().send_message(
           ^^^^^^^^^^^^^^^^^^^^^^^^^^^^^^^^^^
    ...<21 lines>...
    )
    ^
  File "/data/data/com.termux/files/home/telegram-software-bot/venv/lib/python3.13/site-packages/telegram/ext/_extbot.py", line 3118, in send_message
    return await super().send_message(
           ^^^^^^^^^^^^^^^^^^^^^^^^^^^
    ...<23 lines>...
    )
    ^
  File "/data/data/com.termux/files/home/telegram-software-bot/venv/lib/python3.13/site-packages/telegram/_bot.py", line 1123, in send_message
    return await self._send_message(
           ^^^^^^^^^^^^^^^^^^^^^^^^^
    ...<21 lines>...
    )
    ^
  File "/data/data/com.termux/files/home/telegram-software-bot/venv/lib/python3.13/site-packages/telegram/ext/_extbot.py", line 630, in _send_message
    result = await super()._send_message(
             ^^^^^^^^^^^^^^^^^^^^^^^^^^^^
    ...<23 lines>...
    )
    ^
  File "/data/data/com.termux/files/home/telegram-software-bot/venv/lib/python3.13/site-packages/telegram/_bot.py", line 820, in _send_message
    result = await self._post(
             ^^^^^^^^^^^^^^^^^
    ...<7 lines>...
    )
    ^
  File "/data/data/com.termux/files/home/telegram-software-bot/venv/lib/python3.13/site-packages/telegram/_bot.py", line 704, in _post
    return await self._do_post(
           ^^^^^^^^^^^^^^^^^^^^
    ...<6 lines>...
    )
    ^
  File "/data/data/com.termux/files/home/telegram-software-bot/venv/lib/python3.13/site-packages/telegram/ext/_extbot.py", line 370, in _do_post
    return await super()._do_post(
           ^^^^^^^^^^^^^^^^^^^^^^^
    ...<6 lines>...
    )
    ^
  File "/data/data/com.termux/files/home/telegram-software-bot/venv/lib/python3.13/site-packages/telegram/_bot.py", line 733, in _do_post
    result = await request.post(
             ^^^^^^^^^^^^^^^^^^^
    ...<6 lines>...
    )
    ^
  File "/data/data/com.termux/files/home/telegram-software-bot/venv/lib/python3.13/site-packages/telegram/request/_baserequest.py", line 198, in post
    result = await self._request_wrapper(
             ^^^^^^^^^^^^^^^^^^^^^^^^^^^^
    ...<7 lines>...
    )
    ^
  File "/data/data/com.termux/files/home/telegram-software-bot/venv/lib/python3.13/site-packages/telegram/request/_baserequest.py", line 375, in _request_wrapper
    raise exception
telegram.error.BadRequest: Can't parse entities: character '.' is reserved and must be escaped with the preceding '\'
2026-06-08 17:36:05 - bot - ERROR - main:_error_handler:109 - Update Update(message=Message(channel_chat_created=False, chat=Chat(first_name='عصام', id=1431003618, last_name='مرحب', type=<ChatType.PRIVATE>, username='Esam_Marhb'), date=datetime.datetime(2026, 6, 8, 14, 36, 5, tzinfo=datetime.timezone.utc), delete_chat_photo=False, entities=(MessageEntity(length=6, offset=0, type=<MessageEntityType.BOT_COMMAND>),), from_user=User(first_name='عصام', id=1431003618, is_bot=False, language_code='ar', last_name='مرحب', username='Esam_Marhb'), group_chat_created=False, message_id=276, supergroup_chat_created=False, text='/admin'), update_id=509989894) caused error Can't parse entities: character '.' is reserved and must be escaped with the preceding '\'
Traceback (most recent call last):
  File "/data/data/com.termux/files/home/telegram-software-bot/venv/lib/python3.13/site-packages/telegram/ext/_application.py", line 1315, in process_update
    await coroutine
  File "/data/data/com.termux/files/home/telegram-software-bot/venv/lib/python3.13/site-packages/telegram/ext/_handlers/basehandler.py", line 159, in handle_update
    return await self.callback(update, context)
           ^^^^^^^^^^^^^^^^^^^^^^^^^^^^^^^^^^^^
  File "/data/data/com.termux/files/home/telegram-software-bot/handlers/admin_handlers.py", line 50, in admin_command
    await update.message.reply_text(
    ...<3 lines>...
    )
  File "/data/data/com.termux/files/home/telegram-software-bot/venv/lib/python3.13/site-packages/telegram/_message.py", line 2106, in reply_text
    return await self.get_bot().send_message(
           ^^^^^^^^^^^^^^^^^^^^^^^^^^^^^^^^^^
    ...<21 lines>...
    )
    ^
  File "/data/data/com.termux/files/home/telegram-software-bot/venv/lib/python3.13/site-packages/telegram/ext/_extbot.py", line 3118, in send_message
    return await super().send_message(
           ^^^^^^^^^^^^^^^^^^^^^^^^^^^
    ...<23 lines>...
    )
    ^
  File "/data/data/com.termux/files/home/telegram-software-bot/venv/lib/python3.13/site-packages/telegram/_bot.py", line 1123, in send_message
    return await self._send_message(
           ^^^^^^^^^^^^^^^^^^^^^^^^^
    ...<21 lines>...
    )
    ^
  File "/data/data/com.termux/files/home/telegram-software-bot/venv/lib/python3.13/site-packages/telegram/ext/_extbot.py", line 630, in _send_message
    result = await super()._send_message(
             ^^^^^^^^^^^^^^^^^^^^^^^^^^^^
    ...<23 lines>...
    )
    ^
  File "/data/data/com.termux/files/home/telegram-software-bot/venv/lib/python3.13/site-packages/telegram/_bot.py", line 820, in _send_message
    result = await self._post(
             ^^^^^^^^^^^^^^^^^
    ...<7 lines>...
    )
    ^
  File "/data/data/com.termux/files/home/telegram-software-bot/venv/lib/python3.13/site-packages/telegram/_bot.py", line 704, in _post
    return await self._do_post(
           ^^^^^^^^^^^^^^^^^^^^
    ...<6 lines>...
    )
    ^
  File "/data/data/com.termux/files/home/telegram-software-bot/venv/lib/python3.13/site-packages/telegram/ext/_extbot.py", line 370, in _do_post
    return await super()._do_post(
           ^^^^^^^^^^^^^^^^^^^^^^^
    ...<6 lines>...
    )
    ^
  File "/data/data/com.termux/files/home/telegram-software-bot/venv/lib/python3.13/site-packages/telegram/_bot.py", line 733, in _do_post
    result = await request.post(
             ^^^^^^^^^^^^^^^^^^^
    ...<6 lines>...
    )
    ^
  File "/data/data/com.termux/files/home/telegram-software-bot/venv/lib/python3.13/site-packages/telegram/request/_baserequest.py", line 198, in post
    result = await self._request_wrapper(
             ^^^^^^^^^^^^^^^^^^^^^^^^^^^^
    ...<7 lines>...
    )
    ^
  File "/data/data/com.termux/files/home/telegram-software-bot/venv/lib/python3.13/site-packages/telegram/request/_baserequest.py", line 375, in _request_wrapper
    raise exception
telegram.error.BadRequest: Can't parse entities: character '.' is reserved and must be escaped with the preceding '\'
2026-06-08 17:36:11 - bot - ERROR - main:_error_handler:109 - Update Update(message=Message(channel_chat_created=False, chat=Chat(first_name='عصام', id=1431003618, last_name='مرحب', type=<ChatType.PRIVATE>, username='Esam_Marhb'), date=datetime.datetime(2026, 6, 8, 14, 36, 11, tzinfo=datetime.timezone.utc), delete_chat_photo=False, entities=(MessageEntity(length=6, offset=0, type=<MessageEntityType.BOT_COMMAND>),), from_user=User(first_name='عصام', id=1431003618, is_bot=False, language_code='ar', last_name='مرحب', username='Esam_Marhb'), group_chat_created=False, message_id=279, supergroup_chat_created=False, text='/admin'), update_id=509989896) caused error Can't parse entities: character '.' is reserved and must be escaped with the preceding '\'
Traceback (most recent call last):
  File "/data/data/com.termux/files/home/telegram-software-bot/venv/lib/python3.13/site-packages/telegram/ext/_application.py", line 1315, in process_update
    await coroutine
  File "/data/data/com.termux/files/home/telegram-software-bot/venv/lib/python3.13/site-packages/telegram/ext/_handlers/basehandler.py", line 159, in handle_update
    return await self.callback(update, context)
           ^^^^^^^^^^^^^^^^^^^^^^^^^^^^^^^^^^^^
  File "/data/data/com.termux/files/home/telegram-software-bot/handlers/admin_handlers.py", line 50, in admin_command
    await update.message.reply_text(
    ...<3 lines>...
    )
  File "/data/data/com.termux/files/home/telegram-software-bot/venv/lib/python3.13/site-packages/telegram/_message.py", line 2106, in reply_text
    return await self.get_bot().send_message(
           ^^^^^^^^^^^^^^^^^^^^^^^^^^^^^^^^^^
    ...<21 lines>...
    )
    ^
  File "/data/data/com.termux/files/home/telegram-software-bot/venv/lib/python3.13/site-packages/telegram/ext/_extbot.py", line 3118, in send_message
    return await super().send_message(
           ^^^^^^^^^^^^^^^^^^^^^^^^^^^
    ...<23 lines>...
    )
    ^
  File "/data/data/com.termux/files/home/telegram-software-bot/venv/lib/python3.13/site-packages/telegram/_bot.py", line 1123, in send_message
    return await self._send_message(
           ^^^^^^^^^^^^^^^^^^^^^^^^^
    ...<21 lines>...
    )
    ^
  File "/data/data/com.termux/files/home/telegram-software-bot/venv/lib/python3.13/site-packages/telegram/ext/_extbot.py", line 630, in _send_message
    result = await super()._send_message(
             ^^^^^^^^^^^^^^^^^^^^^^^^^^^^
    ...<23 lines>...
    )
    ^
  File "/data/data/com.termux/files/home/telegram-software-bot/venv/lib/python3.13/site-packages/telegram/_bot.py", line 820, in _send_message
    result = await self._post(
             ^^^^^^^^^^^^^^^^^
    ...<7 lines>...
    )
    ^
  File "/data/data/com.termux/files/home/telegram-software-bot/venv/lib/python3.13/site-packages/telegram/_bot.py", line 704, in _post
    return await self._do_post(
           ^^^^^^^^^^^^^^^^^^^^
    ...<6 lines>...
    )
    ^
  File "/data/data/com.termux/files/home/telegram-software-bot/venv/lib/python3.13/site-packages/telegram/ext/_extbot.py", line 370, in _do_post
    return await super()._do_post(
           ^^^^^^^^^^^^^^^^^^^^^^^
    ...<6 lines>...
    )
    ^
  File "/data/data/com.termux/files/home/telegram-software-bot/venv/lib/python3.13/site-packages/telegram/_bot.py", line 733, in _do_post
    result = await request.post(
             ^^^^^^^^^^^^^^^^^^^
    ...<6 lines>...
    )
    ^
  File "/data/data/com.termux/files/home/telegram-software-bot/venv/lib/python3.13/site-packages/telegram/request/_baserequest.py", line 198, in post
    result = await self._request_wrapper(
             ^^^^^^^^^^^^^^^^^^^^^^^^^^^^
    ...<7 lines>...
    )
    ^
  File "/data/data/com.termux/files/home/telegram-software-bot/venv/lib/python3.13/site-packages/telegram/request/_baserequest.py", line 375, in _request_wrapper
    raise exception
telegram.error.BadRequest: Can't parse entities: character '.' is reserved and must be escaped with the preceding '\'
2026-06-08 17:36:24 - bot - ERROR - main:_error_handler:109 - Update Update(callback_query=CallbackQuery(chat_instance='2687171661052618728', data='download_1', from_user=User(first_name='عصام', id=1431003618, is_bot=False, language_code='ar', last_name='مرحب', username='Esam_Marhb'), id='6146113743241879150', message=Message(channel_chat_created=False, chat=Chat(first_name='عصام', id=1431003618, last_name='مرحب', type=<ChatType.PRIVATE>, username='Esam_Marhb'), date=datetime.datetime(2026, 6, 8, 14, 36, 18, tzinfo=datetime.timezone.utc), delete_chat_photo=False, entities=(MessageEntity(length=15, offset=3, type=<MessageEntityType.BOLD>), MessageEntity(length=2, offset=20, type=<MessageEntityType.BOLD>), MessageEntity(length=2, offset=49, type=<MessageEntityType.BOLD>), MessageEntity(length=2, offset=80, type=<MessageEntityType.BOLD>), MessageEntity(length=2, offset=114, type=<MessageEntityType.BOLD>), MessageEntity(length=2, offset=146, type=<MessageEntityType.BOLD>), MessageEntity(length=2, offset=167, type=<MessageEntityType.BOLD>), MessageEntity(length=2, offset=192, type=<MessageEntityType.BOLD>), MessageEntity(length=2, offset=220, type=<MessageEntityType.BOLD>), MessageEntity(length=2, offset=242, type=<MessageEntityType.BOLD>), MessageEntity(length=3, offset=269, type=<MessageEntityType.BOLD>)), from_user=User(first_name='مكتبة عصام التقنية', id=8822102096, is_bot=True, username='Esamaibot'), group_chat_created=False, message_id=283, reply_markup=InlineKeyboardMarkup(inline_keyboard=((InlineKeyboardButton(callback_data='download_1', text='📥 Google Chrome'), InlineKeyboardButton(callback_data='info_1', text='📋')), (InlineKeyboardButton(callback_data='download_2', text='📥 Mozilla Firefox'), InlineKeyboardButton(callback_data='info_2', text='📋')), (InlineKeyboardButton(callback_data='download_3', text='📥 Visual Studio Code'), InlineKeyboardButton(callback_data='info_3', text='📋')), (InlineKeyboardButton(callback_data='download_4', text='📥 VLC Media Player'), InlineKeyboardButton(callback_data='info_4', text='📋')), (InlineKeyboardButton(callback_data='download_5', text='📥 7-Zip'), InlineKeyboardButton(callback_data='info_5', text='📋')), (InlineKeyboardButton(callback_data='download_6', text='📥 Notepad++'), InlineKeyboardButton(callback_data='info_6', text='📋')), (InlineKeyboardButton(callback_data='download_7', text='📥 Adobe Reader'), InlineKeyboardButton(callback_data='info_7', text='📋')), (InlineKeyboardButton(callback_data='download_8', text='📥 WinRAR'), InlineKeyboardButton(callback_data='info_8', text='📋')), (InlineKeyboardButton(callback_data='download_9', text='📥 Python 3.12'), InlineKeyboardButton(callback_data='info_9', text='📋')), (InlineKeyboardButton(callback_data='download_10', text='📥 Telegram Desktop'), InlineKeyboardButton(callback_data='info_10', text='📋')))), supergroup_chat_created=False, text='🔥 البرامج الشائعة\n\n1. Google Chrome\n📥 0 تحميل\n\n2. Mozilla Firefox\n📥 0 تحميل\n\n3. Visual Studio Code\n📥 0 تحميل\n\n4. VLC Media Player\n📥 0 تحميل\n\n5. 7-Zip\n📥 0 تحميل\n\n6. Notepad++\n📥 0 تحميل\n\n7. Adobe Reader\n📥 0 تحميل\n\n8. WinRAR\n📥 0 تحميل\n\n9. Python 3.12\n📥 0 تحميل\n\n10. Telegram Desktop\n📥 0 تحميل')), update_id=509989899) caused error CallbackHandlers.handle_callback() missing 1 required positional argument: 'context'
Traceback (most recent call last):
  File "/data/data/com.termux/files/home/telegram-software-bot/venv/lib/python3.13/site-packages/telegram/ext/_application.py", line 1315, in process_update
    await coroutine
  File "/data/data/com.termux/files/home/telegram-software-bot/venv/lib/python3.13/site-packages/telegram/ext/_handlers/basehandler.py", line 159, in handle_update
    return await self.callback(update, context)
                 ~~~~~~~~~~~~~^^^^^^^^^^^^^^^^^
TypeError: CallbackHandlers.handle_callback() missing 1 required positional argument: 'context'
2026-06-08 17:36:29 - bot - ERROR - main:_error_handler:109 - Update Update(callback_query=CallbackQuery(chat_instance='2687171661052618728', data='info_1', from_user=User(first_name='عصام', id=1431003618, is_bot=False, language_code='ar', last_name='مرحب', username='Esam_Marhb'), id='6146113741574559032', message=Message(channel_chat_created=False, chat=Chat(first_name='عصام', id=1431003618, last_name='مرحب', type=<ChatType.PRIVATE>, username='Esam_Marhb'), date=datetime.datetime(2026, 6, 8, 14, 36, 18, tzinfo=datetime.timezone.utc), delete_chat_photo=False, entities=(MessageEntity(length=15, offset=3, type=<MessageEntityType.BOLD>), MessageEntity(length=2, offset=20, type=<MessageEntityType.BOLD>), MessageEntity(length=2, offset=49, type=<MessageEntityType.BOLD>), MessageEntity(length=2, offset=80, type=<MessageEntityType.BOLD>), MessageEntity(length=2, offset=114, type=<MessageEntityType.BOLD>), MessageEntity(length=2, offset=146, type=<MessageEntityType.BOLD>), MessageEntity(length=2, offset=167, type=<MessageEntityType.BOLD>), MessageEntity(length=2, offset=192, type=<MessageEntityType.BOLD>), MessageEntity(length=2, offset=220, type=<MessageEntityType.BOLD>), MessageEntity(length=2, offset=242, type=<MessageEntityType.BOLD>), MessageEntity(length=3, offset=269, type=<MessageEntityType.BOLD>)), from_user=User(first_name='مكتبة عصام التقنية', id=8822102096, is_bot=True, username='Esamaibot'), group_chat_created=False, message_id=283, reply_markup=InlineKeyboardMarkup(inline_keyboard=((InlineKeyboardButton(callback_data='download_1', text='📥 Google Chrome'), InlineKeyboardButton(callback_data='info_1', text='📋')), (InlineKeyboardButton(callback_data='download_2', text='📥 Mozilla Firefox'), InlineKeyboardButton(callback_data='info_2', text='📋')), (InlineKeyboardButton(callback_data='download_3', text='📥 Visual Studio Code'), InlineKeyboardButton(callback_data='info_3', text='📋')), (InlineKeyboardButton(callback_data='download_4', text='📥 VLC Media Player'), InlineKeyboardButton(callback_data='info_4', text='📋')), (InlineKeyboardButton(callback_data='download_5', text='📥 7-Zip'), InlineKeyboardButton(callback_data='info_5', text='📋')), (InlineKeyboardButton(callback_data='download_6', text='📥 Notepad++'), InlineKeyboardButton(callback_data='info_6', text='📋')), (InlineKeyboardButton(callback_data='download_7', text='📥 Adobe Reader'), InlineKeyboardButton(callback_data='info_7', text='📋')), (InlineKeyboardButton(callback_data='download_8', text='📥 WinRAR'), InlineKeyboardButton(callback_data='info_8', text='📋')), (InlineKeyboardButton(callback_data='download_9', text='📥 Python 3.12'), InlineKeyboardButton(callback_data='info_9', text='📋')), (InlineKeyboardButton(callback_data='download_10', text='📥 Telegram Desktop'), InlineKeyboardButton(callback_data='info_10', text='📋')))), supergroup_chat_created=False, text='🔥 البرامج الشائعة\n\n1. Google Chrome\n📥 0 تحميل\n\n2. Mozilla Firefox\n📥 0 تحميل\n\n3. Visual Studio Code\n📥 0 تحميل\n\n4. VLC Media Player\n📥 0 تحميل\n\n5. 7-Zip\n📥 0 تحميل\n\n6. Notepad++\n📥 0 تحميل\n\n7. Adobe Reader\n📥 0 تحميل\n\n8. WinRAR\n📥 0 تحميل\n\n9. Python 3.12\n📥 0 تحميل\n\n10. Telegram Desktop\n📥 0 تحميل')), update_id=509989900) caused error CallbackHandlers.handle_callback() missing 1 required positional argument: 'context'
Traceback (most recent call last):
  File "/data/data/com.termux/files/home/telegram-software-bot/venv/lib/python3.13/site-packages/telegram/ext/_application.py", line 1315, in process_update
    await coroutine
  File "/data/data/com.termux/files/home/telegram-software-bot/venv/lib/python3.13/site-packages/telegram/ext/_handlers/basehandler.py", line 159, in handle_update
    return await self.callback(update, context)
                 ~~~~~~~~~~~~~^^^^^^^^^^^^^^^^^
TypeError: CallbackHandlers.handle_callback() missing 1 required positional argument: 'context'
2026-06-08 17:36:40 - bot - ERROR - main:_error_handler:109 - Update Update(message=Message(channel_chat_created=False, chat=Chat(first_name='MR ARABIC', id=7343202051, type=<ChatType.PRIVATE>, username='Eeeessesej'), date=datetime.datetime(2026, 6, 8, 14, 36, 40, tzinfo=datetime.timezone.utc), delete_chat_photo=False, from_user=User(first_name='MR ARABIC', id=7343202051, is_bot=False, language_code='ar', username='Eeeessesej'), group_chat_created=False, message_id=286, supergroup_chat_created=False, text='📂 الفئات'), update_id=509989902) caused error The parameter `inline_keyboard` should be a sequence of sequences of InlineKeyboardButtons
Traceback (most recent call last):
  File "/data/data/com.termux/files/home/telegram-software-bot/venv/lib/python3.13/site-packages/telegram/ext/_application.py", line 1315, in process_update
    await coroutine
  File "/data/data/com.termux/files/home/telegram-software-bot/venv/lib/python3.13/site-packages/telegram/ext/_handlers/basehandler.py", line 159, in handle_update
    return await self.callback(update, context)
           ^^^^^^^^^^^^^^^^^^^^^^^^^^^^^^^^^^^^
  File "/data/data/com.termux/files/home/telegram-software-bot/handlers/user_handlers.py", line 191, in handle_message
    await self.categories_command(update, context)
  File "/data/data/com.termux/files/home/telegram-software-bot/handlers/user_handlers.py", line 531, in categories_command
    reply_markup=InlineKeyboardMarkup(keyboard_rows),
                 ~~~~~~~~~~~~~~~~~~~~^^^^^^^^^^^^^^^
  File "/data/data/com.termux/files/home/telegram-software-bot/venv/lib/python3.13/site-packages/telegram/_inline/inlinekeyboardmarkup.py", line 81, in __init__
    raise ValueError(
    ...<2 lines>...
    )
ValueError: The parameter `inline_keyboard` should be a sequence of sequences of InlineKeyboardButtons
2026-06-08 17:36:47 - bot - ERROR - main:_error_handler:109 - Update Update(callback_query=CallbackQuery(chat_instance='-8945146770639412258', data='info_6', from_user=User(first_name='MR ARABIC', id=7343202051, is_bot=False, language_code='ar', username='Eeeessesej'), id='3868696547041767914', message=Message(channel_chat_created=False, chat=Chat(first_name='MR ARABIC', id=7343202051, type=<ChatType.PRIVATE>, username='Eeeessesej'), date=datetime.datetime(2026, 6, 8, 14, 36, 46, tzinfo=datetime.timezone.utc), delete_chat_photo=False, entities=(MessageEntity(length=15, offset=3, type=<MessageEntityType.BOLD>), MessageEntity(length=2, offset=20, type=<MessageEntityType.BOLD>), MessageEntity(length=2, offset=49, type=<MessageEntityType.BOLD>), MessageEntity(length=2, offset=80, type=<MessageEntityType.BOLD>), MessageEntity(length=2, offset=114, type=<MessageEntityType.BOLD>), MessageEntity(length=2, offset=146, type=<MessageEntityType.BOLD>), MessageEntity(length=2, offset=167, type=<MessageEntityType.BOLD>), MessageEntity(length=2, offset=192, type=<MessageEntityType.BOLD>), MessageEntity(length=2, offset=220, type=<MessageEntityType.BOLD>), MessageEntity(length=2, offset=242, type=<MessageEntityType.BOLD>), MessageEntity(length=3, offset=269, type=<MessageEntityType.BOLD>)), from_user=User(first_name='مكتبة عصام التقنية', id=8822102096, is_bot=True, username='Esamaibot'), group_chat_created=False, message_id=290, reply_markup=InlineKeyboardMarkup(inline_keyboard=((InlineKeyboardButton(callback_data='download_1', text='📥 Google Chrome'), InlineKeyboardButton(callback_data='info_1', text='📋')), (InlineKeyboardButton(callback_data='download_2', text='📥 Mozilla Firefox'), InlineKeyboardButton(callback_data='info_2', text='📋')), (InlineKeyboardButton(callback_data='download_3', text='📥 Visual Studio Code'), InlineKeyboardButton(callback_data='info_3', text='📋')), (InlineKeyboardButton(callback_data='download_4', text='📥 VLC Media Player'), InlineKeyboardButton(callback_data='info_4', text='📋')), (InlineKeyboardButton(callback_data='download_5', text='📥 7-Zip'), InlineKeyboardButton(callback_data='info_5', text='📋')), (InlineKeyboardButton(callback_data='download_6', text='📥 Notepad++'), InlineKeyboardButton(callback_data='info_6', text='📋')), (InlineKeyboardButton(callback_data='download_7', text='📥 Adobe Reader'), InlineKeyboardButton(callback_data='info_7', text='📋')), (InlineKeyboardButton(callback_data='download_8', text='📥 WinRAR'), InlineKeyboardButton(callback_data='info_8', text='📋')), (InlineKeyboardButton(callback_data='download_9', text='📥 Python 3.12'), InlineKeyboardButton(callback_data='info_9', text='📋')), (InlineKeyboardButton(callback_data='download_10', text='📥 Telegram Desktop'), InlineKeyboardButton(callback_data='info_10', text='📋')))), supergroup_chat_created=False, text='🔥 البرامج الشائعة\n\n1. Google Chrome\n📥 0 تحميل\n\n2. Mozilla Firefox\n📥 0 تحميل\n\n3. Visual Studio Code\n📥 0 تحميل\n\n4. VLC Media Player\n📥 0 تحميل\n\n5. 7-Zip\n📥 0 تحميل\n\n6. Notepad++\n📥 0 تحميل\n\n7. Adobe Reader\n📥 0 تحميل\n\n8. WinRAR\n📥 0 تحميل\n\n9. Python 3.12\n📥 0 تحميل\n\n10. Telegram Desktop\n📥 0 تحميل')), update_id=509989905) caused error CallbackHandlers.handle_callback() missing 1 required positional argument: 'context'
Traceback (most recent call last):
  File "/data/data/com.termux/files/home/telegram-software-bot/venv/lib/python3.13/site-packages/telegram/ext/_application.py", line 1315, in process_update
    await coroutine
  File "/data/data/com.termux/files/home/telegram-software-bot/venv/lib/python3.13/site-packages/telegram/ext/_handlers/basehandler.py", line 159, in handle_update
    return await self.callback(update, context)
                 ~~~~~~~~~~~~~^^^^^^^^^^^^^^^^^
TypeError: CallbackHandlers.handle_callback() missing 1 required positional argument: 'context'
2026-06-08 17:36:49 - bot - ERROR - main:_error_handler:109 - Update Update(callback_query=CallbackQuery(chat_instance='-8945146770639412258', data='download_8', from_user=User(first_name='MR ARABIC', id=7343202051, is_bot=False, language_code='ar', username='Eeeessesej'), id='3868696546597177411', message=Message(channel_chat_created=False, chat=Chat(first_name='MR ARABIC', id=7343202051, type=<ChatType.PRIVATE>, username='Eeeessesej'), date=datetime.datetime(2026, 6, 8, 14, 36, 46, tzinfo=datetime.timezone.utc), delete_chat_photo=False, entities=(MessageEntity(length=15, offset=3, type=<MessageEntityType.BOLD>), MessageEntity(length=2, offset=20, type=<MessageEntityType.BOLD>), MessageEntity(length=2, offset=49, type=<MessageEntityType.BOLD>), MessageEntity(length=2, offset=80, type=<MessageEntityType.BOLD>), MessageEntity(length=2, offset=114, type=<MessageEntityType.BOLD>), MessageEntity(length=2, offset=146, type=<MessageEntityType.BOLD>), MessageEntity(length=2, offset=167, type=<MessageEntityType.BOLD>), MessageEntity(length=2, offset=192, type=<MessageEntityType.BOLD>), MessageEntity(length=2, offset=220, type=<MessageEntityType.BOLD>), MessageEntity(length=2, offset=242, type=<MessageEntityType.BOLD>), MessageEntity(length=3, offset=269, type=<MessageEntityType.BOLD>)), from_user=User(first_name='مكتبة عصام التقنية', id=8822102096, is_bot=True, username='Esamaibot'), group_chat_created=False, message_id=290, reply_markup=InlineKeyboardMarkup(inline_keyboard=((InlineKeyboardButton(callback_data='download_1', text='📥 Google Chrome'), InlineKeyboardButton(callback_data='info_1', text='📋')), (InlineKeyboardButton(callback_data='download_2', text='📥 Mozilla Firefox'), InlineKeyboardButton(callback_data='info_2', text='📋')), (InlineKeyboardButton(callback_data='download_3', text='📥 Visual Studio Code'), InlineKeyboardButton(callback_data='info_3', text='📋')), (InlineKeyboardButton(callback_data='download_4', text='📥 VLC Media Player'), InlineKeyboardButton(callback_data='info_4', text='📋')), (InlineKeyboardButton(callback_data='download_5', text='📥 7-Zip'), InlineKeyboardButton(callback_data='info_5', text='📋')), (InlineKeyboardButton(callback_data='download_6', text='📥 Notepad++'), InlineKeyboardButton(callback_data='info_6', text='📋')), (InlineKeyboardButton(callback_data='download_7', text='📥 Adobe Reader'), InlineKeyboardButton(callback_data='info_7', text='📋')), (InlineKeyboardButton(callback_data='download_8', text='📥 WinRAR'), InlineKeyboardButton(callback_data='info_8', text='📋')), (InlineKeyboardButton(callback_data='download_9', text='📥 Python 3.12'), InlineKeyboardButton(callback_data='info_9', text='📋')), (InlineKeyboardButton(callback_data='download_10', text='📥 Telegram Desktop'), InlineKeyboardButton(callback_data='info_10', text='📋')))), supergroup_chat_created=False, text='🔥 البرامج الشائعة\n\n1. Google Chrome\n📥 0 تحميل\n\n2. Mozilla Firefox\n📥 0 تحميل\n\n3. Visual Studio Code\n📥 0 تحميل\n\n4. VLC Media Player\n📥 0 تحميل\n\n5. 7-Zip\n📥 0 تحميل\n\n6. Notepad++\n📥 0 تحميل\n\n7. Adobe Reader\n📥 0 تحميل\n\n8. WinRAR\n📥 0 تحميل\n\n9. Python 3.12\n📥 0 تحميل\n\n10. Telegram Desktop\n📥 0 تحميل')), update_id=509989906) caused error CallbackHandlers.handle_callback() missing 1 required positional argument: 'context'
Traceback (most recent call last):
  File "/data/data/com.termux/files/home/telegram-software-bot/venv/lib/python3.13/site-packages/telegram/ext/_application.py", line 1315, in process_update
    await coroutine
  File "/data/data/com.termux/files/home/telegram-software-bot/venv/lib/python3.13/site-packages/telegram/ext/_handlers/basehandler.py", line 159, in handle_update
    return await self.callback(update, context)
                 ~~~~~~~~~~~~~^^^^^^^^^^^^^^^^^
TypeError: CallbackHandlers.handle_callback() missing 1 required positional argument: 'context'
2026-06-08 17:37:00 - bot - ERROR - main:_error_handler:109 - Update Update(message=Message(channel_chat_created=False, chat=Chat(first_name='عصام', id=1431003618, last_name='مرحب', type=<ChatType.PRIVATE>, username='Esam_Marhb'), date=datetime.datetime(2026, 6, 8, 14, 36, 59, tzinfo=datetime.timezone.utc), delete_chat_photo=False, from_user=User(first_name='عصام', id=1431003618, is_bot=False, language_code='ar', last_name='مرحب', username='Esam_Marhb'), group_chat_created=False, message_id=293, supergroup_chat_created=False, text='Zip'), update_id=509989908) caused error Can't parse entities: character '.' is reserved and must be escaped with the preceding '\'
Traceback (most recent call last):
  File "/data/data/com.termux/files/home/telegram-software-bot/venv/lib/python3.13/site-packages/telegram/ext/_application.py", line 1315, in process_update
    await coroutine
  File "/data/data/com.termux/files/home/telegram-software-bot/venv/lib/python3.13/site-packages/telegram/ext/_handlers/basehandler.py", line 159, in handle_update
    return await self.callback(update, context)
           ^^^^^^^^^^^^^^^^^^^^^^^^^^^^^^^^^^^^
  File "/data/data/com.termux/files/home/telegram-software-bot/handlers/user_handlers.py", line 209, in handle_message
    await self._perform_search(
        update, context, sanitized_text, user.id
    )
  File "/data/data/com.termux/files/home/telegram-software-bot/handlers/user_handlers.py", line 253, in _perform_search
    searching_msg = await update.message.reply_text(
                    ^^^^^^^^^^^^^^^^^^^^^^^^^^^^^^^^
    ...<2 lines>...
    )
    ^
  File "/data/data/com.termux/files/home/telegram-software-bot/venv/lib/python3.13/site-packages/telegram/_message.py", line 2106, in reply_text
    return await self.get_bot().send_message(
           ^^^^^^^^^^^^^^^^^^^^^^^^^^^^^^^^^^
    ...<21 lines>...
    )
    ^
  File "/data/data/com.termux/files/home/telegram-software-bot/venv/lib/python3.13/site-packages/telegram/ext/_extbot.py", line 3118, in send_message
    return await super().send_message(
           ^^^^^^^^^^^^^^^^^^^^^^^^^^^
    ...<23 lines>...
    )
    ^
  File "/data/data/com.termux/files/home/telegram-software-bot/venv/lib/python3.13/site-packages/telegram/_bot.py", line 1123, in send_message
    return await self._send_message(
           ^^^^^^^^^^^^^^^^^^^^^^^^^
    ...<21 lines>...
    )
    ^
  File "/data/data/com.termux/files/home/telegram-software-bot/venv/lib/python3.13/site-packages/telegram/ext/_extbot.py", line 630, in _send_message
    result = await super()._send_message(
             ^^^^^^^^^^^^^^^^^^^^^^^^^^^^
    ...<23 lines>...
    )
    ^
  File "/data/data/com.termux/files/home/telegram-software-bot/venv/lib/python3.13/site-packages/telegram/_bot.py", line 820, in _send_message
    result = await self._post(
             ^^^^^^^^^^^^^^^^^
    ...<7 lines>...
    )
    ^
  File "/data/data/com.termux/files/home/telegram-software-bot/venv/lib/python3.13/site-packages/telegram/_bot.py", line 704, in _post
    return await self._do_post(
           ^^^^^^^^^^^^^^^^^^^^
    ...<6 lines>...
    )
    ^
  File "/data/data/com.termux/files/home/telegram-software-bot/venv/lib/python3.13/site-packages/telegram/ext/_extbot.py", line 370, in _do_post
    return await super()._do_post(
           ^^^^^^^^^^^^^^^^^^^^^^^
    ...<6 lines>...
    )
    ^
  File "/data/data/com.termux/files/home/telegram-software-bot/venv/lib/python3.13/site-packages/telegram/_bot.py", line 733, in _do_post
    result = await request.post(
             ^^^^^^^^^^^^^^^^^^^
    ...<6 lines>...
    )
    ^
  File "/data/data/com.termux/files/home/telegram-software-bot/venv/lib/python3.13/site-packages/telegram/request/_baserequest.py", line 198, in post
    result = await self._request_wrapper(
             ^^^^^^^^^^^^^^^^^^^^^^^^^^^^
    ...<7 lines>...
    )
    ^
  File "/data/data/com.termux/files/home/telegram-software-bot/venv/lib/python3.13/site-packages/telegram/request/_baserequest.py", line 375, in _request_wrapper
    raise exception
telegram.error.BadRequest: Can't parse entities: character '.' is reserved and must be escaped with the preceding '\'
2026-06-08 17:37:11 - bot - ERROR - main:_error_handler:109 - Update Update(message=Message(channel_chat_created=False, chat=Chat(first_name='عصام', id=1431003618, last_name='مرحب', type=<ChatType.PRIVATE>, username='Esam_Marhb'), date=datetime.datetime(2026, 6, 8, 14, 37, 11, tzinfo=datetime.timezone.utc), delete_chat_photo=False, entities=(MessageEntity(length=7, offset=0, type=<MessageEntityType.BOT_COMMAND>),), from_user=User(first_name='عصام', id=1431003618, is_bot=False, language_code='ar', last_name='مرحب', username='Esam_Marhb'), group_chat_created=False, message_id=296, supergroup_chat_created=False, text='/search Chrome'), update_id=509989910) caused error Can't parse entities: character '.' is reserved and must be escaped with the preceding '\'
Traceback (most recent call last):
  File "/data/data/com.termux/files/home/telegram-software-bot/venv/lib/python3.13/site-packages/telegram/ext/_application.py", line 1315, in process_update
    await coroutine
  File "/data/data/com.termux/files/home/telegram-software-bot/venv/lib/python3.13/site-packages/telegram/ext/_handlers/basehandler.py", line 159, in handle_update
    return await self.callback(update, context)
           ^^^^^^^^^^^^^^^^^^^^^^^^^^^^^^^^^^^^
  File "/data/data/com.termux/files/home/telegram-software-bot/handlers/user_handlers.py", line 232, in search_command
    await self._perform_search(
        update, context, sanitized_query, update.effective_user.id
    )
  File "/data/data/com.termux/files/home/telegram-software-bot/handlers/user_handlers.py", line 253, in _perform_search
    searching_msg = await update.message.reply_text(
                    ^^^^^^^^^^^^^^^^^^^^^^^^^^^^^^^^
    ...<2 lines>...
    )
    ^
  File "/data/data/com.termux/files/home/telegram-software-bot/venv/lib/python3.13/site-packages/telegram/_message.py", line 2106, in reply_text
    return await self.get_bot().send_message(
           ^^^^^^^^^^^^^^^^^^^^^^^^^^^^^^^^^^
    ...<21 lines>...
    )
    ^
  File "/data/data/com.termux/files/home/telegram-software-bot/venv/lib/python3.13/site-packages/telegram/ext/_extbot.py", line 3118, in send_message
    return await super().send_message(
           ^^^^^^^^^^^^^^^^^^^^^^^^^^^
    ...<23 lines>...
    )
    ^
  File "/data/data/com.termux/files/home/telegram-software-bot/venv/lib/python3.13/site-packages/telegram/_bot.py", line 1123, in send_message
    return await self._send_message(
           ^^^^^^^^^^^^^^^^^^^^^^^^^
    ...<21 lines>...
    )
    ^
  File "/data/data/com.termux/files/home/telegram-software-bot/venv/lib/python3.13/site-packages/telegram/ext/_extbot.py", line 630, in _send_message
    result = await super()._send_message(
             ^^^^^^^^^^^^^^^^^^^^^^^^^^^^
    ...<23 lines>...
    )
    ^
  File "/data/data/com.termux/files/home/telegram-software-bot/venv/lib/python3.13/site-packages/telegram/_bot.py", line 820, in _send_message
    result = await self._post(
             ^^^^^^^^^^^^^^^^^
    ...<7 lines>...
    )
    ^
  File "/data/data/com.termux/files/home/telegram-software-bot/venv/lib/python3.13/site-packages/telegram/_bot.py", line 704, in _post
    return await self._do_post(
           ^^^^^^^^^^^^^^^^^^^^
    ...<6 lines>...
    )
    ^
  File "/data/data/com.termux/files/home/telegram-software-bot/venv/lib/python3.13/site-packages/telegram/ext/_extbot.py", line 370, in _do_post
    return await super()._do_post(
           ^^^^^^^^^^^^^^^^^^^^^^^
    ...<6 lines>...
    )
    ^
  File "/data/data/com.termux/files/home/telegram-software-bot/venv/lib/python3.13/site-packages/telegram/_bot.py", line 733, in _do_post
    result = await request.post(
             ^^^^^^^^^^^^^^^^^^^
    ...<6 lines>...
    )
    ^
  File "/data/data/com.termux/files/home/telegram-software-bot/venv/lib/python3.13/site-packages/telegram/request/_baserequest.py", line 198, in post
    result = await self._request_wrapper(
             ^^^^^^^^^^^^^^^^^^^^^^^^^^^^
    ...<7 lines>...
    )
    ^
  File "/data/data/com.termux/files/home/telegram-software-bot/venv/lib/python3.13/site-packages/telegram/request/_baserequest.py", line 375, in _request_wrapper
    raise exception
telegram.error.BadRequest: Can't parse entities: character '.' is reserved and must be escaped with the preceding '\'
2026-06-08 17:37:18 - bot - ERROR - main:_error_handler:109 - Update Update(message=Message(channel_chat_created=False, chat=Chat(first_name='عصام', id=1431003618, last_name='مرحب', type=<ChatType.PRIVATE>, username='Esam_Marhb'), date=datetime.datetime(2026, 6, 8, 14, 37, 17, tzinfo=datetime.timezone.utc), delete_chat_photo=False, from_user=User(first_name='عصام', id=1431003618, is_bot=False, language_code='ar', last_name='مرحب', username='Esam_Marhb'), group_chat_created=False, message_id=297, supergroup_chat_created=False, text='Chrome'), update_id=509989911) caused error Can't parse entities: character '.' is reserved and must be escaped with the preceding '\'
Traceback (most recent call last):
  File "/data/data/com.termux/files/home/telegram-software-bot/venv/lib/python3.13/site-packages/telegram/ext/_application.py", line 1315, in process_update
    await coroutine
  File "/data/data/com.termux/files/home/telegram-software-bot/venv/lib/python3.13/site-packages/telegram/ext/_handlers/basehandler.py", line 159, in handle_update
    return await self.callback(update, context)
           ^^^^^^^^^^^^^^^^^^^^^^^^^^^^^^^^^^^^
  File "/data/data/com.termux/files/home/telegram-software-bot/handlers/user_handlers.py", line 209, in handle_message
    await self._perform_search(
        update, context, sanitized_text, user.id
    )
  File "/data/data/com.termux/files/home/telegram-software-bot/handlers/user_handlers.py", line 253, in _perform_search
    searching_msg = await update.message.reply_text(
                    ^^^^^^^^^^^^^^^^^^^^^^^^^^^^^^^^
    ...<2 lines>...
    )
    ^
  File "/data/data/com.termux/files/home/telegram-software-bot/venv/lib/python3.13/site-packages/telegram/_message.py", line 2106, in reply_text
    return await self.get_bot().send_message(
           ^^^^^^^^^^^^^^^^^^^^^^^^^^^^^^^^^^
    ...<21 lines>...
    )
    ^
  File "/data/data/com.termux/files/home/telegram-software-bot/venv/lib/python3.13/site-packages/telegram/ext/_extbot.py", line 3118, in send_message
    return await super().send_message(
           ^^^^^^^^^^^^^^^^^^^^^^^^^^^
    ...<23 lines>...
    )
    ^
  File "/data/data/com.termux/files/home/telegram-software-bot/venv/lib/python3.13/site-packages/telegram/_bot.py", line 1123, in send_message
    return await self._send_message(
           ^^^^^^^^^^^^^^^^^^^^^^^^^
    ...<21 lines>...
    )
    ^
  File "/data/data/com.termux/files/home/telegram-software-bot/venv/lib/python3.13/site-packages/telegram/ext/_extbot.py", line 630, in _send_message
    result = await super()._send_message(
             ^^^^^^^^^^^^^^^^^^^^^^^^^^^^
    ...<23 lines>...
    )
    ^
  File "/data/data/com.termux/files/home/telegram-software-bot/venv/lib/python3.13/site-packages/telegram/_bot.py", line 820, in _send_message
    result = await self._post(
             ^^^^^^^^^^^^^^^^^
    ...<7 lines>...
    )
    ^
  File "/data/data/com.termux/files/home/telegram-software-bot/venv/lib/python3.13/site-packages/telegram/_bot.py", line 704, in _post
    return await self._do_post(
           ^^^^^^^^^^^^^^^^^^^^
    ...<6 lines>...
    )
    ^
  File "/data/data/com.termux/files/home/telegram-software-bot/venv/lib/python3.13/site-packages/telegram/ext/_extbot.py", line 370, in _do_post
    return await super()._do_post(
           ^^^^^^^^^^^^^^^^^^^^^^^
    ...<6 lines>...
    )
    ^
  File "/data/data/com.termux/files/home/telegram-software-bot/venv/lib/python3.13/site-packages/telegram/_bot.py", line 733, in _do_post
    result = await request.post(
             ^^^^^^^^^^^^^^^^^^^
    ...<6 lines>...
    )
    ^
  File "/data/data/com.termux/files/home/telegram-software-bot/venv/lib/python3.13/site-packages/telegram/request/_baserequest.py", line 198, in post
    result = await self._request_wrapper(
             ^^^^^^^^^^^^^^^^^^^^^^^^^^^^
    ...<7 lines>...
    )
    ^
  File "/data/data/com.termux/files/home/telegram-software-bot/venv/lib/python3.13/site-packages/telegram/request/_baserequest.py", line 375, in _request_wrapper
    raise exception
telegram.error.BadRequest: Can't parse entities: character '.' is reserved and must be escaped with the preceding '\'
2026-06-08 17:37:23 - bot - ERROR - main:_error_handler:109 - Update Update(message=Message(channel_chat_created=False, chat=Chat(first_name='عصام', id=1431003618, last_name='مرحب', type=<ChatType.PRIVATE>, username='Esam_Marhb'), date=datetime.datetime(2026, 6, 8, 14, 37, 23, tzinfo=datetime.timezone.utc), delete_chat_photo=False, from_user=User(first_name='عصام', id=1431003618, is_bot=False, language_code='ar', last_name='مرحب', username='Esam_Marhb'), group_chat_created=False, message_id=300, supergroup_chat_created=False, text='Chrome'), update_id=509989913) caused error Can't parse entities: character '.' is reserved and must be escaped with the preceding '\'
Traceback (most recent call last):
  File "/data/data/com.termux/files/home/telegram-software-bot/venv/lib/python3.13/site-packages/telegram/ext/_application.py", line 1315, in process_update
    await coroutine
  File "/data/data/com.termux/files/home/telegram-software-bot/venv/lib/python3.13/site-packages/telegram/ext/_handlers/basehandler.py", line 159, in handle_update
    return await self.callback(update, context)
           ^^^^^^^^^^^^^^^^^^^^^^^^^^^^^^^^^^^^
  File "/data/data/com.termux/files/home/telegram-software-bot/handlers/user_handlers.py", line 209, in handle_message
    await self._perform_search(
        update, context, sanitized_text, user.id
    )
  File "/data/data/com.termux/files/home/telegram-software-bot/handlers/user_handlers.py", line 253, in _perform_search
    searching_msg = await update.message.reply_text(
                    ^^^^^^^^^^^^^^^^^^^^^^^^^^^^^^^^
    ...<2 lines>...
    )
    ^
  File "/data/data/com.termux/files/home/telegram-software-bot/venv/lib/python3.13/site-packages/telegram/_message.py", line 2106, in reply_text
    return await self.get_bot().send_message(
           ^^^^^^^^^^^^^^^^^^^^^^^^^^^^^^^^^^
    ...<21 lines>...
    )
    ^
  File "/data/data/com.termux/files/home/telegram-software-bot/venv/lib/python3.13/site-packages/telegram/ext/_extbot.py", line 3118, in send_message
    return await super().send_message(
           ^^^^^^^^^^^^^^^^^^^^^^^^^^^
    ...<23 lines>...
    )
    ^
  File "/data/data/com.termux/files/home/telegram-software-bot/venv/lib/python3.13/site-packages/telegram/_bot.py", line 1123, in send_message
    return await self._send_message(
           ^^^^^^^^^^^^^^^^^^^^^^^^^
    ...<21 lines>...
    )
    ^
  File "/data/data/com.termux/files/home/telegram-software-bot/venv/lib/python3.13/site-packages/telegram/ext/_extbot.py", line 630, in _send_message
    result = await super()._send_message(
             ^^^^^^^^^^^^^^^^^^^^^^^^^^^^
    ...<23 lines>...
    )
    ^
  File "/data/data/com.termux/files/home/telegram-software-bot/venv/lib/python3.13/site-packages/telegram/_bot.py", line 820, in _send_message
    result = await self._post(
             ^^^^^^^^^^^^^^^^^
    ...<7 lines>...
    )
    ^
  File "/data/data/com.termux/files/home/telegram-software-bot/venv/lib/python3.13/site-packages/telegram/_bot.py", line 704, in _post
    return await self._do_post(
           ^^^^^^^^^^^^^^^^^^^^
    ...<6 lines>...
    )
    ^
  File "/data/data/com.termux/files/home/telegram-software-bot/venv/lib/python3.13/site-packages/telegram/ext/_extbot.py", line 370, in _do_post
    return await super()._do_post(
           ^^^^^^^^^^^^^^^^^^^^^^^
    ...<6 lines>...
    )
    ^
  File "/data/data/com.termux/files/home/telegram-software-bot/venv/lib/python3.13/site-packages/telegram/_bot.py", line 733, in _do_post
    result = await request.post(
             ^^^^^^^^^^^^^^^^^^^
    ...<6 lines>...
    )
    ^
  File "/data/data/com.termux/files/home/telegram-software-bot/venv/lib/python3.13/site-packages/telegram/request/_baserequest.py", line 198, in post
    result = await self._request_wrapper(
             ^^^^^^^^^^^^^^^^^^^^^^^^^^^^
    ...<7 lines>...
    )
    ^
  File "/data/data/com.termux/files/home/telegram-software-bot/venv/lib/python3.13/site-packages/telegram/request/_baserequest.py", line 375, in _request_wrapper
    raise exception
telegram.error.BadRequest: Can't parse entities: character '.' is reserved and must be escaped with the preceding '\'
2026-06-08 17:40:55 - bot - INFO - main:stop:166 - Stopping bot...
2026-06-08 17:40:56 - bot - INFO - main:stop:182 - Bot stopped successfully
2026-06-08 17:41:07 - bot - INFO - main:initialize:52 - Initializing bot components...
2026-06-08 17:41:07 - bot - INFO - main:initialize:57 - Database initialized
2026-06-08 17:41:07 - bot - INFO - main:initialize:62 - Cache initialized
2026-06-08 17:41:07 - bot - INFO - main:_register_handlers:101 - Handlers registered
2026-06-08 17:41:07 - bot - INFO - main:initialize:81 - Bot initialized successfully
2026-06-08 17:41:07 - bot - INFO - main:start:136 - Starting bot...
2026-06-08 17:41:08 - bot - INFO - main:start:147 - Bot started successfully
2026-06-08 17:41:08 - bot - INFO - main:start:148 - Bot username: @Esamaibot
2026-06-08 17:41:25 - bot - ERROR - main:_error_handler:109 - Update Update(message=Message(channel_chat_created=False, chat=Chat(first_name='عصام', id=1431003618, last_name='مرحب', type=<ChatType.PRIVATE>, username='Esam_Marhb'), date=datetime.datetime(2026, 6, 8, 14, 41, 25, tzinfo=datetime.timezone.utc), delete_chat_photo=False, from_user=User(first_name='عصام', id=1431003618, is_bot=False, language_code='ar', last_name='مرحب', username='Esam_Marhb'), group_chat_created=False, message_id=305, supergroup_chat_created=False, text='Chrome'), update_id=509989916) caused error Can't parse entities: character '.' is reserved and must be escaped with the preceding '\'
Traceback (most recent call last):
  File "/data/data/com.termux/files/home/telegram-software-bot/venv/lib/python3.13/site-packages/telegram/ext/_application.py", line 1315, in process_update
    await coroutine
  File "/data/data/com.termux/files/home/telegram-software-bot/venv/lib/python3.13/site-packages/telegram/ext/_handlers/basehandler.py", line 159, in handle_update
    return await self.callback(update, context)
           ^^^^^^^^^^^^^^^^^^^^^^^^^^^^^^^^^^^^
  File "/data/data/com.termux/files/home/telegram-software-bot/handlers/user_handlers.py", line 209, in handle_message
    await self._perform_search(
        update, context, sanitized_text, user.id
    )
  File "/data/data/com.termux/files/home/telegram-software-bot/handlers/user_handlers.py", line 253, in _perform_search
    searching_msg = await update.message.reply_text(
                    ^^^^^^^^^^^^^^^^^^^^^^^^^^^^^^^^
    ...<2 lines>...
    )
    ^
  File "/data/data/com.termux/files/home/telegram-software-bot/venv/lib/python3.13/site-packages/telegram/_message.py", line 2106, in reply_text
    return await self.get_bot().send_message(
           ^^^^^^^^^^^^^^^^^^^^^^^^^^^^^^^^^^
    ...<21 lines>...
    )
    ^
  File "/data/data/com.termux/files/home/telegram-software-bot/venv/lib/python3.13/site-packages/telegram/ext/_extbot.py", line 3118, in send_message
    return await super().send_message(
           ^^^^^^^^^^^^^^^^^^^^^^^^^^^
    ...<23 lines>...
    )
    ^
  File "/data/data/com.termux/files/home/telegram-software-bot/venv/lib/python3.13/site-packages/telegram/_bot.py", line 1123, in send_message
    return await self._send_message(
           ^^^^^^^^^^^^^^^^^^^^^^^^^
    ...<21 lines>...
    )
    ^
  File "/data/data/com.termux/files/home/telegram-software-bot/venv/lib/python3.13/site-packages/telegram/ext/_extbot.py", line 630, in _send_message
    result = await super()._send_message(
             ^^^^^^^^^^^^^^^^^^^^^^^^^^^^
    ...<23 lines>...
    )
    ^
  File "/data/data/com.termux/files/home/telegram-software-bot/venv/lib/python3.13/site-packages/telegram/_bot.py", line 820, in _send_message
    result = await self._post(
             ^^^^^^^^^^^^^^^^^
    ...<7 lines>...
    )
    ^
  File "/data/data/com.termux/files/home/telegram-software-bot/venv/lib/python3.13/site-packages/telegram/_bot.py", line 704, in _post
    return await self._do_post(
           ^^^^^^^^^^^^^^^^^^^^
    ...<6 lines>...
    )
    ^
  File "/data/data/com.termux/files/home/telegram-software-bot/venv/lib/python3.13/site-packages/telegram/ext/_extbot.py", line 370, in _do_post
    return await super()._do_post(
           ^^^^^^^^^^^^^^^^^^^^^^^
    ...<6 lines>...
    )
    ^
  File "/data/data/com.termux/files/home/telegram-software-bot/venv/lib/python3.13/site-packages/telegram/_bot.py", line 733, in _do_post
    result = await request.post(
             ^^^^^^^^^^^^^^^^^^^
    ...<6 lines>...
    )
    ^
  File "/data/data/com.termux/files/home/telegram-software-bot/venv/lib/python3.13/site-packages/telegram/request/_baserequest.py", line 198, in post
    result = await self._request_wrapper(
             ^^^^^^^^^^^^^^^^^^^^^^^^^^^^
    ...<7 lines>...
    )
    ^
  File "/data/data/com.termux/files/home/telegram-software-bot/venv/lib/python3.13/site-packages/telegram/request/_baserequest.py", line 375, in _request_wrapper
    raise exception
telegram.error.BadRequest: Can't parse entities: character '.' is reserved and must be escaped with the preceding '\'
2026-06-08 17:41:30 - bot - ERROR - main:_error_handler:109 - Update Update(message=Message(channel_chat_created=False, chat=Chat(first_name='عصام', id=1431003618, last_name='مرحب', type=<ChatType.PRIVATE>, username='Esam_Marhb'), date=datetime.datetime(2026, 6, 8, 14, 41, 30, tzinfo=datetime.timezone.utc), delete_chat_photo=False, entities=(MessageEntity(length=6, offset=0, type=<MessageEntityType.BOT_COMMAND>),), from_user=User(first_name='عصام', id=1431003618, is_bot=False, language_code='ar', last_name='مرحب', username='Esam_Marhb'), group_chat_created=False, message_id=306, supergroup_chat_created=False, text='/admin'), update_id=509989917) caused error Can't parse entities: character '.' is reserved and must be escaped with the preceding '\'
Traceback (most recent call last):
  File "/data/data/com.termux/files/home/telegram-software-bot/venv/lib/python3.13/site-packages/telegram/ext/_application.py", line 1315, in process_update
    await coroutine
  File "/data/data/com.termux/files/home/telegram-software-bot/venv/lib/python3.13/site-packages/telegram/ext/_handlers/basehandler.py", line 159, in handle_update
    return await self.callback(update, context)
           ^^^^^^^^^^^^^^^^^^^^^^^^^^^^^^^^^^^^
  File "/data/data/com.termux/files/home/telegram-software-bot/handlers/admin_handlers.py", line 50, in admin_command
    await update.message.reply_text(
    ...<3 lines>...
    )
  File "/data/data/com.termux/files/home/telegram-software-bot/venv/lib/python3.13/site-packages/telegram/_message.py", line 2106, in reply_text
    return await self.get_bot().send_message(
           ^^^^^^^^^^^^^^^^^^^^^^^^^^^^^^^^^^
    ...<21 lines>...
    )
    ^
  File "/data/data/com.termux/files/home/telegram-software-bot/venv/lib/python3.13/site-packages/telegram/ext/_extbot.py", line 3118, in send_message
    return await super().send_message(
           ^^^^^^^^^^^^^^^^^^^^^^^^^^^
    ...<23 lines>...
    )
    ^
  File "/data/data/com.termux/files/home/telegram-software-bot/venv/lib/python3.13/site-packages/telegram/_bot.py", line 1123, in send_message
    return await self._send_message(
           ^^^^^^^^^^^^^^^^^^^^^^^^^
    ...<21 lines>...
    )
    ^
  File "/data/data/com.termux/files/home/telegram-software-bot/venv/lib/python3.13/site-packages/telegram/ext/_extbot.py", line 630, in _send_message
    result = await super()._send_message(
             ^^^^^^^^^^^^^^^^^^^^^^^^^^^^
    ...<23 lines>...
    )
    ^
  File "/data/data/com.termux/files/home/telegram-software-bot/venv/lib/python3.13/site-packages/telegram/_bot.py", line 820, in _send_message
    result = await self._post(
             ^^^^^^^^^^^^^^^^^
    ...<7 lines>...
    )
    ^
  File "/data/data/com.termux/files/home/telegram-software-bot/venv/lib/python3.13/site-packages/telegram/_bot.py", line 704, in _post
    return await self._do_post(
           ^^^^^^^^^^^^^^^^^^^^
    ...<6 lines>...
    )
    ^
  File "/data/data/com.termux/files/home/telegram-software-bot/venv/lib/python3.13/site-packages/telegram/ext/_extbot.py", line 370, in _do_post
    return await super()._do_post(
           ^^^^^^^^^^^^^^^^^^^^^^^
    ...<6 lines>...
    )
    ^
  File "/data/data/com.termux/files/home/telegram-software-bot/venv/lib/python3.13/site-packages/telegram/_bot.py", line 733, in _do_post
    result = await request.post(
             ^^^^^^^^^^^^^^^^^^^
    ...<6 lines>...
    )
    ^
  File "/data/data/com.termux/files/home/telegram-software-bot/venv/lib/python3.13/site-packages/telegram/request/_baserequest.py", line 198, in post
    result = await self._request_wrapper(
             ^^^^^^^^^^^^^^^^^^^^^^^^^^^^
    ...<7 lines>...
    )
    ^
  File "/data/data/com.termux/files/home/telegram-software-bot/venv/lib/python3.13/site-packages/telegram/request/_baserequest.py", line 375, in _request_wrapper
    raise exception
telegram.error.BadRequest: Can't parse entities: character '.' is reserved and must be escaped with the preceding '\'
2026-06-08 17:41:43 - bot - ERROR - main:_error_handler:109 - Update Update(message=Message(channel_chat_created=False, chat=Chat(first_name='عصام', id=1431003618, last_name='مرحب', type=<ChatType.PRIVATE>, username='Esam_Marhb'), date=datetime.datetime(2026, 6, 8, 14, 41, 43, tzinfo=datetime.timezone.utc), delete_chat_photo=False, entities=(MessageEntity(length=6, offset=0, type=<MessageEntityType.BOT_COMMAND>),), from_user=User(first_name='عصام', id=1431003618, is_bot=False, language_code='ar', last_name='مرحب', username='Esam_Marhb'), group_chat_created=False, message_id=307, supergroup_chat_created=False, text='/admin'), update_id=509989918) caused error Can't parse entities: character '.' is reserved and must be escaped with the preceding '\'
Traceback (most recent call last):
  File "/data/data/com.termux/files/home/telegram-software-bot/venv/lib/python3.13/site-packages/telegram/ext/_application.py", line 1315, in process_update
    await coroutine
  File "/data/data/com.termux/files/home/telegram-software-bot/venv/lib/python3.13/site-packages/telegram/ext/_handlers/basehandler.py", line 159, in handle_update
    return await self.callback(update, context)
           ^^^^^^^^^^^^^^^^^^^^^^^^^^^^^^^^^^^^
  File "/data/data/com.termux/files/home/telegram-software-bot/handlers/admin_handlers.py", line 50, in admin_command
    await update.message.reply_text(
    ...<3 lines>...
    )
  File "/data/data/com.termux/files/home/telegram-software-bot/venv/lib/python3.13/site-packages/telegram/_message.py", line 2106, in reply_text
    return await self.get_bot().send_message(
           ^^^^^^^^^^^^^^^^^^^^^^^^^^^^^^^^^^
    ...<21 lines>...
    )
    ^
  File "/data/data/com.termux/files/home/telegram-software-bot/venv/lib/python3.13/site-packages/telegram/ext/_extbot.py", line 3118, in send_message
    return await super().send_message(
           ^^^^^^^^^^^^^^^^^^^^^^^^^^^
    ...<23 lines>...
    )
    ^
  File "/data/data/com.termux/files/home/telegram-software-bot/venv/lib/python3.13/site-packages/telegram/_bot.py", line 1123, in send_message
    return await self._send_message(
           ^^^^^^^^^^^^^^^^^^^^^^^^^
    ...<21 lines>...
    )
    ^
  File "/data/data/com.termux/files/home/telegram-software-bot/venv/lib/python3.13/site-packages/telegram/ext/_extbot.py", line 630, in _send_message
    result = await super()._send_message(
             ^^^^^^^^^^^^^^^^^^^^^^^^^^^^
    ...<23 lines>...
    )
    ^
  File "/data/data/com.termux/files/home/telegram-software-bot/venv/lib/python3.13/site-packages/telegram/_bot.py", line 820, in _send_message
    result = await self._post(
             ^^^^^^^^^^^^^^^^^
    ...<7 lines>...
    )
    ^
  File "/data/data/com.termux/files/home/telegram-software-bot/venv/lib/python3.13/site-packages/telegram/_bot.py", line 704, in _post
    return await self._do_post(
           ^^^^^^^^^^^^^^^^^^^^
    ...<6 lines>...
    )
    ^
  File "/data/data/com.termux/files/home/telegram-software-bot/venv/lib/python3.13/site-packages/telegram/ext/_extbot.py", line 370, in _do_post
    return await super()._do_post(
           ^^^^^^^^^^^^^^^^^^^^^^^
    ...<6 lines>...
    )
    ^
  File "/data/data/com.termux/files/home/telegram-software-bot/venv/lib/python3.13/site-packages/telegram/_bot.py", line 733, in _do_post
    result = await request.post(
             ^^^^^^^^^^^^^^^^^^^
    ...<6 lines>...
    )
    ^
  File "/data/data/com.termux/files/home/telegram-software-bot/venv/lib/python3.13/site-packages/telegram/request/_baserequest.py", line 198, in post
    result = await self._request_wrapper(
             ^^^^^^^^^^^^^^^^^^^^^^^^^^^^
    ...<7 lines>...
    )
    ^
  File "/data/data/com.termux/files/home/telegram-software-bot/venv/lib/python3.13/site-packages/telegram/request/_baserequest.py", line 375, in _request_wrapper
    raise exception
telegram.error.BadRequest: Can't parse entities: character '.' is reserved and must be escaped with the preceding '\'
2026-06-08 17:42:40 - bot - ERROR - main:_error_handler:109 - Update Update(message=Message(channel_chat_created=False, chat=Chat(first_name='عصام', id=1431003618, last_name='مرحب', type=<ChatType.PRIVATE>, username='Esam_Marhb'), date=datetime.datetime(2026, 6, 8, 14, 42, 40, tzinfo=datetime.timezone.utc), delete_chat_photo=False, entities=(MessageEntity(length=6, offset=0, type=<MessageEntityType.BOT_COMMAND>),), from_user=User(first_name='عصام', id=1431003618, is_bot=False, language_code='ar', last_name='مرحب', username='Esam_Marhb'), group_chat_created=False, message_id=308, supergroup_chat_created=False, text='/admin'), update_id=509989919) caused error Can't parse entities: character '.' is reserved and must be escaped with the preceding '\'
Traceback (most recent call last):
  File "/data/data/com.termux/files/home/telegram-software-bot/venv/lib/python3.13/site-packages/telegram/ext/_application.py", line 1315, in process_update
    await coroutine
  File "/data/data/com.termux/files/home/telegram-software-bot/venv/lib/python3.13/site-packages/telegram/ext/_handlers/basehandler.py", line 159, in handle_update
    return await self.callback(update, context)
           ^^^^^^^^^^^^^^^^^^^^^^^^^^^^^^^^^^^^
  File "/data/data/com.termux/files/home/telegram-software-bot/handlers/admin_handlers.py", line 50, in admin_command
    await update.message.reply_text(
    ...<3 lines>...
    )
  File "/data/data/com.termux/files/home/telegram-software-bot/venv/lib/python3.13/site-packages/telegram/_message.py", line 2106, in reply_text
    return await self.get_bot().send_message(
           ^^^^^^^^^^^^^^^^^^^^^^^^^^^^^^^^^^
    ...<21 lines>...
    )
    ^
  File "/data/data/com.termux/files/home/telegram-software-bot/venv/lib/python3.13/site-packages/telegram/ext/_extbot.py", line 3118, in send_message
    return await super().send_message(
           ^^^^^^^^^^^^^^^^^^^^^^^^^^^
    ...<23 lines>...
    )
    ^
  File "/data/data/com.termux/files/home/telegram-software-bot/venv/lib/python3.13/site-packages/telegram/_bot.py", line 1123, in send_message
    return await self._send_message(
           ^^^^^^^^^^^^^^^^^^^^^^^^^
    ...<21 lines>...
    )
    ^
  File "/data/data/com.termux/files/home/telegram-software-bot/venv/lib/python3.13/site-packages/telegram/ext/_extbot.py", line 630, in _send_message
    result = await super()._send_message(
             ^^^^^^^^^^^^^^^^^^^^^^^^^^^^
    ...<23 lines>...
    )
    ^
  File "/data/data/com.termux/files/home/telegram-software-bot/venv/lib/python3.13/site-packages/telegram/_bot.py", line 820, in _send_message
    result = await self._post(
             ^^^^^^^^^^^^^^^^^
    ...<7 lines>...
    )
    ^
  File "/data/data/com.termux/files/home/telegram-software-bot/venv/lib/python3.13/site-packages/telegram/_bot.py", line 704, in _post
    return await self._do_post(
           ^^^^^^^^^^^^^^^^^^^^
    ...<6 lines>...
    )
    ^
  File "/data/data/com.termux/files/home/telegram-software-bot/venv/lib/python3.13/site-packages/telegram/ext/_extbot.py", line 370, in _do_post
    return await super()._do_post(
           ^^^^^^^^^^^^^^^^^^^^^^^
    ...<6 lines>...
    )
    ^
  File "/data/data/com.termux/files/home/telegram-software-bot/venv/lib/python3.13/site-packages/telegram/_bot.py", line 733, in _do_post
    result = await request.post(
             ^^^^^^^^^^^^^^^^^^^
    ...<6 lines>...
    )
    ^
  File "/data/data/com.termux/files/home/telegram-software-bot/venv/lib/python3.13/site-packages/telegram/request/_baserequest.py", line 198, in post
    result = await self._request_wrapper(
             ^^^^^^^^^^^^^^^^^^^^^^^^^^^^
    ...<7 lines>...
    )
    ^
  File "/data/data/com.termux/files/home/telegram-software-bot/venv/lib/python3.13/site-packages/telegram/request/_baserequest.py", line 375, in _request_wrapper
    raise exception
telegram.error.BadRequest: Can't parse entities: character '.' is reserved and must be escaped with the preceding '\'
2026-06-08 17:42:59 - bot - INFO - main:stop:166 - Stopping bot...
2026-06-08 17:44:39 - bot - INFO - main:initialize:52 - Initializing bot components...
2026-06-08 17:44:39 - bot - INFO - main:initialize:57 - Database initialized
2026-06-08 17:44:39 - bot - INFO - main:initialize:62 - Cache initialized
2026-06-08 17:44:39 - bot - INFO - main:_register_handlers:101 - Handlers registered
2026-06-08 17:44:39 - bot - INFO - main:initialize:81 - Bot initialized successfully
2026-06-08 17:44:39 - bot - INFO - main:start:136 - Starting bot...
2026-06-08 17:44:40 - bot - INFO - main:start:147 - Bot started successfully
2026-06-08 17:44:41 - bot - INFO - main:start:148 - Bot username: @Esamaibot
2026-06-08 17:44:49 - bot - ERROR - main:_error_handler:109 - Update Update(callback_query=CallbackQuery(chat_instance='2687171661052618728', data='admin_software', from_user=User(first_name='عصام', id=1431003618, is_bot=False, language_code='ar', last_name='مرحب', username='Esam_Marhb'), id='6146113739965762267', message=Message(channel_chat_created=False, chat=Chat(first_name='عصام', id=1431003618, last_name='مرحب', type=<ChatType.PRIVATE>, username='Esam_Marhb'), date=datetime.datetime(2026, 6, 8, 14, 44, 48, tzinfo=datetime.timezone.utc), delete_chat_photo=False, entities=(MessageEntity(length=11, offset=3, type=<MessageEntityType.BOLD>), MessageEntity(length=11, offset=19, type=<MessageEntityType.BOLD>), MessageEntity(length=8, offset=87, type=<MessageEntityType.BOLD>), MessageEntity(length=7, offset=115, type=<MessageEntityType.BOLD>)), from_user=User(first_name='مكتبة عصام التقنية', id=8822102096, is_bot=True, username='Esamaibot'), group_chat_created=False, message_id=310, reply_markup=InlineKeyboardMarkup(inline_keyboard=((InlineKeyboardButton(callback_data='admin_software', text='📋 إدارة البرامج'), InlineKeyboardButton(callback_data='admin_users', text='👥 إدارة المستخدمين')), (InlineKeyboardButton(callback_data='admin_stats', text='📊 إحصائيات'), InlineKeyboardButton(callback_data='admin_broadcast', text='📢 إرسال جماعي')), (InlineKeyboardButton(callback_data='admin_backup', text='💾 نسخ احتياطي'), InlineKeyboardButton(callback_data='admin_maintenance', text='🔧 صيانة')), (InlineKeyboardButton(callback_data='admin_reindex', text='🔄 إعادة فهرسة'), InlineKeyboardButton(callback_data='admin_settings', text='⚙️ الإعدادات')))), supergroup_chat_created=False, text='📊 لوحة التحكم\n\n👥 المستخدمين:\n• الإجمالي: 2\n• النشطون اليوم: 2\n• النشطون الشهر: 2\n\n📦 البرامج:\n• الإجمالي: 16\n\n📈 النشاط:\n• إجمالي البحث: 0\n• بحث اليوم: 0\n• إجمالي التحميل: 0\n• تحميل اليوم: 0')), update_id=509989921) caused error CallbackHandlers.handle_callback() missing 1 required positional argument: 'context'
Traceback (most recent call last):
  File "/data/data/com.termux/files/home/telegram-software-bot/venv/lib/python3.13/site-packages/telegram/ext/_application.py", line 1315, in process_update
    await coroutine
  File "/data/data/com.termux/files/home/telegram-software-bot/venv/lib/python3.13/site-packages/telegram/ext/_handlers/basehandler.py", line 159, in handle_update
    return await self.callback(update, context)
                 ~~~~~~~~~~~~~^^^^^^^^^^^^^^^^^
TypeError: CallbackHandlers.handle_callback() missing 1 required positional argument: 'context'
2026-06-08 17:44:58 - bot - ERROR - main:_error_handler:109 - Update Update(message=Message(channel_chat_created=False, chat=Chat(first_name='عصام', id=1431003618, last_name='مرحب', type=<ChatType.PRIVATE>, username='Esam_Marhb'), date=datetime.datetime(2026, 6, 8, 14, 44, 57, tzinfo=datetime.timezone.utc), delete_chat_photo=False, from_user=User(first_name='عصام', id=1431003618, is_bot=False, language_code='ar', last_name='مرحب', username='Esam_Marhb'), group_chat_created=False, message_id=311, supergroup_chat_created=False, text='1431003618'), update_id=509989922) caused error Can't parse entities: character '.' is reserved and must be escaped with the preceding '\'
Traceback (most recent call last):
  File "/data/data/com.termux/files/home/telegram-software-bot/venv/lib/python3.13/site-packages/telegram/ext/_application.py", line 1315, in process_update
    await coroutine
  File "/data/data/com.termux/files/home/telegram-software-bot/venv/lib/python3.13/site-packages/telegram/ext/_handlers/basehandler.py", line 159, in handle_update
    return await self.callback(update, context)
           ^^^^^^^^^^^^^^^^^^^^^^^^^^^^^^^^^^^^
  File "/data/data/com.termux/files/home/telegram-software-bot/handlers/user_handlers.py", line 209, in handle_message
    await self._perform_search(
        update, context, sanitized_text, user.id
    )
  File "/data/data/com.termux/files/home/telegram-software-bot/handlers/user_handlers.py", line 253, in _perform_search
    searching_msg = await update.message.reply_text(
                    ^^^^^^^^^^^^^^^^^^^^^^^^^^^^^^^^
    ...<2 lines>...
    )
    ^
  File "/data/data/com.termux/files/home/telegram-software-bot/venv/lib/python3.13/site-packages/telegram/_message.py", line 2106, in reply_text
    return await self.get_bot().send_message(
           ^^^^^^^^^^^^^^^^^^^^^^^^^^^^^^^^^^
    ...<21 lines>...
    )
    ^
  File "/data/data/com.termux/files/home/telegram-software-bot/venv/lib/python3.13/site-packages/telegram/ext/_extbot.py", line 3118, in send_message
    return await super().send_message(
           ^^^^^^^^^^^^^^^^^^^^^^^^^^^
    ...<23 lines>...
    )
    ^
  File "/data/data/com.termux/files/home/telegram-software-bot/venv/lib/python3.13/site-packages/telegram/_bot.py", line 1123, in send_message
    return await self._send_message(
           ^^^^^^^^^^^^^^^^^^^^^^^^^
    ...<21 lines>...
    )
    ^
  File "/data/data/com.termux/files/home/telegram-software-bot/venv/lib/python3.13/site-packages/telegram/ext/_extbot.py", line 630, in _send_message
    result = await super()._send_message(
             ^^^^^^^^^^^^^^^^^^^^^^^^^^^^
    ...<23 lines>...
    )
    ^
  File "/data/data/com.termux/files/home/telegram-software-bot/venv/lib/python3.13/site-packages/telegram/_bot.py", line 820, in _send_message
    result = await self._post(
             ^^^^^^^^^^^^^^^^^
    ...<7 lines>...
    )
    ^
  File "/data/data/com.termux/files/home/telegram-software-bot/venv/lib/python3.13/site-packages/telegram/_bot.py", line 704, in _post
    return await self._do_post(
           ^^^^^^^^^^^^^^^^^^^^
    ...<6 lines>...
    )
    ^
  File "/data/data/com.termux/files/home/telegram-software-bot/venv/lib/python3.13/site-packages/telegram/ext/_extbot.py", line 370, in _do_post
    return await super()._do_post(
           ^^^^^^^^^^^^^^^^^^^^^^^
    ...<6 lines>...
    )
    ^
  File "/data/data/com.termux/files/home/telegram-software-bot/venv/lib/python3.13/site-packages/telegram/_bot.py", line 733, in _do_post
    result = await request.post(
             ^^^^^^^^^^^^^^^^^^^
    ...<6 lines>...
    )
    ^
  File "/data/data/com.termux/files/home/telegram-software-bot/venv/lib/python3.13/site-packages/telegram/request/_baserequest.py", line 198, in post
    result = await self._request_wrapper(
             ^^^^^^^^^^^^^^^^^^^^^^^^^^^^
    ...<7 lines>...
    )
    ^
  File "/data/data/com.termux/files/home/telegram-software-bot/venv/lib/python3.13/site-packages/telegram/request/_baserequest.py", line 375, in _request_wrapper
    raise exception
telegram.error.BadRequest: Can't parse entities: character '.' is reserved and must be escaped with the preceding '\'
2026-06-08 17:45:07 - bot - ERROR - main:_error_handler:109 - Update Update(message=Message(channel_chat_created=False, chat=Chat(first_name='عصام', id=1431003618, last_name='مرحب', type=<ChatType.PRIVATE>, username='Esam_Marhb'), date=datetime.datetime(2026, 6, 8, 14, 45, 7, tzinfo=datetime.timezone.utc), delete_chat_photo=False, from_user=User(first_name='عصام', id=1431003618, is_bot=False, language_code='ar', last_name='مرحب', username='Esam_Marhb'), group_chat_created=False, message_id=314, supergroup_chat_created=False, text='Chrome'), update_id=509989924) caused error Can't parse entities: character '.' is reserved and must be escaped with the preceding '\'
Traceback (most recent call last):
  File "/data/data/com.termux/files/home/telegram-software-bot/venv/lib/python3.13/site-packages/telegram/ext/_application.py", line 1315, in process_update
    await coroutine
  File "/data/data/com.termux/files/home/telegram-software-bot/venv/lib/python3.13/site-packages/telegram/ext/_handlers/basehandler.py", line 159, in handle_update
    return await self.callback(update, context)
           ^^^^^^^^^^^^^^^^^^^^^^^^^^^^^^^^^^^^
  File "/data/data/com.termux/files/home/telegram-software-bot/handlers/user_handlers.py", line 209, in handle_message
    await self._perform_search(
        update, context, sanitized_text, user.id
    )
  File "/data/data/com.termux/files/home/telegram-software-bot/handlers/user_handlers.py", line 253, in _perform_search
    searching_msg = await update.message.reply_text(
                    ^^^^^^^^^^^^^^^^^^^^^^^^^^^^^^^^
    ...<2 lines>...
    )
    ^
  File "/data/data/com.termux/files/home/telegram-software-bot/venv/lib/python3.13/site-packages/telegram/_message.py", line 2106, in reply_text
    return await self.get_bot().send_message(
           ^^^^^^^^^^^^^^^^^^^^^^^^^^^^^^^^^^
    ...<21 lines>...
    )
    ^
  File "/data/data/com.termux/files/home/telegram-software-bot/venv/lib/python3.13/site-packages/telegram/ext/_extbot.py", line 3118, in send_message
    return await super().send_message(
           ^^^^^^^^^^^^^^^^^^^^^^^^^^^
    ...<23 lines>...
    )
    ^
  File "/data/data/com.termux/files/home/telegram-software-bot/venv/lib/python3.13/site-packages/telegram/_bot.py", line 1123, in send_message
    return await self._send_message(
           ^^^^^^^^^^^^^^^^^^^^^^^^^
    ...<21 lines>...
    )
    ^
  File "/data/data/com.termux/files/home/telegram-software-bot/venv/lib/python3.13/site-packages/telegram/ext/_extbot.py", line 630, in _send_message
    result = await super()._send_message(
             ^^^^^^^^^^^^^^^^^^^^^^^^^^^^
    ...<23 lines>...
    )
    ^
  File "/data/data/com.termux/files/home/telegram-software-bot/venv/lib/python3.13/site-packages/telegram/_bot.py", line 820, in _send_message
    result = await self._post(
             ^^^^^^^^^^^^^^^^^
    ...<7 lines>...
    )
    ^
  File "/data/data/com.termux/files/home/telegram-software-bot/venv/lib/python3.13/site-packages/telegram/_bot.py", line 704, in _post
    return await self._do_post(
           ^^^^^^^^^^^^^^^^^^^^
    ...<6 lines>...
    )
    ^
  File "/data/data/com.termux/files/home/telegram-software-bot/venv/lib/python3.13/site-packages/telegram/ext/_extbot.py", line 370, in _do_post
    return await super()._do_post(
           ^^^^^^^^^^^^^^^^^^^^^^^
    ...<6 lines>...
    )
    ^
  File "/data/data/com.termux/files/home/telegram-software-bot/venv/lib/python3.13/site-packages/telegram/_bot.py", line 733, in _do_post
    result = await request.post(
             ^^^^^^^^^^^^^^^^^^^
    ...<6 lines>...
    )
    ^
  File "/data/data/com.termux/files/home/telegram-software-bot/venv/lib/python3.13/site-packages/telegram/request/_baserequest.py", line 198, in post
    result = await self._request_wrapper(
             ^^^^^^^^^^^^^^^^^^^^^^^^^^^^
    ...<7 lines>...
    )
    ^
  File "/data/data/com.termux/files/home/telegram-software-bot/venv/lib/python3.13/site-packages/telegram/request/_baserequest.py", line 375, in _request_wrapper
    raise exception
telegram.error.BadRequest: Can't parse entities: character '.' is reserved and must be escaped with the preceding '\'
2026-06-08 17:45:21 - bot - ERROR - main:_error_handler:109 - Update Update(message=Message(channel_chat_created=False, chat=Chat(first_name='MR ARABIC', id=7343202051, type=<ChatType.PRIVATE>, username='Eeeessesej'), date=datetime.datetime(2026, 6, 8, 14, 45, 21, tzinfo=datetime.timezone.utc), delete_chat_photo=False, from_user=User(first_name='MR ARABIC', id=7343202051, is_bot=False, language_code='ar', username='Eeeessesej'), group_chat_created=False, message_id=317, supergroup_chat_created=False, text='Zip'), update_id=509989926) caused error Can't parse entities: character '.' is reserved and must be escaped with the preceding '\'
Traceback (most recent call last):
  File "/data/data/com.termux/files/home/telegram-software-bot/venv/lib/python3.13/site-packages/telegram/ext/_application.py", line 1315, in process_update
    await coroutine
  File "/data/data/com.termux/files/home/telegram-software-bot/venv/lib/python3.13/site-packages/telegram/ext/_handlers/basehandler.py", line 159, in handle_update
    return await self.callback(update, context)
           ^^^^^^^^^^^^^^^^^^^^^^^^^^^^^^^^^^^^
  File "/data/data/com.termux/files/home/telegram-software-bot/handlers/user_handlers.py", line 209, in handle_message
    await self._perform_search(
        update, context, sanitized_text, user.id
    )
  File "/data/data/com.termux/files/home/telegram-software-bot/handlers/user_handlers.py", line 253, in _perform_search
    searching_msg = await update.message.reply_text(
                    ^^^^^^^^^^^^^^^^^^^^^^^^^^^^^^^^
    ...<2 lines>...
    )
    ^
  File "/data/data/com.termux/files/home/telegram-software-bot/venv/lib/python3.13/site-packages/telegram/_message.py", line 2106, in reply_text
    return await self.get_bot().send_message(
           ^^^^^^^^^^^^^^^^^^^^^^^^^^^^^^^^^^
    ...<21 lines>...
    )
    ^
  File "/data/data/com.termux/files/home/telegram-software-bot/venv/lib/python3.13/site-packages/telegram/ext/_extbot.py", line 3118, in send_message
    return await super().send_message(
           ^^^^^^^^^^^^^^^^^^^^^^^^^^^
    ...<23 lines>...
    )
    ^
  File "/data/data/com.termux/files/home/telegram-software-bot/venv/lib/python3.13/site-packages/telegram/_bot.py", line 1123, in send_message
    return await self._send_message(
           ^^^^^^^^^^^^^^^^^^^^^^^^^
    ...<21 lines>...
    )
    ^
  File "/data/data/com.termux/files/home/telegram-software-bot/venv/lib/python3.13/site-packages/telegram/ext/_extbot.py", line 630, in _send_message
    result = await super()._send_message(
             ^^^^^^^^^^^^^^^^^^^^^^^^^^^^
    ...<23 lines>...
    )
    ^
  File "/data/data/com.termux/files/home/telegram-software-bot/venv/lib/python3.13/site-packages/telegram/_bot.py", line 820, in _send_message
    result = await self._post(
             ^^^^^^^^^^^^^^^^^
    ...<7 lines>...
    )
    ^
  File "/data/data/com.termux/files/home/telegram-software-bot/venv/lib/python3.13/site-packages/telegram/_bot.py", line 704, in _post
    return await self._do_post(
           ^^^^^^^^^^^^^^^^^^^^
    ...<6 lines>...
    )
    ^
  File "/data/data/com.termux/files/home/telegram-software-bot/venv/lib/python3.13/site-packages/telegram/ext/_extbot.py", line 370, in _do_post
    return await super()._do_post(
           ^^^^^^^^^^^^^^^^^^^^^^^
    ...<6 lines>...
    )
    ^
  File "/data/data/com.termux/files/home/telegram-software-bot/venv/lib/python3.13/site-packages/telegram/_bot.py", line 733, in _do_post
    result = await request.post(
             ^^^^^^^^^^^^^^^^^^^
    ...<6 lines>...
    )
    ^
  File "/data/data/com.termux/files/home/telegram-software-bot/venv/lib/python3.13/site-packages/telegram/request/_baserequest.py", line 198, in post
    result = await self._request_wrapper(
             ^^^^^^^^^^^^^^^^^^^^^^^^^^^^
    ...<7 lines>...
    )
    ^
  File "/data/data/com.termux/files/home/telegram-software-bot/venv/lib/python3.13/site-packages/telegram/request/_baserequest.py", line 375, in _request_wrapper
    raise exception
telegram.error.BadRequest: Can't parse entities: character '.' is reserved and must be escaped with the preceding '\'
2026-06-08 17:55:16 - bot - INFO - main:stop:166 - Stopping bot...
2026-06-08 18:04:58 - bot - INFO - main:initialize:52 - Initializing bot components...
2026-06-08 18:04:58 - bot - INFO - main:initialize:57 - Database initialized
2026-06-08 18:04:58 - bot - INFO - main:initialize:62 - Cache initialized
2026-06-08 18:04:58 - bot - INFO - main:_register_handlers:101 - Handlers registered
2026-06-08 18:04:58 - bot - INFO - main:initialize:81 - Bot initialized successfully
2026-06-08 18:04:58 - bot - INFO - main:start:136 - Starting bot...
2026-06-08 18:05:03 - bot - ERROR - main:start:158 - Failed to start bot: Timed out
Traceback (most recent call last):
  File "/data/data/com.termux/files/home/telegram-software-bot/venv/lib/python3.13/site-packages/httpx/_transports/default.py", line 101, in map_httpcore_exceptions
    yield
  File "/data/data/com.termux/files/home/telegram-software-bot/venv/lib/python3.13/site-packages/httpx/_transports/default.py", line 394, in handle_async_request
    resp = await self._pool.handle_async_request(req)
           ^^^^^^^^^^^^^^^^^^^^^^^^^^^^^^^^^^^^^^^^^^
  File "/data/data/com.termux/files/home/telegram-software-bot/venv/lib/python3.13/site-packages/httpcore/_async/connection_pool.py", line 256, in handle_async_request
    raise exc from None
  File "/data/data/com.termux/files/home/telegram-software-bot/venv/lib/python3.13/site-packages/httpcore/_async/connection_pool.py", line 236, in handle_async_request
    response = await connection.handle_async_request(
               ^^^^^^^^^^^^^^^^^^^^^^^^^^^^^^^^^^^^^^
        pool_request.request
        ^^^^^^^^^^^^^^^^^^^^
    )
    ^
  File "/data/data/com.termux/files/home/telegram-software-bot/venv/lib/python3.13/site-packages/httpcore/_async/connection.py", line 101, in handle_async_request
    raise exc
  File "/data/data/com.termux/files/home/telegram-software-bot/venv/lib/python3.13/site-packages/httpcore/_async/connection.py", line 78, in handle_async_request
    stream = await self._connect(request)
             ^^^^^^^^^^^^^^^^^^^^^^^^^^^^
  File "/data/data/com.termux/files/home/telegram-software-bot/venv/lib/python3.13/site-packages/httpcore/_async/connection.py", line 124, in _connect
    stream = await self._network_backend.connect_tcp(**kwargs)
             ^^^^^^^^^^^^^^^^^^^^^^^^^^^^^^^^^^^^^^^^^^^^^^^^^
  File "/data/data/com.termux/files/home/telegram-software-bot/venv/lib/python3.13/site-packages/httpcore/_backends/auto.py", line 31, in connect_tcp
    return await self._backend.connect_tcp(
           ^^^^^^^^^^^^^^^^^^^^^^^^^^^^^^^^
    ...<5 lines>...
    )
    ^
  File "/data/data/com.termux/files/home/telegram-software-bot/venv/lib/python3.13/site-packages/httpcore/_backends/anyio.py", line 113, in connect_tcp
    with map_exceptions(exc_map):
         ~~~~~~~~~~~~~~^^^^^^^^^
  File "/data/data/com.termux/files/usr/lib/python3.13/contextlib.py", line 162, in __exit__
    self.gen.throw(value)
    ~~~~~~~~~~~~~~^^^^^^^
  File "/data/data/com.termux/files/home/telegram-software-bot/venv/lib/python3.13/site-packages/httpcore/_exceptions.py", line 14, in map_exceptions
    raise to_exc(exc) from exc
httpcore.ConnectTimeout

The above exception was the direct cause of the following exception:

Traceback (most recent call last):
  File "/data/data/com.termux/files/home/telegram-software-bot/venv/lib/python3.13/site-packages/telegram/request/_httpxrequest.py", line 279, in do_request
    res = await self._client.request(
          ^^^^^^^^^^^^^^^^^^^^^^^^^^^
    ...<6 lines>...
    )
    ^
  File "/data/data/com.termux/files/home/telegram-software-bot/venv/lib/python3.13/site-packages/httpx/_client.py", line 1540, in request
    return await self.send(request, auth=auth, follow_redirects=follow_redirects)
           ^^^^^^^^^^^^^^^^^^^^^^^^^^^^^^^^^^^^^^^^^^^^^^^^^^^^^^^^^^^^^^^^^^^^^^
  File "/data/data/com.termux/files/home/telegram-software-bot/venv/lib/python3.13/site-packages/httpx/_client.py", line 1629, in send
    response = await self._send_handling_auth(
               ^^^^^^^^^^^^^^^^^^^^^^^^^^^^^^^
    ...<4 lines>...
    )
    ^
  File "/data/data/com.termux/files/home/telegram-software-bot/venv/lib/python3.13/site-packages/httpx/_client.py", line 1657, in _send_handling_auth
    response = await self._send_handling_redirects(
               ^^^^^^^^^^^^^^^^^^^^^^^^^^^^^^^^^^^^
    ...<3 lines>...
    )
    ^
  File "/data/data/com.termux/files/home/telegram-software-bot/venv/lib/python3.13/site-packages/httpx/_client.py", line 1694, in _send_handling_redirects
    response = await self._send_single_request(request)
               ^^^^^^^^^^^^^^^^^^^^^^^^^^^^^^^^^^^^^^^^
  File "/data/data/com.termux/files/home/telegram-software-bot/venv/lib/python3.13/site-packages/httpx/_client.py", line 1730, in _send_single_request
    response = await transport.handle_async_request(request)
               ^^^^^^^^^^^^^^^^^^^^^^^^^^^^^^^^^^^^^^^^^^^^^
  File "/data/data/com.termux/files/home/telegram-software-bot/venv/lib/python3.13/site-packages/httpx/_transports/default.py", line 393, in handle_async_request
    with map_httpcore_exceptions():
         ~~~~~~~~~~~~~~~~~~~~~~~^^
  File "/data/data/com.termux/files/usr/lib/python3.13/contextlib.py", line 162, in __exit__
    self.gen.throw(value)
    ~~~~~~~~~~~~~~^^^^^^^
  File "/data/data/com.termux/files/home/telegram-software-bot/venv/lib/python3.13/site-packages/httpx/_transports/default.py", line 118, in map_httpcore_exceptions
    raise mapped_exc(message) from exc
httpx.ConnectTimeout

The above exception was the direct cause of the following exception:

Traceback (most recent call last):
  File "/data/data/com.termux/files/home/telegram-software-bot/main.py", line 140, in start
    await self.application.initialize()
  File "/data/data/com.termux/files/home/telegram-software-bot/venv/lib/python3.13/site-packages/telegram/ext/_application.py", line 489, in initialize
    await self.bot.initialize()
  File "/data/data/com.termux/files/home/telegram-software-bot/venv/lib/python3.13/site-packages/telegram/ext/_extbot.py", line 316, in initialize
    await super().initialize()
  File "/data/data/com.termux/files/home/telegram-software-bot/venv/lib/python3.13/site-packages/telegram/_bot.py", line 857, in initialize
    await self.get_me()
  File "/data/data/com.termux/files/home/telegram-software-bot/venv/lib/python3.13/site-packages/telegram/ext/_extbot.py", line 2008, in get_me
    return await super().get_me(
           ^^^^^^^^^^^^^^^^^^^^^
    ...<5 lines>...
    )
    ^
  File "/data/data/com.termux/files/home/telegram-software-bot/venv/lib/python3.13/site-packages/telegram/_bot.py", line 990, in get_me
    result = await self._post(
             ^^^^^^^^^^^^^^^^^
    ...<6 lines>...
    )
    ^
  File "/data/data/com.termux/files/home/telegram-software-bot/venv/lib/python3.13/site-packages/telegram/_bot.py", line 704, in _post
    return await self._do_post(
           ^^^^^^^^^^^^^^^^^^^^
    ...<6 lines>...
    )
    ^
  File "/data/data/com.termux/files/home/telegram-software-bot/venv/lib/python3.13/site-packages/telegram/ext/_extbot.py", line 370, in _do_post
    return await super()._do_post(
           ^^^^^^^^^^^^^^^^^^^^^^^
    ...<6 lines>...
    )
    ^
  File "/data/data/com.termux/files/home/telegram-software-bot/venv/lib/python3.13/site-packages/telegram/_bot.py", line 733, in _do_post
    result = await request.post(
             ^^^^^^^^^^^^^^^^^^^
    ...<6 lines>...
    )
    ^
  File "/data/data/com.termux/files/home/telegram-software-bot/venv/lib/python3.13/site-packages/telegram/request/_baserequest.py", line 198, in post
    result = await self._request_wrapper(
             ^^^^^^^^^^^^^^^^^^^^^^^^^^^^
    ...<7 lines>...
    )
    ^
  File "/data/data/com.termux/files/home/telegram-software-bot/venv/lib/python3.13/site-packages/telegram/request/_baserequest.py", line 305, in _request_wrapper
    code, payload = await self.do_request(
                    ^^^^^^^^^^^^^^^^^^^^^^
    ...<7 lines>...
    )
    ^
  File "/data/data/com.termux/files/home/telegram-software-bot/venv/lib/python3.13/site-packages/telegram/request/_httpxrequest.py", line 296, in do_request
    raise TimedOut from err
telegram.error.TimedOut: Timed out
2026-06-08 18:05:03 - bot - ERROR - main:main:231 - Fatal error: Timed out
Traceback (most recent call last):
  File "/data/data/com.termux/files/home/telegram-software-bot/venv/lib/python3.13/site-packages/httpx/_transports/default.py", line 101, in map_httpcore_exceptions
    yield
  File "/data/data/com.termux/files/home/telegram-software-bot/venv/lib/python3.13/site-packages/httpx/_transports/default.py", line 394, in handle_async_request
    resp = await self._pool.handle_async_request(req)
           ^^^^^^^^^^^^^^^^^^^^^^^^^^^^^^^^^^^^^^^^^^
  File "/data/data/com.termux/files/home/telegram-software-bot/venv/lib/python3.13/site-packages/httpcore/_async/connection_pool.py", line 256, in handle_async_request
    raise exc from None
  File "/data/data/com.termux/files/home/telegram-software-bot/venv/lib/python3.13/site-packages/httpcore/_async/connection_pool.py", line 236, in handle_async_request
    response = await connection.handle_async_request(
               ^^^^^^^^^^^^^^^^^^^^^^^^^^^^^^^^^^^^^^
        pool_request.request
        ^^^^^^^^^^^^^^^^^^^^
    )
    ^
  File "/data/data/com.termux/files/home/telegram-software-bot/venv/lib/python3.13/site-packages/httpcore/_async/connection.py", line 101, in handle_async_request
    raise exc
  File "/data/data/com.termux/files/home/telegram-software-bot/venv/lib/python3.13/site-packages/httpcore/_async/connection.py", line 78, in handle_async_request
    stream = await self._connect(request)
             ^^^^^^^^^^^^^^^^^^^^^^^^^^^^
  File "/data/data/com.termux/files/home/telegram-software-bot/venv/lib/python3.13/site-packages/httpcore/_async/connection.py", line 124, in _connect
    stream = await self._network_backend.connect_tcp(**kwargs)
             ^^^^^^^^^^^^^^^^^^^^^^^^^^^^^^^^^^^^^^^^^^^^^^^^^
  File "/data/data/com.termux/files/home/telegram-software-bot/venv/lib/python3.13/site-packages/httpcore/_backends/auto.py", line 31, in connect_tcp
    return await self._backend.connect_tcp(
           ^^^^^^^^^^^^^^^^^^^^^^^^^^^^^^^^
    ...<5 lines>...
    )
    ^
  File "/data/data/com.termux/files/home/telegram-software-bot/venv/lib/python3.13/site-packages/httpcore/_backends/anyio.py", line 113, in connect_tcp
    with map_exceptions(exc_map):
         ~~~~~~~~~~~~~~^^^^^^^^^
  File "/data/data/com.termux/files/usr/lib/python3.13/contextlib.py", line 162, in __exit__
    self.gen.throw(value)
    ~~~~~~~~~~~~~~^^^^^^^
  File "/data/data/com.termux/files/home/telegram-software-bot/venv/lib/python3.13/site-packages/httpcore/_exceptions.py", line 14, in map_exceptions
    raise to_exc(exc) from exc
httpcore.ConnectTimeout

The above exception was the direct cause of the following exception:

Traceback (most recent call last):
  File "/data/data/com.termux/files/home/telegram-software-bot/venv/lib/python3.13/site-packages/telegram/request/_httpxrequest.py", line 279, in do_request
    res = await self._client.request(
          ^^^^^^^^^^^^^^^^^^^^^^^^^^^
    ...<6 lines>...
    )
    ^
  File "/data/data/com.termux/files/home/telegram-software-bot/venv/lib/python3.13/site-packages/httpx/_client.py", line 1540, in request
    return await self.send(request, auth=auth, follow_redirects=follow_redirects)
           ^^^^^^^^^^^^^^^^^^^^^^^^^^^^^^^^^^^^^^^^^^^^^^^^^^^^^^^^^^^^^^^^^^^^^^
  File "/data/data/com.termux/files/home/telegram-software-bot/venv/lib/python3.13/site-packages/httpx/_client.py", line 1629, in send
    response = await self._send_handling_auth(
               ^^^^^^^^^^^^^^^^^^^^^^^^^^^^^^^
    ...<4 lines>...
    )
    ^
  File "/data/data/com.termux/files/home/telegram-software-bot/venv/lib/python3.13/site-packages/httpx/_client.py", line 1657, in _send_handling_auth
    response = await self._send_handling_redirects(
               ^^^^^^^^^^^^^^^^^^^^^^^^^^^^^^^^^^^^
    ...<3 lines>...
    )
    ^
  File "/data/data/com.termux/files/home/telegram-software-bot/venv/lib/python3.13/site-packages/httpx/_client.py", line 1694, in _send_handling_redirects
    response = await self._send_single_request(request)
               ^^^^^^^^^^^^^^^^^^^^^^^^^^^^^^^^^^^^^^^^
  File "/data/data/com.termux/files/home/telegram-software-bot/venv/lib/python3.13/site-packages/httpx/_client.py", line 1730, in _send_single_request
    response = await transport.handle_async_request(request)
               ^^^^^^^^^^^^^^^^^^^^^^^^^^^^^^^^^^^^^^^^^^^^^
  File "/data/data/com.termux/files/home/telegram-software-bot/venv/lib/python3.13/site-packages/httpx/_transports/default.py", line 393, in handle_async_request
    with map_httpcore_exceptions():
         ~~~~~~~~~~~~~~~~~~~~~~~^^
  File "/data/data/com.termux/files/usr/lib/python3.13/contextlib.py", line 162, in __exit__
    self.gen.throw(value)
    ~~~~~~~~~~~~~~^^^^^^^
  File "/data/data/com.termux/files/home/telegram-software-bot/venv/lib/python3.13/site-packages/httpx/_transports/default.py", line 118, in map_httpcore_exceptions
    raise mapped_exc(message) from exc
httpx.ConnectTimeout

The above exception was the direct cause of the following exception:

Traceback (most recent call last):
  File "/data/data/com.termux/files/home/telegram-software-bot/main.py", line 227, in main
    await bot.start()
  File "/data/data/com.termux/files/home/telegram-software-bot/main.py", line 140, in start
    await self.application.initialize()
  File "/data/data/com.termux/files/home/telegram-software-bot/venv/lib/python3.13/site-packages/telegram/ext/_application.py", line 489, in initialize
    await self.bot.initialize()
  File "/data/data/com.termux/files/home/telegram-software-bot/venv/lib/python3.13/site-packages/telegram/ext/_extbot.py", line 316, in initialize
    await super().initialize()
  File "/data/data/com.termux/files/home/telegram-software-bot/venv/lib/python3.13/site-packages/telegram/_bot.py", line 857, in initialize
    await self.get_me()
  File "/data/data/com.termux/files/home/telegram-software-bot/venv/lib/python3.13/site-packages/telegram/ext/_extbot.py", line 2008, in get_me
    return await super().get_me(
           ^^^^^^^^^^^^^^^^^^^^^
    ...<5 lines>...
    )
    ^
  File "/data/data/com.termux/files/home/telegram-software-bot/venv/lib/python3.13/site-packages/telegram/_bot.py", line 990, in get_me
    result = await self._post(
             ^^^^^^^^^^^^^^^^^
    ...<6 lines>...
    )
    ^
  File "/data/data/com.termux/files/home/telegram-software-bot/venv/lib/python3.13/site-packages/telegram/_bot.py", line 704, in _post
    return await self._do_post(
           ^^^^^^^^^^^^^^^^^^^^
    ...<6 lines>...
    )
    ^
  File "/data/data/com.termux/files/home/telegram-software-bot/venv/lib/python3.13/site-packages/telegram/ext/_extbot.py", line 370, in _do_post
    return await super()._do_post(
           ^^^^^^^^^^^^^^^^^^^^^^^
    ...<6 lines>...
    )
    ^
  File "/data/data/com.termux/files/home/telegram-software-bot/venv/lib/python3.13/site-packages/telegram/_bot.py", line 733, in _do_post
    result = await request.post(
             ^^^^^^^^^^^^^^^^^^^
    ...<6 lines>...
    )
    ^
  File "/data/data/com.termux/files/home/telegram-software-bot/venv/lib/python3.13/site-packages/telegram/request/_baserequest.py", line 198, in post
    result = await self._request_wrapper(
             ^^^^^^^^^^^^^^^^^^^^^^^^^^^^
    ...<7 lines>...
    )
    ^
  File "/data/data/com.termux/files/home/telegram-software-bot/venv/lib/python3.13/site-packages/telegram/request/_baserequest.py", line 305, in _request_wrapper
    code, payload = await self.do_request(
                    ^^^^^^^^^^^^^^^^^^^^^^
    ...<7 lines>...
    )
    ^
  File "/data/data/com.termux/files/home/telegram-software-bot/venv/lib/python3.13/site-packages/telegram/request/_httpxrequest.py", line 296, in do_request
    raise TimedOut from err
telegram.error.TimedOut: Timed out
2026-06-08 18:05:03 - bot - INFO - main:stop:166 - Stopping bot...
2026-06-08 18:05:03 - bot - ERROR - main:stop:185 - Error stopping bot: This Updater is not running!
2026-06-08 18:05:55 - bot - INFO - main:initialize:52 - Initializing bot components...
2026-06-08 18:05:55 - bot - INFO - main:initialize:57 - Database initialized
2026-06-08 18:05:55 - bot - INFO - main:initialize:62 - Cache initialized
2026-06-08 18:05:56 - bot - INFO - main:_register_handlers:101 - Handlers registered
2026-06-08 18:05:56 - bot - INFO - main:initialize:81 - Bot initialized successfully
2026-06-08 18:05:56 - bot - INFO - main:start:136 - Starting bot...
2026-06-08 18:05:56 - bot - INFO - main:start:147 - Bot started successfully
2026-06-08 18:05:57 - bot - INFO - main:start:148 - Bot username: @Esamaibot
2026-06-08 18:06:10 - bot - ERROR - main:_error_handler:109 - Update Update(message=Message(channel_chat_created=False, chat=Chat(first_name='MR ARABIC', id=7343202051, type=<ChatType.PRIVATE>, username='Eeeessesej'), date=datetime.datetime(2026, 6, 8, 15, 6, 11, tzinfo=datetime.timezone.utc), delete_chat_photo=False, from_user=User(first_name='MR ARABIC', id=7343202051, is_bot=False, language_code='ar', username='Eeeessesej'), group_chat_created=False, message_id=327, supergroup_chat_created=False, text='Chrome'), update_id=509989935) caused error Can't parse entities: character '.' is reserved and must be escaped with the preceding '\'
Traceback (most recent call last):
  File "/data/data/com.termux/files/home/telegram-software-bot/venv/lib/python3.13/site-packages/telegram/ext/_application.py", line 1315, in process_update
    await coroutine
  File "/data/data/com.termux/files/home/telegram-software-bot/venv/lib/python3.13/site-packages/telegram/ext/_handlers/basehandler.py", line 159, in handle_update
    return await self.callback(update, context)
           ^^^^^^^^^^^^^^^^^^^^^^^^^^^^^^^^^^^^
  File "/data/data/com.termux/files/home/telegram-software-bot/handlers/user_handlers.py", line 32, in handle_message
    await self._do_search(update, text)
  File "/data/data/com.termux/files/home/telegram-software-bot/handlers/user_handlers.py", line 40, in _do_search
    msg = await update.message.reply_text("🔍 جاري البحث...")
          ^^^^^^^^^^^^^^^^^^^^^^^^^^^^^^^^^^^^^^^^^^^^^^^^^^^
  File "/data/data/com.termux/files/home/telegram-software-bot/venv/lib/python3.13/site-packages/telegram/_message.py", line 2106, in reply_text
    return await self.get_bot().send_message(
           ^^^^^^^^^^^^^^^^^^^^^^^^^^^^^^^^^^
    ...<21 lines>...
    )
    ^
  File "/data/data/com.termux/files/home/telegram-software-bot/venv/lib/python3.13/site-packages/telegram/ext/_extbot.py", line 3118, in send_message
    return await super().send_message(
           ^^^^^^^^^^^^^^^^^^^^^^^^^^^
    ...<23 lines>...
    )
    ^
  File "/data/data/com.termux/files/home/telegram-software-bot/venv/lib/python3.13/site-packages/telegram/_bot.py", line 1123, in send_message
    return await self._send_message(
           ^^^^^^^^^^^^^^^^^^^^^^^^^
    ...<21 lines>...
    )
    ^
  File "/data/data/com.termux/files/home/telegram-software-bot/venv/lib/python3.13/site-packages/telegram/ext/_extbot.py", line 630, in _send_message
    result = await super()._send_message(
             ^^^^^^^^^^^^^^^^^^^^^^^^^^^^
    ...<23 lines>...
    )
    ^
  File "/data/data/com.termux/files/home/telegram-software-bot/venv/lib/python3.13/site-packages/telegram/_bot.py", line 820, in _send_message
    result = await self._post(
             ^^^^^^^^^^^^^^^^^
    ...<7 lines>...
    )
    ^
  File "/data/data/com.termux/files/home/telegram-software-bot/venv/lib/python3.13/site-packages/telegram/_bot.py", line 704, in _post
    return await self._do_post(
           ^^^^^^^^^^^^^^^^^^^^
    ...<6 lines>...
    )
    ^
  File "/data/data/com.termux/files/home/telegram-software-bot/venv/lib/python3.13/site-packages/telegram/ext/_extbot.py", line 370, in _do_post
    return await super()._do_post(
           ^^^^^^^^^^^^^^^^^^^^^^^
    ...<6 lines>...
    )
    ^
  File "/data/data/com.termux/files/home/telegram-software-bot/venv/lib/python3.13/site-packages/telegram/_bot.py", line 733, in _do_post
    result = await request.post(
             ^^^^^^^^^^^^^^^^^^^
    ...<6 lines>...
    )
    ^
  File "/data/data/com.termux/files/home/telegram-software-bot/venv/lib/python3.13/site-packages/telegram/request/_baserequest.py", line 198, in post
    result = await self._request_wrapper(
             ^^^^^^^^^^^^^^^^^^^^^^^^^^^^
    ...<7 lines>...
    )
    ^
  File "/data/data/com.termux/files/home/telegram-software-bot/venv/lib/python3.13/site-packages/telegram/request/_baserequest.py", line 375, in _request_wrapper
    raise exception
telegram.error.BadRequest: Can't parse entities: character '.' is reserved and must be escaped with the preceding '\'
2026-06-08 18:06:15 - bot - ERROR - main:_error_handler:109 - Update Update(message=Message(channel_chat_created=False, chat=Chat(first_name='MR ARABIC', id=7343202051, type=<ChatType.PRIVATE>, username='Eeeessesej'), date=datetime.datetime(2026, 6, 8, 15, 6, 15, tzinfo=datetime.timezone.utc), delete_chat_photo=False, from_user=User(first_name='MR ARABIC', id=7343202051, is_bot=False, language_code='ar', username='Eeeessesej'), group_chat_created=False, message_id=328, supergroup_chat_created=False, text='🔍 بحث'), update_id=509989936) caused error Can't parse entities: character '.' is reserved and must be escaped with the preceding '\'
Traceback (most recent call last):
  File "/data/data/com.termux/files/home/telegram-software-bot/venv/lib/python3.13/site-packages/telegram/ext/_application.py", line 1315, in process_update
    await coroutine
  File "/data/data/com.termux/files/home/telegram-software-bot/venv/lib/python3.13/site-packages/telegram/ext/_handlers/basehandler.py", line 159, in handle_update
    return await self.callback(update, context)
           ^^^^^^^^^^^^^^^^^^^^^^^^^^^^^^^^^^^^
  File "/data/data/com.termux/files/home/telegram-software-bot/handlers/user_handlers.py", line 32, in handle_message
    await self._do_search(update, text)
  File "/data/data/com.termux/files/home/telegram-software-bot/handlers/user_handlers.py", line 40, in _do_search
    msg = await update.message.reply_text("🔍 جاري البحث...")
          ^^^^^^^^^^^^^^^^^^^^^^^^^^^^^^^^^^^^^^^^^^^^^^^^^^^
  File "/data/data/com.termux/files/home/telegram-software-bot/venv/lib/python3.13/site-packages/telegram/_message.py", line 2106, in reply_text
    return await self.get_bot().send_message(
           ^^^^^^^^^^^^^^^^^^^^^^^^^^^^^^^^^^
    ...<21 lines>...
    )
    ^
  File "/data/data/com.termux/files/home/telegram-software-bot/venv/lib/python3.13/site-packages/telegram/ext/_extbot.py", line 3118, in send_message
    return await super().send_message(
           ^^^^^^^^^^^^^^^^^^^^^^^^^^^
    ...<23 lines>...
    )
    ^
  File "/data/data/com.termux/files/home/telegram-software-bot/venv/lib/python3.13/site-packages/telegram/_bot.py", line 1123, in send_message
    return await self._send_message(
           ^^^^^^^^^^^^^^^^^^^^^^^^^
    ...<21 lines>...
    )
    ^
  File "/data/data/com.termux/files/home/telegram-software-bot/venv/lib/python3.13/site-packages/telegram/ext/_extbot.py", line 630, in _send_message
    result = await super()._send_message(
             ^^^^^^^^^^^^^^^^^^^^^^^^^^^^
    ...<23 lines>...
    )
    ^
  File "/data/data/com.termux/files/home/telegram-software-bot/venv/lib/python3.13/site-packages/telegram/_bot.py", line 820, in _send_message
    result = await self._post(
             ^^^^^^^^^^^^^^^^^
    ...<7 lines>...
    )
    ^
  File "/data/data/com.termux/files/home/telegram-software-bot/venv/lib/python3.13/site-packages/telegram/_bot.py", line 704, in _post
    return await self._do_post(
           ^^^^^^^^^^^^^^^^^^^^
    ...<6 lines>...
    )
    ^
  File "/data/data/com.termux/files/home/telegram-software-bot/venv/lib/python3.13/site-packages/telegram/ext/_extbot.py", line 370, in _do_post
    return await super()._do_post(
           ^^^^^^^^^^^^^^^^^^^^^^^
    ...<6 lines>...
    )
    ^
  File "/data/data/com.termux/files/home/telegram-software-bot/venv/lib/python3.13/site-packages/telegram/_bot.py", line 733, in _do_post
    result = await request.post(
             ^^^^^^^^^^^^^^^^^^^
    ...<6 lines>...
    )
    ^
  File "/data/data/com.termux/files/home/telegram-software-bot/venv/lib/python3.13/site-packages/telegram/request/_baserequest.py", line 198, in post
    result = await self._request_wrapper(
             ^^^^^^^^^^^^^^^^^^^^^^^^^^^^
    ...<7 lines>...
    )
    ^
  File "/data/data/com.termux/files/home/telegram-software-bot/venv/lib/python3.13/site-packages/telegram/request/_baserequest.py", line 375, in _request_wrapper
    raise exception
telegram.error.BadRequest: Can't parse entities: character '.' is reserved and must be escaped with the preceding '\'
2026-06-08 18:06:19 - bot - ERROR - main:_error_handler:109 - Update Update(message=Message(channel_chat_created=False, chat=Chat(first_name='MR ARABIC', id=7343202051, type=<ChatType.PRIVATE>, username='Eeeessesej'), date=datetime.datetime(2026, 6, 8, 15, 6, 19, tzinfo=datetime.timezone.utc), delete_chat_photo=False, from_user=User(first_name='MR ARABIC', id=7343202051, is_bot=False, language_code='ar', username='Eeeessesej'), group_chat_created=False, message_id=329, supergroup_chat_created=False, text='Chrome'), update_id=509989937) caused error Can't parse entities: character '.' is reserved and must be escaped with the preceding '\'
Traceback (most recent call last):
  File "/data/data/com.termux/files/home/telegram-software-bot/venv/lib/python3.13/site-packages/telegram/ext/_application.py", line 1315, in process_update
    await coroutine
  File "/data/data/com.termux/files/home/telegram-software-bot/venv/lib/python3.13/site-packages/telegram/ext/_handlers/basehandler.py", line 159, in handle_update
    return await self.callback(update, context)
           ^^^^^^^^^^^^^^^^^^^^^^^^^^^^^^^^^^^^
  File "/data/data/com.termux/files/home/telegram-software-bot/handlers/user_handlers.py", line 32, in handle_message
    await self._do_search(update, text)
  File "/data/data/com.termux/files/home/telegram-software-bot/handlers/user_handlers.py", line 40, in _do_search
    msg = await update.message.reply_text("🔍 جاري البحث...")
          ^^^^^^^^^^^^^^^^^^^^^^^^^^^^^^^^^^^^^^^^^^^^^^^^^^^
  File "/data/data/com.termux/files/home/telegram-software-bot/venv/lib/python3.13/site-packages/telegram/_message.py", line 2106, in reply_text
    return await self.get_bot().send_message(
           ^^^^^^^^^^^^^^^^^^^^^^^^^^^^^^^^^^
    ...<21 lines>...
    )
    ^
  File "/data/data/com.termux/files/home/telegram-software-bot/venv/lib/python3.13/site-packages/telegram/ext/_extbot.py", line 3118, in send_message
    return await super().send_message(
           ^^^^^^^^^^^^^^^^^^^^^^^^^^^
    ...<23 lines>...
    )
    ^
  File "/data/data/com.termux/files/home/telegram-software-bot/venv/lib/python3.13/site-packages/telegram/_bot.py", line 1123, in send_message
    return await self._send_message(
           ^^^^^^^^^^^^^^^^^^^^^^^^^
    ...<21 lines>...
    )
    ^
  File "/data/data/com.termux/files/home/telegram-software-bot/venv/lib/python3.13/site-packages/telegram/ext/_extbot.py", line 630, in _send_message
    result = await super()._send_message(
             ^^^^^^^^^^^^^^^^^^^^^^^^^^^^
    ...<23 lines>...
    )
    ^
  File "/data/data/com.termux/files/home/telegram-software-bot/venv/lib/python3.13/site-packages/telegram/_bot.py", line 820, in _send_message
    result = await self._post(
             ^^^^^^^^^^^^^^^^^
    ...<7 lines>...
    )
    ^
  File "/data/data/com.termux/files/home/telegram-software-bot/venv/lib/python3.13/site-packages/telegram/_bot.py", line 704, in _post
    return await self._do_post(
           ^^^^^^^^^^^^^^^^^^^^
    ...<6 lines>...
    )
    ^
  File "/data/data/com.termux/files/home/telegram-software-bot/venv/lib/python3.13/site-packages/telegram/ext/_extbot.py", line 370, in _do_post
    return await super()._do_post(
           ^^^^^^^^^^^^^^^^^^^^^^^
    ...<6 lines>...
    )
    ^
  File "/data/data/com.termux/files/home/telegram-software-bot/venv/lib/python3.13/site-packages/telegram/_bot.py", line 733, in _do_post
    result = await request.post(
             ^^^^^^^^^^^^^^^^^^^
    ...<6 lines>...
    )
    ^
  File "/data/data/com.termux/files/home/telegram-software-bot/venv/lib/python3.13/site-packages/telegram/request/_baserequest.py", line 198, in post
    result = await self._request_wrapper(
             ^^^^^^^^^^^^^^^^^^^^^^^^^^^^
    ...<7 lines>...
    )
    ^
  File "/data/data/com.termux/files/home/telegram-software-bot/venv/lib/python3.13/site-packages/telegram/request/_baserequest.py", line 375, in _request_wrapper
    raise exception
telegram.error.BadRequest: Can't parse entities: character '.' is reserved and must be escaped with the preceding '\'
2026-06-08 18:06:27 - bot - ERROR - main:_error_handler:109 - Update Update(message=Message(channel_chat_created=False, chat=Chat(first_name='عصام', id=1431003618, last_name='مرحب', type=<ChatType.PRIVATE>, username='Esam_Marhb'), date=datetime.datetime(2026, 6, 8, 15, 6, 27, tzinfo=datetime.timezone.utc), delete_chat_photo=False, from_user=User(first_name='عصام', id=1431003618, is_bot=False, language_code='ar', last_name='مرحب', username='Esam_Marhb'), group_chat_created=False, message_id=332, supergroup_chat_created=False, text='Chrome'), update_id=509989939) caused error Can't parse entities: character '.' is reserved and must be escaped with the preceding '\'
Traceback (most recent call last):
  File "/data/data/com.termux/files/home/telegram-software-bot/venv/lib/python3.13/site-packages/telegram/ext/_application.py", line 1315, in process_update
    await coroutine
  File "/data/data/com.termux/files/home/telegram-software-bot/venv/lib/python3.13/site-packages/telegram/ext/_handlers/basehandler.py", line 159, in handle_update
    return await self.callback(update, context)
           ^^^^^^^^^^^^^^^^^^^^^^^^^^^^^^^^^^^^
  File "/data/data/com.termux/files/home/telegram-software-bot/handlers/user_handlers.py", line 32, in handle_message
    await self._do_search(update, text)
  File "/data/data/com.termux/files/home/telegram-software-bot/handlers/user_handlers.py", line 40, in _do_search
    msg = await update.message.reply_text("🔍 جاري البحث...")
          ^^^^^^^^^^^^^^^^^^^^^^^^^^^^^^^^^^^^^^^^^^^^^^^^^^^
  File "/data/data/com.termux/files/home/telegram-software-bot/venv/lib/python3.13/site-packages/telegram/_message.py", line 2106, in reply_text
    return await self.get_bot().send_message(
           ^^^^^^^^^^^^^^^^^^^^^^^^^^^^^^^^^^
    ...<21 lines>...
    )
    ^
  File "/data/data/com.termux/files/home/telegram-software-bot/venv/lib/python3.13/site-packages/telegram/ext/_extbot.py", line 3118, in send_message
    return await super().send_message(
           ^^^^^^^^^^^^^^^^^^^^^^^^^^^
    ...<23 lines>...
    )
    ^
  File "/data/data/com.termux/files/home/telegram-software-bot/venv/lib/python3.13/site-packages/telegram/_bot.py", line 1123, in send_message
    return await self._send_message(
           ^^^^^^^^^^^^^^^^^^^^^^^^^
    ...<21 lines>...
    )
    ^
  File "/data/data/com.termux/files/home/telegram-software-bot/venv/lib/python3.13/site-packages/telegram/ext/_extbot.py", line 630, in _send_message
    result = await super()._send_message(
             ^^^^^^^^^^^^^^^^^^^^^^^^^^^^
    ...<23 lines>...
    )
    ^
  File "/data/data/com.termux/files/home/telegram-software-bot/venv/lib/python3.13/site-packages/telegram/_bot.py", line 820, in _send_message
    result = await self._post(
             ^^^^^^^^^^^^^^^^^
    ...<7 lines>...
    )
    ^
  File "/data/data/com.termux/files/home/telegram-software-bot/venv/lib/python3.13/site-packages/telegram/_bot.py", line 704, in _post
    return await self._do_post(
           ^^^^^^^^^^^^^^^^^^^^
    ...<6 lines>...
    )
    ^
  File "/data/data/com.termux/files/home/telegram-software-bot/venv/lib/python3.13/site-packages/telegram/ext/_extbot.py", line 370, in _do_post
    return await super()._do_post(
           ^^^^^^^^^^^^^^^^^^^^^^^
    ...<6 lines>...
    )
    ^
  File "/data/data/com.termux/files/home/telegram-software-bot/venv/lib/python3.13/site-packages/telegram/_bot.py", line 733, in _do_post
    result = await request.post(
             ^^^^^^^^^^^^^^^^^^^
    ...<6 lines>...
    )
    ^
  File "/data/data/com.termux/files/home/telegram-software-bot/venv/lib/python3.13/site-packages/telegram/request/_baserequest.py", line 198, in post
    result = await self._request_wrapper(
             ^^^^^^^^^^^^^^^^^^^^^^^^^^^^
    ...<7 lines>...
    )
    ^
  File "/data/data/com.termux/files/home/telegram-software-bot/venv/lib/python3.13/site-packages/telegram/request/_baserequest.py", line 375, in _request_wrapper
    raise exception
telegram.error.BadRequest: Can't parse entities: character '.' is reserved and must be escaped with the preceding '\'
2026-06-08 18:06:38 - bot - ERROR - main:_error_handler:109 - Update Update(message=Message(channel_chat_created=False, chat=Chat(first_name='عصام', id=1431003618, last_name='مرحب', type=<ChatType.PRIVATE>, username='Esam_Marhb'), date=datetime.datetime(2026, 6, 8, 15, 6, 38, tzinfo=datetime.timezone.utc), delete_chat_photo=False, entities=(MessageEntity(length=7, offset=0, type=<MessageEntityType.BOT_COMMAND>),), from_user=User(first_name='عصام', id=1431003618, is_bot=False, language_code='ar', last_name='مرحب', username='Esam_Marhb'), group_chat_created=False, message_id=333, supergroup_chat_created=False, text='/search chrome'), update_id=509989940) caused error Can't parse entities: character '.' is reserved and must be escaped with the preceding '\'
Traceback (most recent call last):
  File "/data/data/com.termux/files/home/telegram-software-bot/venv/lib/python3.13/site-packages/telegram/ext/_application.py", line 1315, in process_update
    await coroutine
  File "/data/data/com.termux/files/home/telegram-software-bot/venv/lib/python3.13/site-packages/telegram/ext/_handlers/basehandler.py", line 159, in handle_update
    return await self.callback(update, context)
           ^^^^^^^^^^^^^^^^^^^^^^^^^^^^^^^^^^^^
  File "/data/data/com.termux/files/home/telegram-software-bot/handlers/user_handlers.py", line 26, in search_command
    await self._do_search(update, text)
  File "/data/data/com.termux/files/home/telegram-software-bot/handlers/user_handlers.py", line 40, in _do_search
    msg = await update.message.reply_text("🔍 جاري البحث...")
          ^^^^^^^^^^^^^^^^^^^^^^^^^^^^^^^^^^^^^^^^^^^^^^^^^^^
  File "/data/data/com.termux/files/home/telegram-software-bot/venv/lib/python3.13/site-packages/telegram/_message.py", line 2106, in reply_text
    return await self.get_bot().send_message(
           ^^^^^^^^^^^^^^^^^^^^^^^^^^^^^^^^^^
    ...<21 lines>...
    )
    ^
  File "/data/data/com.termux/files/home/telegram-software-bot/venv/lib/python3.13/site-packages/telegram/ext/_extbot.py", line 3118, in send_message
    return await super().send_message(
           ^^^^^^^^^^^^^^^^^^^^^^^^^^^
    ...<23 lines>...
    )
    ^
  File "/data/data/com.termux/files/home/telegram-software-bot/venv/lib/python3.13/site-packages/telegram/_bot.py", line 1123, in send_message
    return await self._send_message(
           ^^^^^^^^^^^^^^^^^^^^^^^^^
    ...<21 lines>...
    )
    ^
  File "/data/data/com.termux/files/home/telegram-software-bot/venv/lib/python3.13/site-packages/telegram/ext/_extbot.py", line 630, in _send_message
    result = await super()._send_message(
             ^^^^^^^^^^^^^^^^^^^^^^^^^^^^
    ...<23 lines>...
    )
    ^
  File "/data/data/com.termux/files/home/telegram-software-bot/venv/lib/python3.13/site-packages/telegram/_bot.py", line 820, in _send_message
    result = await self._post(
             ^^^^^^^^^^^^^^^^^
    ...<7 lines>...
    )
    ^
  File "/data/data/com.termux/files/home/telegram-software-bot/venv/lib/python3.13/site-packages/telegram/_bot.py", line 704, in _post
    return await self._do_post(
           ^^^^^^^^^^^^^^^^^^^^
    ...<6 lines>...
    )
    ^
  File "/data/data/com.termux/files/home/telegram-software-bot/venv/lib/python3.13/site-packages/telegram/ext/_extbot.py", line 370, in _do_post
    return await super()._do_post(
           ^^^^^^^^^^^^^^^^^^^^^^^
    ...<6 lines>...
    )
    ^
  File "/data/data/com.termux/files/home/telegram-software-bot/venv/lib/python3.13/site-packages/telegram/_bot.py", line 733, in _do_post
    result = await request.post(
             ^^^^^^^^^^^^^^^^^^^
    ...<6 lines>...
    )
    ^
  File "/data/data/com.termux/files/home/telegram-software-bot/venv/lib/python3.13/site-packages/telegram/request/_baserequest.py", line 198, in post
    result = await self._request_wrapper(
             ^^^^^^^^^^^^^^^^^^^^^^^^^^^^
    ...<7 lines>...
    )
    ^
  File "/data/data/com.termux/files/home/telegram-software-bot/venv/lib/python3.13/site-packages/telegram/request/_baserequest.py", line 375, in _request_wrapper
    raise exception
telegram.error.BadRequest: Can't parse entities: character '.' is reserved and must be escaped with the preceding '\'
2026-06-08 18:06:41 - bot - ERROR - main:_error_handler:109 - Update Update(message=Message(channel_chat_created=False, chat=Chat(first_name='عصام', id=1431003618, last_name='مرحب', type=<ChatType.PRIVATE>, username='Esam_Marhb'), date=datetime.datetime(2026, 6, 8, 15, 6, 41, tzinfo=datetime.timezone.utc), delete_chat_photo=False, from_user=User(first_name='عصام', id=1431003618, is_bot=False, language_code='ar', last_name='مرحب', username='Esam_Marhb'), group_chat_created=False, message_id=334, supergroup_chat_created=False, text='🔍 بحث'), update_id=509989941) caused error Can't parse entities: character '.' is reserved and must be escaped with the preceding '\'
Traceback (most recent call last):
  File "/data/data/com.termux/files/home/telegram-software-bot/venv/lib/python3.13/site-packages/telegram/ext/_application.py", line 1315, in process_update
    await coroutine
  File "/data/data/com.termux/files/home/telegram-software-bot/venv/lib/python3.13/site-packages/telegram/ext/_handlers/basehandler.py", line 159, in handle_update
    return await self.callback(update, context)
           ^^^^^^^^^^^^^^^^^^^^^^^^^^^^^^^^^^^^
  File "/data/data/com.termux/files/home/telegram-software-bot/handlers/user_handlers.py", line 32, in handle_message
    await self._do_search(update, text)
  File "/data/data/com.termux/files/home/telegram-software-bot/handlers/user_handlers.py", line 40, in _do_search
    msg = await update.message.reply_text("🔍 جاري البحث...")
          ^^^^^^^^^^^^^^^^^^^^^^^^^^^^^^^^^^^^^^^^^^^^^^^^^^^
  File "/data/data/com.termux/files/home/telegram-software-bot/venv/lib/python3.13/site-packages/telegram/_message.py", line 2106, in reply_text
    return await self.get_bot().send_message(
           ^^^^^^^^^^^^^^^^^^^^^^^^^^^^^^^^^^
    ...<21 lines>...
    )
    ^
  File "/data/data/com.termux/files/home/telegram-software-bot/venv/lib/python3.13/site-packages/telegram/ext/_extbot.py", line 3118, in send_message
    return await super().send_message(
           ^^^^^^^^^^^^^^^^^^^^^^^^^^^
    ...<23 lines>...
    )
    ^
  File "/data/data/com.termux/files/home/telegram-software-bot/venv/lib/python3.13/site-packages/telegram/_bot.py", line 1123, in send_message
    return await self._send_message(
           ^^^^^^^^^^^^^^^^^^^^^^^^^
    ...<21 lines>...
    )
    ^
  File "/data/data/com.termux/files/home/telegram-software-bot/venv/lib/python3.13/site-packages/telegram/ext/_extbot.py", line 630, in _send_message
    result = await super()._send_message(
             ^^^^^^^^^^^^^^^^^^^^^^^^^^^^
    ...<23 lines>...
    )
    ^
  File "/data/data/com.termux/files/home/telegram-software-bot/venv/lib/python3.13/site-packages/telegram/_bot.py", line 820, in _send_message
    result = await self._post(
             ^^^^^^^^^^^^^^^^^
    ...<7 lines>...
    )
    ^
  File "/data/data/com.termux/files/home/telegram-software-bot/venv/lib/python3.13/site-packages/telegram/_bot.py", line 704, in _post
    return await self._do_post(
           ^^^^^^^^^^^^^^^^^^^^
    ...<6 lines>...
    )
    ^
  File "/data/data/com.termux/files/home/telegram-software-bot/venv/lib/python3.13/site-packages/telegram/ext/_extbot.py", line 370, in _do_post
    return await super()._do_post(
           ^^^^^^^^^^^^^^^^^^^^^^^
    ...<6 lines>...
    )
    ^
  File "/data/data/com.termux/files/home/telegram-software-bot/venv/lib/python3.13/site-packages/telegram/_bot.py", line 733, in _do_post
    result = await request.post(
             ^^^^^^^^^^^^^^^^^^^
    ...<6 lines>...
    )
    ^
  File "/data/data/com.termux/files/home/telegram-software-bot/venv/lib/python3.13/site-packages/telegram/request/_baserequest.py", line 198, in post
    result = await self._request_wrapper(
             ^^^^^^^^^^^^^^^^^^^^^^^^^^^^
    ...<7 lines>...
    )
    ^
  File "/data/data/com.termux/files/home/telegram-software-bot/venv/lib/python3.13/site-packages/telegram/request/_baserequest.py", line 375, in _request_wrapper
    raise exception
telegram.error.BadRequest: Can't parse entities: character '.' is reserved and must be escaped with the preceding '\'
2026-06-08 18:06:48 - bot - ERROR - main:_error_handler:109 - Update Update(callback_query=CallbackQuery(chat_instance='2687171661052618728', data='admin_software', from_user=User(first_name='عصام', id=1431003618, is_bot=False, language_code='ar', last_name='مرحب', username='Esam_Marhb'), id='6146113740471137026', message=Message(channel_chat_created=False, chat=Chat(first_name='عصام', id=1431003618, last_name='مرحب', type=<ChatType.PRIVATE>, username='Esam_Marhb'), date=datetime.datetime(2026, 6, 8, 15, 6, 47, tzinfo=datetime.timezone.utc), delete_chat_photo=False, entities=(MessageEntity(length=11, offset=3, type=<MessageEntityType.BOLD>), MessageEntity(length=11, offset=19, type=<MessageEntityType.BOLD>), MessageEntity(length=8, offset=87, type=<MessageEntityType.BOLD>), MessageEntity(length=7, offset=115, type=<MessageEntityType.BOLD>)), from_user=User(first_name='مكتبة عصام التقنية', id=8822102096, is_bot=True, username='Esamaibot'), group_chat_created=False, message_id=336, reply_markup=InlineKeyboardMarkup(inline_keyboard=((InlineKeyboardButton(callback_data='admin_software', text='📋 إدارة البرامج'), InlineKeyboardButton(callback_data='admin_users', text='👥 إدارة المستخدمين')), (InlineKeyboardButton(callback_data='admin_stats', text='📊 إحصائيات'), InlineKeyboardButton(callback_data='admin_broadcast', text='📢 إرسال جماعي')), (InlineKeyboardButton(callback_data='admin_backup', text='💾 نسخ احتياطي'), InlineKeyboardButton(callback_data='admin_maintenance', text='🔧 صيانة')), (InlineKeyboardButton(callback_data='admin_reindex', text='🔄 إعادة فهرسة'), InlineKeyboardButton(callback_data='admin_settings', text='⚙️ الإعدادات')))), supergroup_chat_created=False, text='📊 لوحة التحكم\n\n👥 المستخدمين:\n• الإجمالي: 2\n• النشطون اليوم: 2\n• النشطون الشهر: 2\n\n📦 البرامج:\n• الإجمالي: 16\n\n📈 النشاط:\n• إجمالي البحث: 0\n• بحث اليوم: 0\n• إجمالي التحميل: 0\n• تحميل اليوم: 0')), update_id=509989943) caused error CallbackHandlers.handle_callback() missing 1 required positional argument: 'context'
Traceback (most recent call last):
  File "/data/data/com.termux/files/home/telegram-software-bot/venv/lib/python3.13/site-packages/telegram/ext/_application.py", line 1315, in process_update
    await coroutine
  File "/data/data/com.termux/files/home/telegram-software-bot/venv/lib/python3.13/site-packages/telegram/ext/_handlers/basehandler.py", line 159, in handle_update
    return await self.callback(update, context)
                 ~~~~~~~~~~~~~^^^^^^^^^^^^^^^^^
TypeError: CallbackHandlers.handle_callback() missing 1 required positional argument: 'context'
2026-06-08 18:07:35 - bot - INFO - main:stop:166 - Stopping bot...
2026-06-08 18:12:04 - bot - INFO - main:initialize:52 - Initializing bot components...
2026-06-08 18:12:04 - bot - INFO - main:initialize:57 - Database initialized
2026-06-08 18:12:04 - bot - INFO - main:initialize:62 - Cache initialized
2026-06-08 18:12:04 - bot - INFO - main:_register_handlers:101 - Handlers registered
2026-06-08 18:12:04 - bot - INFO - main:initialize:81 - Bot initialized successfully
2026-06-08 18:12:04 - bot - INFO - main:start:136 - Starting bot...
2026-06-08 18:12:05 - bot - INFO - main:start:147 - Bot started successfully
2026-06-08 18:12:05 - bot - INFO - main:start:148 - Bot username: @Esamaibot
2026-06-08 18:12:09 - bot - ERROR - main:_error_handler:109 - Update Update(message=Message(channel_chat_created=False, chat=Chat(first_name='عصام', id=1431003618, last_name='مرحب', type=<ChatType.PRIVATE>, username='Esam_Marhb'), date=datetime.datetime(2026, 6, 8, 15, 12, 9, tzinfo=datetime.timezone.utc), delete_chat_photo=False, entities=(MessageEntity(length=6, offset=0, type=<MessageEntityType.BOT_COMMAND>),), from_user=User(first_name='عصام', id=1431003618, is_bot=False, language_code='ar', last_name='مرحب', username='Esam_Marhb'), group_chat_created=False, message_id=341, supergroup_chat_created=False, text='/admin'), update_id=509989948) caused error Can't parse entities: character '-' is reserved and must be escaped with the preceding '\'
Traceback (most recent call last):
  File "/data/data/com.termux/files/home/telegram-software-bot/venv/lib/python3.13/site-packages/telegram/ext/_application.py", line 1315, in process_update
    await coroutine
  File "/data/data/com.termux/files/home/telegram-software-bot/venv/lib/python3.13/site-packages/telegram/ext/_handlers/basehandler.py", line 159, in handle_update
    return await self.callback(update, context)
           ^^^^^^^^^^^^^^^^^^^^^^^^^^^^^^^^^^^^
  File "/data/data/com.termux/files/home/telegram-software-bot/handlers/admin_handlers.py", line 38, in admin_command
    await update.message.reply_text(text)
  File "/data/data/com.termux/files/home/telegram-software-bot/venv/lib/python3.13/site-packages/telegram/_message.py", line 2106, in reply_text
    return await self.get_bot().send_message(
           ^^^^^^^^^^^^^^^^^^^^^^^^^^^^^^^^^^
    ...<21 lines>...
    )
    ^
  File "/data/data/com.termux/files/home/telegram-software-bot/venv/lib/python3.13/site-packages/telegram/ext/_extbot.py", line 3118, in send_message
    return await super().send_message(
           ^^^^^^^^^^^^^^^^^^^^^^^^^^^
    ...<23 lines>...
    )
    ^
  File "/data/data/com.termux/files/home/telegram-software-bot/venv/lib/python3.13/site-packages/telegram/_bot.py", line 1123, in send_message
    return await self._send_message(
           ^^^^^^^^^^^^^^^^^^^^^^^^^
    ...<21 lines>...
    )
    ^
  File "/data/data/com.termux/files/home/telegram-software-bot/venv/lib/python3.13/site-packages/telegram/ext/_extbot.py", line 630, in _send_message
    result = await super()._send_message(
             ^^^^^^^^^^^^^^^^^^^^^^^^^^^^
    ...<23 lines>...
    )
    ^
  File "/data/data/com.termux/files/home/telegram-software-bot/venv/lib/python3.13/site-packages/telegram/_bot.py", line 820, in _send_message
    result = await self._post(
             ^^^^^^^^^^^^^^^^^
    ...<7 lines>...
    )
    ^
  File "/data/data/com.termux/files/home/telegram-software-bot/venv/lib/python3.13/site-packages/telegram/_bot.py", line 704, in _post
    return await self._do_post(
           ^^^^^^^^^^^^^^^^^^^^
    ...<6 lines>...
    )
    ^
  File "/data/data/com.termux/files/home/telegram-software-bot/venv/lib/python3.13/site-packages/telegram/ext/_extbot.py", line 370, in _do_post
    return await super()._do_post(
           ^^^^^^^^^^^^^^^^^^^^^^^
    ...<6 lines>...
    )
    ^
  File "/data/data/com.termux/files/home/telegram-software-bot/venv/lib/python3.13/site-packages/telegram/_bot.py", line 733, in _do_post
    result = await request.post(
             ^^^^^^^^^^^^^^^^^^^
    ...<6 lines>...
    )
    ^
  File "/data/data/com.termux/files/home/telegram-software-bot/venv/lib/python3.13/site-packages/telegram/request/_baserequest.py", line 198, in post
    result = await self._request_wrapper(
             ^^^^^^^^^^^^^^^^^^^^^^^^^^^^
    ...<7 lines>...
    )
    ^
  File "/data/data/com.termux/files/home/telegram-software-bot/venv/lib/python3.13/site-packages/telegram/request/_baserequest.py", line 375, in _request_wrapper
    raise exception
telegram.error.BadRequest: Can't parse entities: character '-' is reserved and must be escaped with the preceding '\'
2026-06-08 18:12:11 - bot - ERROR - main:_error_handler:109 - Update Update(message=Message(channel_chat_created=False, chat=Chat(first_name='عصام', id=1431003618, last_name='مرحب', type=<ChatType.PRIVATE>, username='Esam_Marhb'), date=datetime.datetime(2026, 6, 8, 15, 12, 12, tzinfo=datetime.timezone.utc), delete_chat_photo=False, entities=(MessageEntity(length=6, offset=0, type=<MessageEntityType.BOT_COMMAND>),), from_user=User(first_name='عصام', id=1431003618, is_bot=False, language_code='ar', last_name='مرحب', username='Esam_Marhb'), group_chat_created=False, message_id=342, supergroup_chat_created=False, text='/admin'), update_id=509989949) caused error Can't parse entities: character '-' is reserved and must be escaped with the preceding '\'
Traceback (most recent call last):
  File "/data/data/com.termux/files/home/telegram-software-bot/venv/lib/python3.13/site-packages/telegram/ext/_application.py", line 1315, in process_update
    await coroutine
  File "/data/data/com.termux/files/home/telegram-software-bot/venv/lib/python3.13/site-packages/telegram/ext/_handlers/basehandler.py", line 159, in handle_update
    return await self.callback(update, context)
           ^^^^^^^^^^^^^^^^^^^^^^^^^^^^^^^^^^^^
  File "/data/data/com.termux/files/home/telegram-software-bot/handlers/admin_handlers.py", line 38, in admin_command
    await update.message.reply_text(text)
  File "/data/data/com.termux/files/home/telegram-software-bot/venv/lib/python3.13/site-packages/telegram/_message.py", line 2106, in reply_text
    return await self.get_bot().send_message(
           ^^^^^^^^^^^^^^^^^^^^^^^^^^^^^^^^^^
    ...<21 lines>...
    )
    ^
  File "/data/data/com.termux/files/home/telegram-software-bot/venv/lib/python3.13/site-packages/telegram/ext/_extbot.py", line 3118, in send_message
    return await super().send_message(
           ^^^^^^^^^^^^^^^^^^^^^^^^^^^
    ...<23 lines>...
    )
    ^
  File "/data/data/com.termux/files/home/telegram-software-bot/venv/lib/python3.13/site-packages/telegram/_bot.py", line 1123, in send_message
    return await self._send_message(
           ^^^^^^^^^^^^^^^^^^^^^^^^^
    ...<21 lines>...
    )
    ^
  File "/data/data/com.termux/files/home/telegram-software-bot/venv/lib/python3.13/site-packages/telegram/ext/_extbot.py", line 630, in _send_message
    result = await super()._send_message(
             ^^^^^^^^^^^^^^^^^^^^^^^^^^^^
    ...<23 lines>...
    )
    ^
  File "/data/data/com.termux/files/home/telegram-software-bot/venv/lib/python3.13/site-packages/telegram/_bot.py", line 820, in _send_message
    result = await self._post(
             ^^^^^^^^^^^^^^^^^
    ...<7 lines>...
    )
    ^
  File "/data/data/com.termux/files/home/telegram-software-bot/venv/lib/python3.13/site-packages/telegram/_bot.py", line 704, in _post
    return await self._do_post(
           ^^^^^^^^^^^^^^^^^^^^
    ...<6 lines>...
    )
    ^
  File "/data/data/com.termux/files/home/telegram-software-bot/venv/lib/python3.13/site-packages/telegram/ext/_extbot.py", line 370, in _do_post
    return await super()._do_post(
           ^^^^^^^^^^^^^^^^^^^^^^^
    ...<6 lines>...
    )
    ^
  File "/data/data/com.termux/files/home/telegram-software-bot/venv/lib/python3.13/site-packages/telegram/_bot.py", line 733, in _do_post
    result = await request.post(
             ^^^^^^^^^^^^^^^^^^^
    ...<6 lines>...
    )
    ^
  File "/data/data/com.termux/files/home/telegram-software-bot/venv/lib/python3.13/site-packages/telegram/request/_baserequest.py", line 198, in post
    result = await self._request_wrapper(
             ^^^^^^^^^^^^^^^^^^^^^^^^^^^^
    ...<7 lines>...
    )
    ^
  File "/data/data/com.termux/files/home/telegram-software-bot/venv/lib/python3.13/site-packages/telegram/request/_baserequest.py", line 375, in _request_wrapper
    raise exception
telegram.error.BadRequest: Can't parse entities: character '-' is reserved and must be escaped with the preceding '\'
2026-06-08 18:12:24 - bot - ERROR - main:_error_handler:109 - Update Update(message=Message(channel_chat_created=False, chat=Chat(first_name='عصام', id=1431003618, last_name='مرحب', type=<ChatType.PRIVATE>, username='Esam_Marhb'), date=datetime.datetime(2026, 6, 8, 15, 12, 24, tzinfo=datetime.timezone.utc), delete_chat_photo=False, from_user=User(first_name='عصام', id=1431003618, is_bot=False, language_code='ar', last_name='مرحب', username='Esam_Marhb'), group_chat_created=False, message_id=345, supergroup_chat_created=False, text='Chrome'), update_id=509989951) caused error Can't parse entities: character '.' is reserved and must be escaped with the preceding '\'
Traceback (most recent call last):
  File "/data/data/com.termux/files/home/telegram-software-bot/venv/lib/python3.13/site-packages/telegram/ext/_application.py", line 1315, in process_update
    await coroutine
  File "/data/data/com.termux/files/home/telegram-software-bot/venv/lib/python3.13/site-packages/telegram/ext/_handlers/basehandler.py", line 159, in handle_update
    return await self.callback(update, context)
           ^^^^^^^^^^^^^^^^^^^^^^^^^^^^^^^^^^^^
  File "/data/data/com.termux/files/home/telegram-software-bot/handlers/user_handlers.py", line 32, in handle_message
    await self._do_search(update, text)
  File "/data/data/com.termux/files/home/telegram-software-bot/handlers/user_handlers.py", line 40, in _do_search
    msg = await update.message.reply_text("🔍 جاري البحث...")
          ^^^^^^^^^^^^^^^^^^^^^^^^^^^^^^^^^^^^^^^^^^^^^^^^^^^
  File "/data/data/com.termux/files/home/telegram-software-bot/venv/lib/python3.13/site-packages/telegram/_message.py", line 2106, in reply_text
    return await self.get_bot().send_message(
           ^^^^^^^^^^^^^^^^^^^^^^^^^^^^^^^^^^
    ...<21 lines>...
    )
    ^
  File "/data/data/com.termux/files/home/telegram-software-bot/venv/lib/python3.13/site-packages/telegram/ext/_extbot.py", line 3118, in send_message
    return await super().send_message(
           ^^^^^^^^^^^^^^^^^^^^^^^^^^^
    ...<23 lines>...
    )
    ^
  File "/data/data/com.termux/files/home/telegram-software-bot/venv/lib/python3.13/site-packages/telegram/_bot.py", line 1123, in send_message
    return await self._send_message(
           ^^^^^^^^^^^^^^^^^^^^^^^^^
    ...<21 lines>...
    )
    ^
  File "/data/data/com.termux/files/home/telegram-software-bot/venv/lib/python3.13/site-packages/telegram/ext/_extbot.py", line 630, in _send_message
    result = await super()._send_message(
             ^^^^^^^^^^^^^^^^^^^^^^^^^^^^
    ...<23 lines>...
    )
    ^
  File "/data/data/com.termux/files/home/telegram-software-bot/venv/lib/python3.13/site-packages/telegram/_bot.py", line 820, in _send_message
    result = await self._post(
             ^^^^^^^^^^^^^^^^^
    ...<7 lines>...
    )
    ^
  File "/data/data/com.termux/files/home/telegram-software-bot/venv/lib/python3.13/site-packages/telegram/_bot.py", line 704, in _post
    return await self._do_post(
           ^^^^^^^^^^^^^^^^^^^^
    ...<6 lines>...
    )
    ^
  File "/data/data/com.termux/files/home/telegram-software-bot/venv/lib/python3.13/site-packages/telegram/ext/_extbot.py", line 370, in _do_post
    return await super()._do_post(
           ^^^^^^^^^^^^^^^^^^^^^^^
    ...<6 lines>...
    )
    ^
  File "/data/data/com.termux/files/home/telegram-software-bot/venv/lib/python3.13/site-packages/telegram/_bot.py", line 733, in _do_post
    result = await request.post(
             ^^^^^^^^^^^^^^^^^^^
    ...<6 lines>...
    )
    ^
  File "/data/data/com.termux/files/home/telegram-software-bot/venv/lib/python3.13/site-packages/telegram/request/_baserequest.py", line 198, in post
    result = await self._request_wrapper(
             ^^^^^^^^^^^^^^^^^^^^^^^^^^^^
    ...<7 lines>...
    )
    ^
  File "/data/data/com.termux/files/home/telegram-software-bot/venv/lib/python3.13/site-packages/telegram/request/_baserequest.py", line 375, in _request_wrapper
    raise exception
telegram.error.BadRequest: Can't parse entities: character '.' is reserved and must be escaped with the preceding '\'
2026-06-08 18:12:33 - bot - ERROR - main:_error_handler:109 - Update Update(message=Message(channel_chat_created=False, chat=Chat(first_name='عصام', id=1431003618, last_name='مرحب', type=<ChatType.PRIVATE>, username='Esam_Marhb'), date=datetime.datetime(2026, 6, 8, 15, 12, 33, tzinfo=datetime.timezone.utc), delete_chat_photo=False, entities=(MessageEntity(length=7, offset=0, type=<MessageEntityType.BOT_COMMAND>),), from_user=User(first_name='عصام', id=1431003618, is_bot=False, language_code='ar', last_name='مرحب', username='Esam_Marhb'), group_chat_created=False, message_id=346, supergroup_chat_created=False, text='/search chrome'), update_id=509989952) caused error Can't parse entities: character '.' is reserved and must be escaped with the preceding '\'
Traceback (most recent call last):
  File "/data/data/com.termux/files/home/telegram-software-bot/venv/lib/python3.13/site-packages/telegram/ext/_application.py", line 1315, in process_update
    await coroutine
  File "/data/data/com.termux/files/home/telegram-software-bot/venv/lib/python3.13/site-packages/telegram/ext/_handlers/basehandler.py", line 159, in handle_update
    return await self.callback(update, context)
           ^^^^^^^^^^^^^^^^^^^^^^^^^^^^^^^^^^^^
  File "/data/data/com.termux/files/home/telegram-software-bot/handlers/user_handlers.py", line 26, in search_command
    await self._do_search(update, text)
  File "/data/data/com.termux/files/home/telegram-software-bot/handlers/user_handlers.py", line 40, in _do_search
    msg = await update.message.reply_text("🔍 جاري البحث...")
          ^^^^^^^^^^^^^^^^^^^^^^^^^^^^^^^^^^^^^^^^^^^^^^^^^^^
  File "/data/data/com.termux/files/home/telegram-software-bot/venv/lib/python3.13/site-packages/telegram/_message.py", line 2106, in reply_text
    return await self.get_bot().send_message(
           ^^^^^^^^^^^^^^^^^^^^^^^^^^^^^^^^^^
    ...<21 lines>...
    )
    ^
  File "/data/data/com.termux/files/home/telegram-software-bot/venv/lib/python3.13/site-packages/telegram/ext/_extbot.py", line 3118, in send_message
    return await super().send_message(
           ^^^^^^^^^^^^^^^^^^^^^^^^^^^
    ...<23 lines>...
    )
    ^
  File "/data/data/com.termux/files/home/telegram-software-bot/venv/lib/python3.13/site-packages/telegram/_bot.py", line 1123, in send_message
    return await self._send_message(
           ^^^^^^^^^^^^^^^^^^^^^^^^^
    ...<21 lines>...
    )
    ^
  File "/data/data/com.termux/files/home/telegram-software-bot/venv/lib/python3.13/site-packages/telegram/ext/_extbot.py", line 630, in _send_message
    result = await super()._send_message(
             ^^^^^^^^^^^^^^^^^^^^^^^^^^^^
    ...<23 lines>...
    )
    ^
  File "/data/data/com.termux/files/home/telegram-software-bot/venv/lib/python3.13/site-packages/telegram/_bot.py", line 820, in _send_message
    result = await self._post(
             ^^^^^^^^^^^^^^^^^
    ...<7 lines>...
    )
    ^
  File "/data/data/com.termux/files/home/telegram-software-bot/venv/lib/python3.13/site-packages/telegram/_bot.py", line 704, in _post
    return await self._do_post(
           ^^^^^^^^^^^^^^^^^^^^
    ...<6 lines>...
    )
    ^
  File "/data/data/com.termux/files/home/telegram-software-bot/venv/lib/python3.13/site-packages/telegram/ext/_extbot.py", line 370, in _do_post
    return await super()._do_post(
           ^^^^^^^^^^^^^^^^^^^^^^^
    ...<6 lines>...
    )
    ^
  File "/data/data/com.termux/files/home/telegram-software-bot/venv/lib/python3.13/site-packages/telegram/_bot.py", line 733, in _do_post
    result = await request.post(
             ^^^^^^^^^^^^^^^^^^^
    ...<6 lines>...
    )
    ^
  File "/data/data/com.termux/files/home/telegram-software-bot/venv/lib/python3.13/site-packages/telegram/request/_baserequest.py", line 198, in post
    result = await self._request_wrapper(
             ^^^^^^^^^^^^^^^^^^^^^^^^^^^^
    ...<7 lines>...
    )
    ^
  File "/data/data/com.termux/files/home/telegram-software-bot/venv/lib/python3.13/site-packages/telegram/request/_baserequest.py", line 375, in _request_wrapper
    raise exception
telegram.error.BadRequest: Can't parse entities: character '.' is reserved and must be escaped with the preceding '\'
2026-06-08 18:12:46 - bot - ERROR - main:_error_handler:109 - Update Update(message=Message(channel_chat_created=False, chat=Chat(first_name='عصام', id=1431003618, last_name='مرحب', type=<ChatType.PRIVATE>, username='Esam_Marhb'), date=datetime.datetime(2026, 6, 8, 15, 12, 46, tzinfo=datetime.timezone.utc), delete_chat_photo=False, entities=(MessageEntity(length=6, offset=0, type=<MessageEntityType.BOT_COMMAND>),), from_user=User(first_name='عصام', id=1431003618, is_bot=False, language_code='ar', last_name='مرحب', username='Esam_Marhb'), group_chat_created=False, message_id=349, supergroup_chat_created=False, text='/admin'), update_id=509989954) caused error Can't parse entities: character '-' is reserved and must be escaped with the preceding '\'
Traceback (most recent call last):
  File "/data/data/com.termux/files/home/telegram-software-bot/venv/lib/python3.13/site-packages/telegram/ext/_application.py", line 1315, in process_update
    await coroutine
  File "/data/data/com.termux/files/home/telegram-software-bot/venv/lib/python3.13/site-packages/telegram/ext/_handlers/basehandler.py", line 159, in handle_update
    return await self.callback(update, context)
           ^^^^^^^^^^^^^^^^^^^^^^^^^^^^^^^^^^^^
  File "/data/data/com.termux/files/home/telegram-software-bot/handlers/admin_handlers.py", line 38, in admin_command
    await update.message.reply_text(text)
  File "/data/data/com.termux/files/home/telegram-software-bot/venv/lib/python3.13/site-packages/telegram/_message.py", line 2106, in reply_text
    return await self.get_bot().send_message(
           ^^^^^^^^^^^^^^^^^^^^^^^^^^^^^^^^^^
    ...<21 lines>...
    )
    ^
  File "/data/data/com.termux/files/home/telegram-software-bot/venv/lib/python3.13/site-packages/telegram/ext/_extbot.py", line 3118, in send_message
    return await super().send_message(
           ^^^^^^^^^^^^^^^^^^^^^^^^^^^
    ...<23 lines>...
    )
    ^
  File "/data/data/com.termux/files/home/telegram-software-bot/venv/lib/python3.13/site-packages/telegram/_bot.py", line 1123, in send_message
    return await self._send_message(
           ^^^^^^^^^^^^^^^^^^^^^^^^^
    ...<21 lines>...
    )
    ^
  File "/data/data/com.termux/files/home/telegram-software-bot/venv/lib/python3.13/site-packages/telegram/ext/_extbot.py", line 630, in _send_message
    result = await super()._send_message(
             ^^^^^^^^^^^^^^^^^^^^^^^^^^^^
    ...<23 lines>...
    )
    ^
  File "/data/data/com.termux/files/home/telegram-software-bot/venv/lib/python3.13/site-packages/telegram/_bot.py", line 820, in _send_message
    result = await self._post(
             ^^^^^^^^^^^^^^^^^
    ...<7 lines>...
    )
    ^
  File "/data/data/com.termux/files/home/telegram-software-bot/venv/lib/python3.13/site-packages/telegram/_bot.py", line 704, in _post
    return await self._do_post(
           ^^^^^^^^^^^^^^^^^^^^
    ...<6 lines>...
    )
    ^
  File "/data/data/com.termux/files/home/telegram-software-bot/venv/lib/python3.13/site-packages/telegram/ext/_extbot.py", line 370, in _do_post
    return await super()._do_post(
           ^^^^^^^^^^^^^^^^^^^^^^^
    ...<6 lines>...
    )
    ^
  File "/data/data/com.termux/files/home/telegram-software-bot/venv/lib/python3.13/site-packages/telegram/_bot.py", line 733, in _do_post
    result = await request.post(
             ^^^^^^^^^^^^^^^^^^^
    ...<6 lines>...
    )
    ^
  File "/data/data/com.termux/files/home/telegram-software-bot/venv/lib/python3.13/site-packages/telegram/request/_baserequest.py", line 198, in post
    result = await self._request_wrapper(
             ^^^^^^^^^^^^^^^^^^^^^^^^^^^^
    ...<7 lines>...
    )
    ^
  File "/data/data/com.termux/files/home/telegram-software-bot/venv/lib/python3.13/site-packages/telegram/request/_baserequest.py", line 375, in _request_wrapper
    raise exception
telegram.error.BadRequest: Can't parse entities: character '-' is reserved and must be escaped with the preceding '\'
2026-06-08 18:14:20 - bot - INFO - main:stop:166 - Stopping bot...
2026-06-08 18:14:30 - bot - INFO - main:initialize:52 - Initializing bot components...
2026-06-08 18:14:30 - bot - INFO - main:initialize:57 - Database initialized
2026-06-08 18:14:30 - bot - INFO - main:initialize:62 - Cache initialized
2026-06-08 18:14:30 - bot - INFO - main:_register_handlers:101 - Handlers registered
2026-06-08 18:14:30 - bot - INFO - main:initialize:81 - Bot initialized successfully
2026-06-08 18:14:30 - bot - INFO - main:start:136 - Starting bot...
2026-06-08 18:14:31 - bot - INFO - main:start:147 - Bot started successfully
2026-06-08 18:14:31 - bot - INFO - main:start:148 - Bot username: @Esamaibot
2026-06-08 18:14:35 - bot - ERROR - main:_error_handler:109 - Update Update(message=Message(channel_chat_created=False, chat=Chat(first_name='عصام', id=1431003618, last_name='مرحب', type=<ChatType.PRIVATE>, username='Esam_Marhb'), date=datetime.datetime(2026, 6, 8, 15, 14, 35, tzinfo=datetime.timezone.utc), delete_chat_photo=False, entities=(MessageEntity(length=6, offset=0, type=<MessageEntityType.BOT_COMMAND>),), from_user=User(first_name='عصام', id=1431003618, is_bot=False, language_code='ar', last_name='مرحب', username='Esam_Marhb'), group_chat_created=False, message_id=350, supergroup_chat_created=False, text='/admin'), update_id=509989955) caused error Can't parse entities: character '-' is reserved and must be escaped with the preceding '\'
Traceback (most recent call last):
  File "/data/data/com.termux/files/home/telegram-software-bot/venv/lib/python3.13/site-packages/telegram/ext/_application.py", line 1315, in process_update
    await coroutine
  File "/data/data/com.termux/files/home/telegram-software-bot/venv/lib/python3.13/site-packages/telegram/ext/_handlers/basehandler.py", line 159, in handle_update
    return await self.callback(update, context)
           ^^^^^^^^^^^^^^^^^^^^^^^^^^^^^^^^^^^^
  File "/data/data/com.termux/files/home/telegram-software-bot/handlers/admin_handlers.py", line 38, in admin_command
    await update.message.reply_text(text)
  File "/data/data/com.termux/files/home/telegram-software-bot/venv/lib/python3.13/site-packages/telegram/_message.py", line 2106, in reply_text
    return await self.get_bot().send_message(
           ^^^^^^^^^^^^^^^^^^^^^^^^^^^^^^^^^^
    ...<21 lines>...
    )
    ^
  File "/data/data/com.termux/files/home/telegram-software-bot/venv/lib/python3.13/site-packages/telegram/ext/_extbot.py", line 3118, in send_message
    return await super().send_message(
           ^^^^^^^^^^^^^^^^^^^^^^^^^^^
    ...<23 lines>...
    )
    ^
  File "/data/data/com.termux/files/home/telegram-software-bot/venv/lib/python3.13/site-packages/telegram/_bot.py", line 1123, in send_message
    return await self._send_message(
           ^^^^^^^^^^^^^^^^^^^^^^^^^
    ...<21 lines>...
    )
    ^
  File "/data/data/com.termux/files/home/telegram-software-bot/venv/lib/python3.13/site-packages/telegram/ext/_extbot.py", line 630, in _send_message
    result = await super()._send_message(
             ^^^^^^^^^^^^^^^^^^^^^^^^^^^^
    ...<23 lines>...
    )
    ^
  File "/data/data/com.termux/files/home/telegram-software-bot/venv/lib/python3.13/site-packages/telegram/_bot.py", line 820, in _send_message
    result = await self._post(
             ^^^^^^^^^^^^^^^^^
    ...<7 lines>...
    )
    ^
  File "/data/data/com.termux/files/home/telegram-software-bot/venv/lib/python3.13/site-packages/telegram/_bot.py", line 704, in _post
    return await self._do_post(
           ^^^^^^^^^^^^^^^^^^^^
    ...<6 lines>...
    )
    ^
  File "/data/data/com.termux/files/home/telegram-software-bot/venv/lib/python3.13/site-packages/telegram/ext/_extbot.py", line 370, in _do_post
    return await super()._do_post(
           ^^^^^^^^^^^^^^^^^^^^^^^
    ...<6 lines>...
    )
    ^
  File "/data/data/com.termux/files/home/telegram-software-bot/venv/lib/python3.13/site-packages/telegram/_bot.py", line 733, in _do_post
    result = await request.post(
             ^^^^^^^^^^^^^^^^^^^
    ...<6 lines>...
    )
    ^
  File "/data/data/com.termux/files/home/telegram-software-bot/venv/lib/python3.13/site-packages/telegram/request/_baserequest.py", line 198, in post
    result = await self._request_wrapper(
             ^^^^^^^^^^^^^^^^^^^^^^^^^^^^
    ...<7 lines>...
    )
    ^
  File "/data/data/com.termux/files/home/telegram-software-bot/venv/lib/python3.13/site-packages/telegram/request/_baserequest.py", line 375, in _request_wrapper
    raise exception
telegram.error.BadRequest: Can't parse entities: character '-' is reserved and must be escaped with the preceding '\'
2026-06-08 18:14:47 - bot - INFO - main:stop:166 - Stopping bot...
2026-06-08 18:14:55 - bot - INFO - main:initialize:52 - Initializing bot components...
2026-06-08 18:14:55 - bot - INFO - main:initialize:57 - Database initialized
2026-06-08 18:14:55 - bot - INFO - main:initialize:62 - Cache initialized
2026-06-08 18:14:56 - bot - INFO - main:_register_handlers:101 - Handlers registered
2026-06-08 18:14:56 - bot - INFO - main:initialize:81 - Bot initialized successfully
2026-06-08 18:14:56 - bot - INFO - main:start:136 - Starting bot...
2026-06-08 18:14:56 - bot - INFO - main:start:147 - Bot started successfully
2026-06-08 18:14:57 - bot - INFO - main:start:148 - Bot username: @Esamaibot
2026-06-08 18:15:07 - bot - ERROR - main:_error_handler:109 - Update Update(message=Message(channel_chat_created=False, chat=Chat(first_name='عصام', id=1431003618, last_name='مرحب', type=<ChatType.PRIVATE>, username='Esam_Marhb'), date=datetime.datetime(2026, 6, 8, 15, 15, 7, tzinfo=datetime.timezone.utc), delete_chat_photo=False, entities=(MessageEntity(length=6, offset=0, type=<MessageEntityType.BOT_COMMAND>),), from_user=User(first_name='عصام', id=1431003618, is_bot=False, language_code='ar', last_name='مرحب', username='Esam_Marhb'), group_chat_created=False, message_id=351, supergroup_chat_created=False, text='/admin'), update_id=509989956) caused error Can't parse entities: character '-' is reserved and must be escaped with the preceding '\'
Traceback (most recent call last):
  File "/data/data/com.termux/files/home/telegram-software-bot/venv/lib/python3.13/site-packages/telegram/ext/_application.py", line 1315, in process_update
    await coroutine
  File "/data/data/com.termux/files/home/telegram-software-bot/venv/lib/python3.13/site-packages/telegram/ext/_handlers/basehandler.py", line 159, in handle_update
    return await self.callback(update, context)
           ^^^^^^^^^^^^^^^^^^^^^^^^^^^^^^^^^^^^
  File "/data/data/com.termux/files/home/telegram-software-bot/handlers/admin_handlers.py", line 38, in admin_command
    await update.message.reply_text(text)
  File "/data/data/com.termux/files/home/telegram-software-bot/venv/lib/python3.13/site-packages/telegram/_message.py", line 2106, in reply_text
    return await self.get_bot().send_message(
           ^^^^^^^^^^^^^^^^^^^^^^^^^^^^^^^^^^
    ...<21 lines>...
    )
    ^
  File "/data/data/com.termux/files/home/telegram-software-bot/venv/lib/python3.13/site-packages/telegram/ext/_extbot.py", line 3118, in send_message
    return await super().send_message(
           ^^^^^^^^^^^^^^^^^^^^^^^^^^^
    ...<23 lines>...
    )
    ^
  File "/data/data/com.termux/files/home/telegram-software-bot/venv/lib/python3.13/site-packages/telegram/_bot.py", line 1123, in send_message
    return await self._send_message(
           ^^^^^^^^^^^^^^^^^^^^^^^^^
    ...<21 lines>...
    )
    ^
  File "/data/data/com.termux/files/home/telegram-software-bot/venv/lib/python3.13/site-packages/telegram/ext/_extbot.py", line 630, in _send_message
    result = await super()._send_message(
             ^^^^^^^^^^^^^^^^^^^^^^^^^^^^
    ...<23 lines>...
    )
    ^
  File "/data/data/com.termux/files/home/telegram-software-bot/venv/lib/python3.13/site-packages/telegram/_bot.py", line 820, in _send_message
    result = await self._post(
             ^^^^^^^^^^^^^^^^^
    ...<7 lines>...
    )
    ^
  File "/data/data/com.termux/files/home/telegram-software-bot/venv/lib/python3.13/site-packages/telegram/_bot.py", line 704, in _post
    return await self._do_post(
           ^^^^^^^^^^^^^^^^^^^^
    ...<6 lines>...
    )
    ^
  File "/data/data/com.termux/files/home/telegram-software-bot/venv/lib/python3.13/site-packages/telegram/ext/_extbot.py", line 370, in _do_post
    return await super()._do_post(
           ^^^^^^^^^^^^^^^^^^^^^^^
    ...<6 lines>...
    )
    ^
  File "/data/data/com.termux/files/home/telegram-software-bot/venv/lib/python3.13/site-packages/telegram/_bot.py", line 733, in _do_post
    result = await request.post(
             ^^^^^^^^^^^^^^^^^^^
    ...<6 lines>...
    )
    ^
  File "/data/data/com.termux/files/home/telegram-software-bot/venv/lib/python3.13/site-packages/telegram/request/_baserequest.py", line 198, in post
    result = await self._request_wrapper(
             ^^^^^^^^^^^^^^^^^^^^^^^^^^^^
    ...<7 lines>...
    )
    ^
  File "/data/data/com.termux/files/home/telegram-software-bot/venv/lib/python3.13/site-packages/telegram/request/_baserequest.py", line 375, in _request_wrapper
    raise exception
telegram.error.BadRequest: Can't parse entities: character '-' is reserved and must be escaped with the preceding '\'
2026-06-08 18:15:22 - bot - ERROR - main:_error_handler:109 - Update Update(message=Message(channel_chat_created=False, chat=Chat(first_name='عصام', id=1431003618, last_name='مرحب', type=<ChatType.PRIVATE>, username='Esam_Marhb'), date=datetime.datetime(2026, 6, 8, 15, 15, 22, tzinfo=datetime.timezone.utc), delete_chat_photo=False, entities=(MessageEntity(length=7, offset=0, type=<MessageEntityType.BOT_COMMAND>),), from_user=User(first_name='عصام', id=1431003618, is_bot=False, language_code='ar', last_name='مرحب', username='Esam_Marhb'), group_chat_created=False, message_id=354, supergroup_chat_created=False, text='/search Chrome'), update_id=509989958) caused error Can't parse entities: character '.' is reserved and must be escaped with the preceding '\'
Traceback (most recent call last):
  File "/data/data/com.termux/files/home/telegram-software-bot/venv/lib/python3.13/site-packages/telegram/ext/_application.py", line 1315, in process_update
    await coroutine
  File "/data/data/com.termux/files/home/telegram-software-bot/venv/lib/python3.13/site-packages/telegram/ext/_handlers/basehandler.py", line 159, in handle_update
    return await self.callback(update, context)
           ^^^^^^^^^^^^^^^^^^^^^^^^^^^^^^^^^^^^
  File "/data/data/com.termux/files/home/telegram-software-bot/handlers/user_handlers.py", line 27, in search_command
    await self.do_search(update, text)
  File "/data/data/com.termux/files/home/telegram-software-bot/handlers/user_handlers.py", line 40, in do_search
    msg = await update.message.reply_text("🔍 جاري البحث...")
          ^^^^^^^^^^^^^^^^^^^^^^^^^^^^^^^^^^^^^^^^^^^^^^^^^^^
  File "/data/data/com.termux/files/home/telegram-software-bot/venv/lib/python3.13/site-packages/telegram/_message.py", line 2106, in reply_text
    return await self.get_bot().send_message(
           ^^^^^^^^^^^^^^^^^^^^^^^^^^^^^^^^^^
    ...<21 lines>...
    )
    ^
  File "/data/data/com.termux/files/home/telegram-software-bot/venv/lib/python3.13/site-packages/telegram/ext/_extbot.py", line 3118, in send_message
    return await super().send_message(
           ^^^^^^^^^^^^^^^^^^^^^^^^^^^
    ...<23 lines>...
    )
    ^
  File "/data/data/com.termux/files/home/telegram-software-bot/venv/lib/python3.13/site-packages/telegram/_bot.py", line 1123, in send_message
    return await self._send_message(
           ^^^^^^^^^^^^^^^^^^^^^^^^^
    ...<21 lines>...
    )
    ^
  File "/data/data/com.termux/files/home/telegram-software-bot/venv/lib/python3.13/site-packages/telegram/ext/_extbot.py", line 630, in _send_message
    result = await super()._send_message(
             ^^^^^^^^^^^^^^^^^^^^^^^^^^^^
    ...<23 lines>...
    )
    ^
  File "/data/data/com.termux/files/home/telegram-software-bot/venv/lib/python3.13/site-packages/telegram/_bot.py", line 820, in _send_message
    result = await self._post(
             ^^^^^^^^^^^^^^^^^
    ...<7 lines>...
    )
    ^
  File "/data/data/com.termux/files/home/telegram-software-bot/venv/lib/python3.13/site-packages/telegram/_bot.py", line 704, in _post
    return await self._do_post(
           ^^^^^^^^^^^^^^^^^^^^
    ...<6 lines>...
    )
    ^
  File "/data/data/com.termux/files/home/telegram-software-bot/venv/lib/python3.13/site-packages/telegram/ext/_extbot.py", line 370, in _do_post
    return await super()._do_post(
           ^^^^^^^^^^^^^^^^^^^^^^^
    ...<6 lines>...
    )
    ^
  File "/data/data/com.termux/files/home/telegram-software-bot/venv/lib/python3.13/site-packages/telegram/_bot.py", line 733, in _do_post
    result = await request.post(
             ^^^^^^^^^^^^^^^^^^^
    ...<6 lines>...
    )
    ^
  File "/data/data/com.termux/files/home/telegram-software-bot/venv/lib/python3.13/site-packages/telegram/request/_baserequest.py", line 198, in post
    result = await self._request_wrapper(
             ^^^^^^^^^^^^^^^^^^^^^^^^^^^^
    ...<7 lines>...
    )
    ^
  File "/data/data/com.termux/files/home/telegram-software-bot/venv/lib/python3.13/site-packages/telegram/request/_baserequest.py", line 375, in _request_wrapper
    raise exception
telegram.error.BadRequest: Can't parse entities: character '.' is reserved and must be escaped with the preceding '\'
2026-06-08 18:15:25 - bot - ERROR - main:_error_handler:109 - Update Update(message=Message(channel_chat_created=False, chat=Chat(first_name='عصام', id=1431003618, last_name='مرحب', type=<ChatType.PRIVATE>, username='Esam_Marhb'), date=datetime.datetime(2026, 6, 8, 15, 15, 25, tzinfo=datetime.timezone.utc), delete_chat_photo=False, entities=(MessageEntity(length=6, offset=0, type=<MessageEntityType.BOT_COMMAND>),), from_user=User(first_name='عصام', id=1431003618, is_bot=False, language_code='ar', last_name='مرحب', username='Esam_Marhb'), group_chat_created=False, message_id=355, supergroup_chat_created=False, text='/admin'), update_id=509989959) caused error Can't parse entities: character '-' is reserved and must be escaped with the preceding '\'
Traceback (most recent call last):
  File "/data/data/com.termux/files/home/telegram-software-bot/venv/lib/python3.13/site-packages/telegram/ext/_application.py", line 1315, in process_update
    await coroutine
  File "/data/data/com.termux/files/home/telegram-software-bot/venv/lib/python3.13/site-packages/telegram/ext/_handlers/basehandler.py", line 159, in handle_update
    return await self.callback(update, context)
           ^^^^^^^^^^^^^^^^^^^^^^^^^^^^^^^^^^^^
  File "/data/data/com.termux/files/home/telegram-software-bot/handlers/admin_handlers.py", line 38, in admin_command
    await update.message.reply_text(text)
  File "/data/data/com.termux/files/home/telegram-software-bot/venv/lib/python3.13/site-packages/telegram/_message.py", line 2106, in reply_text
    return await self.get_bot().send_message(
           ^^^^^^^^^^^^^^^^^^^^^^^^^^^^^^^^^^
    ...<21 lines>...
    )
    ^
  File "/data/data/com.termux/files/home/telegram-software-bot/venv/lib/python3.13/site-packages/telegram/ext/_extbot.py", line 3118, in send_message
    return await super().send_message(
           ^^^^^^^^^^^^^^^^^^^^^^^^^^^
    ...<23 lines>...
    )
    ^
  File "/data/data/com.termux/files/home/telegram-software-bot/venv/lib/python3.13/site-packages/telegram/_bot.py", line 1123, in send_message
    return await self._send_message(
           ^^^^^^^^^^^^^^^^^^^^^^^^^
    ...<21 lines>...
    )
    ^
  File "/data/data/com.termux/files/home/telegram-software-bot/venv/lib/python3.13/site-packages/telegram/ext/_extbot.py", line 630, in _send_message
    result = await super()._send_message(
             ^^^^^^^^^^^^^^^^^^^^^^^^^^^^
    ...<23 lines>...
    )
    ^
  File "/data/data/com.termux/files/home/telegram-software-bot/venv/lib/python3.13/site-packages/telegram/_bot.py", line 820, in _send_message
    result = await self._post(
             ^^^^^^^^^^^^^^^^^
    ...<7 lines>...
    )
    ^
  File "/data/data/com.termux/files/home/telegram-software-bot/venv/lib/python3.13/site-packages/telegram/_bot.py", line 704, in _post
    return await self._do_post(
           ^^^^^^^^^^^^^^^^^^^^
    ...<6 lines>...
    )
    ^
  File "/data/data/com.termux/files/home/telegram-software-bot/venv/lib/python3.13/site-packages/telegram/ext/_extbot.py", line 370, in _do_post
    return await super()._do_post(
           ^^^^^^^^^^^^^^^^^^^^^^^
    ...<6 lines>...
    )
    ^
  File "/data/data/com.termux/files/home/telegram-software-bot/venv/lib/python3.13/site-packages/telegram/_bot.py", line 733, in _do_post
    result = await request.post(
             ^^^^^^^^^^^^^^^^^^^
    ...<6 lines>...
    )
    ^
  File "/data/data/com.termux/files/home/telegram-software-bot/venv/lib/python3.13/site-packages/telegram/request/_baserequest.py", line 198, in post
    result = await self._request_wrapper(
             ^^^^^^^^^^^^^^^^^^^^^^^^^^^^
    ...<7 lines>...
    )
    ^
  File "/data/data/com.termux/files/home/telegram-software-bot/venv/lib/python3.13/site-packages/telegram/request/_baserequest.py", line 375, in _request_wrapper
    raise exception
telegram.error.BadRequest: Can't parse entities: character '-' is reserved and must be escaped with the preceding '\'
2026-06-08 18:16:31 - bot - INFO - main:stop:166 - Stopping bot...
2026-06-08 18:16:32 - bot - INFO - main:stop:182 - Bot stopped successfully
2026-06-08 18:16:48 - bot - INFO - main:initialize:52 - Initializing bot components...
2026-06-08 18:16:48 - bot - INFO - main:initialize:57 - Database initialized
2026-06-08 18:16:48 - bot - INFO - main:initialize:62 - Cache initialized
2026-06-08 18:16:48 - bot - INFO - main:_register_handlers:101 - Handlers registered
2026-06-08 18:16:48 - bot - INFO - main:initialize:81 - Bot initialized successfully
2026-06-08 18:16:48 - bot - INFO - main:start:136 - Starting bot...
2026-06-08 18:16:49 - bot - INFO - main:start:147 - Bot started successfully
2026-06-08 18:16:50 - bot - INFO - main:start:148 - Bot username: @Esamaibot
2026-06-08 18:16:51 - bot - ERROR - main:_error_handler:109 - Update Update(message=Message(channel_chat_created=False, chat=Chat(first_name='عصام', id=1431003618, last_name='مرحب', type=<ChatType.PRIVATE>, username='Esam_Marhb'), date=datetime.datetime(2026, 6, 8, 15, 16, 51, tzinfo=datetime.timezone.utc), delete_chat_photo=False, entities=(MessageEntity(length=6, offset=0, type=<MessageEntityType.BOT_COMMAND>),), from_user=User(first_name='عصام', id=1431003618, is_bot=False, language_code='ar', last_name='مرحب', username='Esam_Marhb'), group_chat_created=False, message_id=356, supergroup_chat_created=False, text='/admin'), update_id=509989960) caused error Can't parse entities: character '-' is reserved and must be escaped with the preceding '\'
Traceback (most recent call last):
  File "/data/data/com.termux/files/home/telegram-software-bot/venv/lib/python3.13/site-packages/telegram/ext/_application.py", line 1315, in process_update
    await coroutine
  File "/data/data/com.termux/files/home/telegram-software-bot/venv/lib/python3.13/site-packages/telegram/ext/_handlers/basehandler.py", line 159, in handle_update
    return await self.callback(update, context)
           ^^^^^^^^^^^^^^^^^^^^^^^^^^^^^^^^^^^^
  File "/data/data/com.termux/files/home/telegram-software-bot/handlers/admin_handlers.py", line 38, in admin_command
    await update.message.reply_text(text)
  File "/data/data/com.termux/files/home/telegram-software-bot/venv/lib/python3.13/site-packages/telegram/_message.py", line 2106, in reply_text
    return await self.get_bot().send_message(
           ^^^^^^^^^^^^^^^^^^^^^^^^^^^^^^^^^^
    ...<21 lines>...
    )
    ^
  File "/data/data/com.termux/files/home/telegram-software-bot/venv/lib/python3.13/site-packages/telegram/ext/_extbot.py", line 3118, in send_message
    return await super().send_message(
           ^^^^^^^^^^^^^^^^^^^^^^^^^^^
    ...<23 lines>...
    )
    ^
  File "/data/data/com.termux/files/home/telegram-software-bot/venv/lib/python3.13/site-packages/telegram/_bot.py", line 1123, in send_message
    return await self._send_message(
           ^^^^^^^^^^^^^^^^^^^^^^^^^
    ...<21 lines>...
    )
    ^
  File "/data/data/com.termux/files/home/telegram-software-bot/venv/lib/python3.13/site-packages/telegram/ext/_extbot.py", line 630, in _send_message
    result = await super()._send_message(
             ^^^^^^^^^^^^^^^^^^^^^^^^^^^^
    ...<23 lines>...
    )
    ^
  File "/data/data/com.termux/files/home/telegram-software-bot/venv/lib/python3.13/site-packages/telegram/_bot.py", line 820, in _send_message
    result = await self._post(
             ^^^^^^^^^^^^^^^^^
    ...<7 lines>...
    )
    ^
  File "/data/data/com.termux/files/home/telegram-software-bot/venv/lib/python3.13/site-packages/telegram/_bot.py", line 704, in _post
    return await self._do_post(
           ^^^^^^^^^^^^^^^^^^^^
    ...<6 lines>...
    )
    ^
  File "/data/data/com.termux/files/home/telegram-software-bot/venv/lib/python3.13/site-packages/telegram/ext/_extbot.py", line 370, in _do_post
    return await super()._do_post(
           ^^^^^^^^^^^^^^^^^^^^^^^
    ...<6 lines>...
    )
    ^
  File "/data/data/com.termux/files/home/telegram-software-bot/venv/lib/python3.13/site-packages/telegram/_bot.py", line 733, in _do_post
    result = await request.post(
             ^^^^^^^^^^^^^^^^^^^
    ...<6 lines>...
    )
    ^
  File "/data/data/com.termux/files/home/telegram-software-bot/venv/lib/python3.13/site-packages/telegram/request/_baserequest.py", line 198, in post
    result = await self._request_wrapper(
             ^^^^^^^^^^^^^^^^^^^^^^^^^^^^
    ...<7 lines>...
    )
    ^
  File "/data/data/com.termux/files/home/telegram-software-bot/venv/lib/python3.13/site-packages/telegram/request/_baserequest.py", line 375, in _request_wrapper
    raise exception
telegram.error.BadRequest: Can't parse entities: character '-' is reserved and must be escaped with the preceding '\'
2026-06-08 18:16:57 - bot - ERROR - main:_error_handler:109 - Update Update(message=Message(channel_chat_created=False, chat=Chat(first_name='عصام', id=1431003618, last_name='مرحب', type=<ChatType.PRIVATE>, username='Esam_Marhb'), date=datetime.datetime(2026, 6, 8, 15, 16, 57, tzinfo=datetime.timezone.utc), delete_chat_photo=False, entities=(MessageEntity(length=6, offset=0, type=<MessageEntityType.BOT_COMMAND>),), from_user=User(first_name='عصام', id=1431003618, is_bot=False, language_code='ar', last_name='مرحب', username='Esam_Marhb'), group_chat_created=False, message_id=361, supergroup_chat_created=False, text='/admin'), update_id=509989963) caused error Can't parse entities: character '-' is reserved and must be escaped with the preceding '\'
Traceback (most recent call last):
  File "/data/data/com.termux/files/home/telegram-software-bot/venv/lib/python3.13/site-packages/telegram/ext/_application.py", line 1315, in process_update
    await coroutine
  File "/data/data/com.termux/files/home/telegram-software-bot/venv/lib/python3.13/site-packages/telegram/ext/_handlers/basehandler.py", line 159, in handle_update
    return await self.callback(update, context)
           ^^^^^^^^^^^^^^^^^^^^^^^^^^^^^^^^^^^^
  File "/data/data/com.termux/files/home/telegram-software-bot/handlers/admin_handlers.py", line 38, in admin_command
    await update.message.reply_text(text)
  File "/data/data/com.termux/files/home/telegram-software-bot/venv/lib/python3.13/site-packages/telegram/_message.py", line 2106, in reply_text
    return await self.get_bot().send_message(
           ^^^^^^^^^^^^^^^^^^^^^^^^^^^^^^^^^^
    ...<21 lines>...
    )
    ^
  File "/data/data/com.termux/files/home/telegram-software-bot/venv/lib/python3.13/site-packages/telegram/ext/_extbot.py", line 3118, in send_message
    return await super().send_message(
           ^^^^^^^^^^^^^^^^^^^^^^^^^^^
    ...<23 lines>...
    )
    ^
  File "/data/data/com.termux/files/home/telegram-software-bot/venv/lib/python3.13/site-packages/telegram/_bot.py", line 1123, in send_message
    return await self._send_message(
           ^^^^^^^^^^^^^^^^^^^^^^^^^
    ...<21 lines>...
    )
    ^
  File "/data/data/com.termux/files/home/telegram-software-bot/venv/lib/python3.13/site-packages/telegram/ext/_extbot.py", line 630, in _send_message
    result = await super()._send_message(
             ^^^^^^^^^^^^^^^^^^^^^^^^^^^^
    ...<23 lines>...
    )
    ^
  File "/data/data/com.termux/files/home/telegram-software-bot/venv/lib/python3.13/site-packages/telegram/_bot.py", line 820, in _send_message
    result = await self._post(
             ^^^^^^^^^^^^^^^^^
    ...<7 lines>...
    )
    ^
  File "/data/data/com.termux/files/home/telegram-software-bot/venv/lib/python3.13/site-packages/telegram/_bot.py", line 704, in _post
    return await self._do_post(
           ^^^^^^^^^^^^^^^^^^^^
    ...<6 lines>...
    )
    ^
  File "/data/data/com.termux/files/home/telegram-software-bot/venv/lib/python3.13/site-packages/telegram/ext/_extbot.py", line 370, in _do_post
    return await super()._do_post(
           ^^^^^^^^^^^^^^^^^^^^^^^
    ...<6 lines>...
    )
    ^
  File "/data/data/com.termux/files/home/telegram-software-bot/venv/lib/python3.13/site-packages/telegram/_bot.py", line 733, in _do_post
    result = await request.post(
             ^^^^^^^^^^^^^^^^^^^
    ...<6 lines>...
    )
    ^
  File "/data/data/com.termux/files/home/telegram-software-bot/venv/lib/python3.13/site-packages/telegram/request/_baserequest.py", line 198, in post
    result = await self._request_wrapper(
             ^^^^^^^^^^^^^^^^^^^^^^^^^^^^
    ...<7 lines>...
    )
    ^
  File "/data/data/com.termux/files/home/telegram-software-bot/venv/lib/python3.13/site-packages/telegram/request/_baserequest.py", line 375, in _request_wrapper
    raise exception
telegram.error.BadRequest: Can't parse entities: character '-' is reserved and must be escaped with the preceding '\'
2026-06-08 18:17:21 - bot - INFO - main:stop:166 - Stopping bot...
2026-06-08 18:17:47 - bot - INFO - main:initialize:52 - Initializing bot components...
2026-06-08 18:17:47 - bot - INFO - main:initialize:57 - Database initialized
2026-06-08 18:17:47 - bot - INFO - main:initialize:62 - Cache initialized
2026-06-08 18:17:47 - bot - INFO - main:_register_handlers:101 - Handlers registered
2026-06-08 18:17:47 - bot - INFO - main:initialize:81 - Bot initialized successfully
2026-06-08 18:17:47 - bot - INFO - main:start:136 - Starting bot...
2026-06-08 18:17:48 - bot - INFO - main:start:147 - Bot started successfully
2026-06-08 18:17:48 - bot - INFO - main:start:148 - Bot username: @Esamaibot
2026-06-08 18:17:50 - bot - ERROR - main:_error_handler:109 - Update Update(message=Message(channel_chat_created=False, chat=Chat(first_name='عصام', id=1431003618, last_name='مرحب', type=<ChatType.PRIVATE>, username='Esam_Marhb'), date=datetime.datetime(2026, 6, 8, 15, 17, 50, tzinfo=datetime.timezone.utc), delete_chat_photo=False, entities=(MessageEntity(length=6, offset=0, type=<MessageEntityType.BOT_COMMAND>),), from_user=User(first_name='عصام', id=1431003618, is_bot=False, language_code='ar', last_name='مرحب', username='Esam_Marhb'), group_chat_created=False, message_id=362, supergroup_chat_created=False, text='/admin'), update_id=509989964) caused error Can't parse entities: character '-' is reserved and must be escaped with the preceding '\'
Traceback (most recent call last):
  File "/data/data/com.termux/files/home/telegram-software-bot/venv/lib/python3.13/site-packages/telegram/ext/_application.py", line 1315, in process_update
    await coroutine
  File "/data/data/com.termux/files/home/telegram-software-bot/venv/lib/python3.13/site-packages/telegram/ext/_handlers/basehandler.py", line 159, in handle_update
    return await self.callback(update, context)
           ^^^^^^^^^^^^^^^^^^^^^^^^^^^^^^^^^^^^
  File "/data/data/com.termux/files/home/telegram-software-bot/handlers/admin_handlers.py", line 38, in admin_command
    await update.message.reply_text(text)
  File "/data/data/com.termux/files/home/telegram-software-bot/venv/lib/python3.13/site-packages/telegram/_message.py", line 2106, in reply_text
    return await self.get_bot().send_message(
           ^^^^^^^^^^^^^^^^^^^^^^^^^^^^^^^^^^
    ...<21 lines>...
    )
    ^
  File "/data/data/com.termux/files/home/telegram-software-bot/venv/lib/python3.13/site-packages/telegram/ext/_extbot.py", line 3118, in send_message
    return await super().send_message(
           ^^^^^^^^^^^^^^^^^^^^^^^^^^^
    ...<23 lines>...
    )
    ^
  File "/data/data/com.termux/files/home/telegram-software-bot/venv/lib/python3.13/site-packages/telegram/_bot.py", line 1123, in send_message
    return await self._send_message(
           ^^^^^^^^^^^^^^^^^^^^^^^^^
    ...<21 lines>...
    )
    ^
  File "/data/data/com.termux/files/home/telegram-software-bot/venv/lib/python3.13/site-packages/telegram/ext/_extbot.py", line 630, in _send_message
    result = await super()._send_message(
             ^^^^^^^^^^^^^^^^^^^^^^^^^^^^
    ...<23 lines>...
    )
    ^
  File "/data/data/com.termux/files/home/telegram-software-bot/venv/lib/python3.13/site-packages/telegram/_bot.py", line 820, in _send_message
    result = await self._post(
             ^^^^^^^^^^^^^^^^^
    ...<7 lines>...
    )
    ^
  File "/data/data/com.termux/files/home/telegram-software-bot/venv/lib/python3.13/site-packages/telegram/_bot.py", line 704, in _post
    return await self._do_post(
           ^^^^^^^^^^^^^^^^^^^^
    ...<6 lines>...
    )
    ^
  File "/data/data/com.termux/files/home/telegram-software-bot/venv/lib/python3.13/site-packages/telegram/ext/_extbot.py", line 370, in _do_post
    return await super()._do_post(
           ^^^^^^^^^^^^^^^^^^^^^^^
    ...<6 lines>...
    )
    ^
  File "/data/data/com.termux/files/home/telegram-software-bot/venv/lib/python3.13/site-packages/telegram/_bot.py", line 733, in _do_post
    result = await request.post(
             ^^^^^^^^^^^^^^^^^^^
    ...<6 lines>...
    )
    ^
  File "/data/data/com.termux/files/home/telegram-software-bot/venv/lib/python3.13/site-packages/telegram/request/_baserequest.py", line 198, in post
    result = await self._request_wrapper(
             ^^^^^^^^^^^^^^^^^^^^^^^^^^^^
    ...<7 lines>...
    )
    ^
  File "/data/data/com.termux/files/home/telegram-software-bot/venv/lib/python3.13/site-packages/telegram/request/_baserequest.py", line 375, in _request_wrapper
    raise exception
telegram.error.BadRequest: Can't parse entities: character '-' is reserved and must be escaped with the preceding '\'
2026-06-08 18:18:46 - bot - INFO - main:stop:166 - Stopping bot...
2026-06-08 18:19:48 - bot - INFO - main:initialize:52 - Initializing bot components...
2026-06-08 18:19:48 - bot - INFO - main:initialize:57 - Database initialized
2026-06-08 18:19:48 - bot - INFO - main:initialize:62 - Cache initialized
2026-06-08 18:19:48 - bot - INFO - main:_register_handlers:101 - Handlers registered
2026-06-08 18:19:48 - bot - INFO - main:initialize:81 - Bot initialized successfully
2026-06-08 18:19:48 - bot - INFO - main:start:136 - Starting bot...
2026-06-08 18:19:49 - bot - INFO - main:start:147 - Bot started successfully
2026-06-08 18:19:49 - bot - INFO - main:start:148 - Bot username: @Esamaibot
2026-06-08 18:20:01 - bot - ERROR - main:_error_handler:109 - Update Update(message=Message(channel_chat_created=False, chat=Chat(first_name='عصام', id=1431003618, last_name='مرحب', type=<ChatType.PRIVATE>, username='Esam_Marhb'), date=datetime.datetime(2026, 6, 8, 15, 20, 1, tzinfo=datetime.timezone.utc), delete_chat_photo=False, entities=(MessageEntity(length=7, offset=0, type=<MessageEntityType.BOT_COMMAND>),), from_user=User(first_name='عصام', id=1431003618, is_bot=False, language_code='ar', last_name='مرحب', username='Esam_Marhb'), group_chat_created=False, message_id=369, supergroup_chat_created=False, text='/search Chrome'), update_id=509989968) caused error Can't parse entities: character '.' is reserved and must be escaped with the preceding '\'
Traceback (most recent call last):
  File "/data/data/com.termux/files/home/telegram-software-bot/venv/lib/python3.13/site-packages/telegram/ext/_application.py", line 1315, in process_update
    await coroutine
  File "/data/data/com.termux/files/home/telegram-software-bot/venv/lib/python3.13/site-packages/telegram/ext/_handlers/basehandler.py", line 159, in handle_update
    return await self.callback(update, context)
           ^^^^^^^^^^^^^^^^^^^^^^^^^^^^^^^^^^^^
  File "/data/data/com.termux/files/home/telegram-software-bot/handlers/user_handlers.py", line 232, in search_command
    await self._perform_search(
        update, context, sanitized_query, update.effective_user.id
    )
  File "/data/data/com.termux/files/home/telegram-software-bot/handlers/user_handlers.py", line 253, in _perform_search
    searching_msg = await update.message.reply_text(
                    ^^^^^^^^^^^^^^^^^^^^^^^^^^^^^^^^
    ...<2 lines>...
    )
    ^
  File "/data/data/com.termux/files/home/telegram-software-bot/venv/lib/python3.13/site-packages/telegram/_message.py", line 2106, in reply_text
    return await self.get_bot().send_message(
           ^^^^^^^^^^^^^^^^^^^^^^^^^^^^^^^^^^
    ...<21 lines>...
    )
    ^
  File "/data/data/com.termux/files/home/telegram-software-bot/venv/lib/python3.13/site-packages/telegram/ext/_extbot.py", line 3118, in send_message
    return await super().send_message(
           ^^^^^^^^^^^^^^^^^^^^^^^^^^^
    ...<23 lines>...
    )
    ^
  File "/data/data/com.termux/files/home/telegram-software-bot/venv/lib/python3.13/site-packages/telegram/_bot.py", line 1123, in send_message
    return await self._send_message(
           ^^^^^^^^^^^^^^^^^^^^^^^^^
    ...<21 lines>...
    )
    ^
  File "/data/data/com.termux/files/home/telegram-software-bot/venv/lib/python3.13/site-packages/telegram/ext/_extbot.py", line 630, in _send_message
    result = await super()._send_message(
             ^^^^^^^^^^^^^^^^^^^^^^^^^^^^
    ...<23 lines>...
    )
    ^
  File "/data/data/com.termux/files/home/telegram-software-bot/venv/lib/python3.13/site-packages/telegram/_bot.py", line 820, in _send_message
    result = await self._post(
             ^^^^^^^^^^^^^^^^^
    ...<7 lines>...
    )
    ^
  File "/data/data/com.termux/files/home/telegram-software-bot/venv/lib/python3.13/site-packages/telegram/_bot.py", line 704, in _post
    return await self._do_post(
           ^^^^^^^^^^^^^^^^^^^^
    ...<6 lines>...
    )
    ^
  File "/data/data/com.termux/files/home/telegram-software-bot/venv/lib/python3.13/site-packages/telegram/ext/_extbot.py", line 370, in _do_post
    return await super()._do_post(
           ^^^^^^^^^^^^^^^^^^^^^^^
    ...<6 lines>...
    )
    ^
  File "/data/data/com.termux/files/home/telegram-software-bot/venv/lib/python3.13/site-packages/telegram/_bot.py", line 733, in _do_post
    result = await request.post(
             ^^^^^^^^^^^^^^^^^^^
    ...<6 lines>...
    )
    ^
  File "/data/data/com.termux/files/home/telegram-software-bot/venv/lib/python3.13/site-packages/telegram/request/_baserequest.py", line 198, in post
    result = await self._request_wrapper(
             ^^^^^^^^^^^^^^^^^^^^^^^^^^^^
    ...<7 lines>...
    )
    ^
  File "/data/data/com.termux/files/home/telegram-software-bot/venv/lib/python3.13/site-packages/telegram/request/_baserequest.py", line 375, in _request_wrapper
    raise exception
telegram.error.BadRequest: Can't parse entities: character '.' is reserved and must be escaped with the preceding '\'
2026-06-08 18:20:33 - bot - INFO - main:stop:166 - Stopping bot...
2026-06-08 18:26:12 - bot - INFO - main:initialize:52 - Initializing bot components...
2026-06-08 18:26:12 - bot - INFO - main:initialize:57 - Database initialized
2026-06-08 18:26:12 - bot - INFO - main:initialize:62 - Cache initialized
2026-06-08 18:26:12 - bot - INFO - main:_register_handlers:101 - Handlers registered
2026-06-08 18:26:12 - bot - INFO - main:initialize:81 - Bot initialized successfully
2026-06-08 18:26:12 - bot - INFO - main:start:136 - Starting bot...
2026-06-08 18:26:13 - bot - INFO - main:start:147 - Bot started successfully
2026-06-08 18:26:14 - bot - INFO - main:start:148 - Bot username: @Esamaibot
2026-06-08 18:26:39 - bot - ERROR - main:_error_handler:109 - Update Update(message=Message(channel_chat_created=False, chat=Chat(first_name='عصام', id=1431003618, last_name='مرحب', type=<ChatType.PRIVATE>, username='Esam_Marhb'), date=datetime.datetime(2026, 6, 8, 15, 26, 39, tzinfo=datetime.timezone.utc), delete_chat_photo=False, entities=(MessageEntity(length=7, offset=0, type=<MessageEntityType.BOT_COMMAND>),), from_user=User(first_name='عصام', id=1431003618, is_bot=False, language_code='ar', last_name='مرحب', username='Esam_Marhb'), group_chat_created=False, message_id=370, supergroup_chat_created=False, text='/search Chrome'), update_id=509989969) caused error Can't parse entities: character '.' is reserved and must be escaped with the preceding '\'
Traceback (most recent call last):
  File "/data/data/com.termux/files/home/telegram-software-bot/venv/lib/python3.13/site-packages/telegram/ext/_application.py", line 1315, in process_update
    await coroutine
  File "/data/data/com.termux/files/home/telegram-software-bot/venv/lib/python3.13/site-packages/telegram/ext/_handlers/basehandler.py", line 159, in handle_update
    return await self.callback(update, context)
           ^^^^^^^^^^^^^^^^^^^^^^^^^^^^^^^^^^^^
  File "/data/data/com.termux/files/home/telegram-software-bot/handlers/user_handlers.py", line 29, in search_command
    await self.do_search(update, text)
  File "/data/data/com.termux/files/home/telegram-software-bot/handlers/user_handlers.py", line 43, in do_search
    msg = await update.message.reply_text("🔍 جاري البحث...")
          ^^^^^^^^^^^^^^^^^^^^^^^^^^^^^^^^^^^^^^^^^^^^^^^^^^^
  File "/data/data/com.termux/files/home/telegram-software-bot/venv/lib/python3.13/site-packages/telegram/_message.py", line 2106, in reply_text
    return await self.get_bot().send_message(
           ^^^^^^^^^^^^^^^^^^^^^^^^^^^^^^^^^^
    ...<21 lines>...
    )
    ^
  File "/data/data/com.termux/files/home/telegram-software-bot/venv/lib/python3.13/site-packages/telegram/ext/_extbot.py", line 3118, in send_message
    return await super().send_message(
           ^^^^^^^^^^^^^^^^^^^^^^^^^^^
    ...<23 lines>...
    )
    ^
  File "/data/data/com.termux/files/home/telegram-software-bot/venv/lib/python3.13/site-packages/telegram/_bot.py", line 1123, in send_message
    return await self._send_message(
           ^^^^^^^^^^^^^^^^^^^^^^^^^
    ...<21 lines>...
    )
    ^
  File "/data/data/com.termux/files/home/telegram-software-bot/venv/lib/python3.13/site-packages/telegram/ext/_extbot.py", line 630, in _send_message
    result = await super()._send_message(
             ^^^^^^^^^^^^^^^^^^^^^^^^^^^^
    ...<23 lines>...
    )
    ^
  File "/data/data/com.termux/files/home/telegram-software-bot/venv/lib/python3.13/site-packages/telegram/_bot.py", line 820, in _send_message
    result = await self._post(
             ^^^^^^^^^^^^^^^^^
    ...<7 lines>...
    )
    ^
  File "/data/data/com.termux/files/home/telegram-software-bot/venv/lib/python3.13/site-packages/telegram/_bot.py", line 704, in _post
    return await self._do_post(
           ^^^^^^^^^^^^^^^^^^^^
    ...<6 lines>...
    )
    ^
  File "/data/data/com.termux/files/home/telegram-software-bot/venv/lib/python3.13/site-packages/telegram/ext/_extbot.py", line 370, in _do_post
    return await super()._do_post(
           ^^^^^^^^^^^^^^^^^^^^^^^
    ...<6 lines>...
    )
    ^
  File "/data/data/com.termux/files/home/telegram-software-bot/venv/lib/python3.13/site-packages/telegram/_bot.py", line 733, in _do_post
    result = await request.post(
             ^^^^^^^^^^^^^^^^^^^
    ...<6 lines>...
    )
    ^
  File "/data/data/com.termux/files/home/telegram-software-bot/venv/lib/python3.13/site-packages/telegram/request/_baserequest.py", line 198, in post
    result = await self._request_wrapper(
             ^^^^^^^^^^^^^^^^^^^^^^^^^^^^
    ...<7 lines>...
    )
    ^
  File "/data/data/com.termux/files/home/telegram-software-bot/venv/lib/python3.13/site-packages/telegram/request/_baserequest.py", line 375, in _request_wrapper
    raise exception
telegram.error.BadRequest: Can't parse entities: character '.' is reserved and must be escaped with the preceding '\'
2026-06-08 18:26:47 - bot - ERROR - main:_error_handler:109 - Update Update(message=Message(channel_chat_created=False, chat=Chat(first_name='عصام', id=1431003618, last_name='مرحب', type=<ChatType.PRIVATE>, username='Esam_Marhb'), date=datetime.datetime(2026, 6, 8, 15, 26, 46, tzinfo=datetime.timezone.utc), delete_chat_photo=False, from_user=User(first_name='عصام', id=1431003618, is_bot=False, language_code='ar', last_name='مرحب', username='Esam_Marhb'), group_chat_created=False, message_id=373, supergroup_chat_created=False, text='VLC'), update_id=509989971) caused error Can't parse entities: character '.' is reserved and must be escaped with the preceding '\'
Traceback (most recent call last):
  File "/data/data/com.termux/files/home/telegram-software-bot/venv/lib/python3.13/site-packages/telegram/ext/_application.py", line 1315, in process_update
    await coroutine
  File "/data/data/com.termux/files/home/telegram-software-bot/venv/lib/python3.13/site-packages/telegram/ext/_handlers/basehandler.py", line 159, in handle_update
    return await self.callback(update, context)
           ^^^^^^^^^^^^^^^^^^^^^^^^^^^^^^^^^^^^
  File "/data/data/com.termux/files/home/telegram-software-bot/handlers/user_handlers.py", line 38, in handle_message
    await self.do_search(update, text)
  File "/data/data/com.termux/files/home/telegram-software-bot/handlers/user_handlers.py", line 43, in do_search
    msg = await update.message.reply_text("🔍 جاري البحث...")
          ^^^^^^^^^^^^^^^^^^^^^^^^^^^^^^^^^^^^^^^^^^^^^^^^^^^
  File "/data/data/com.termux/files/home/telegram-software-bot/venv/lib/python3.13/site-packages/telegram/_message.py", line 2106, in reply_text
    return await self.get_bot().send_message(
           ^^^^^^^^^^^^^^^^^^^^^^^^^^^^^^^^^^
    ...<21 lines>...
    )
    ^
  File "/data/data/com.termux/files/home/telegram-software-bot/venv/lib/python3.13/site-packages/telegram/ext/_extbot.py", line 3118, in send_message
    return await super().send_message(
           ^^^^^^^^^^^^^^^^^^^^^^^^^^^
    ...<23 lines>...
    )
    ^
  File "/data/data/com.termux/files/home/telegram-software-bot/venv/lib/python3.13/site-packages/telegram/_bot.py", line 1123, in send_message
    return await self._send_message(
           ^^^^^^^^^^^^^^^^^^^^^^^^^
    ...<21 lines>...
    )
    ^
  File "/data/data/com.termux/files/home/telegram-software-bot/venv/lib/python3.13/site-packages/telegram/ext/_extbot.py", line 630, in _send_message
    result = await super()._send_message(
             ^^^^^^^^^^^^^^^^^^^^^^^^^^^^
    ...<23 lines>...
    )
    ^
  File "/data/data/com.termux/files/home/telegram-software-bot/venv/lib/python3.13/site-packages/telegram/_bot.py", line 820, in _send_message
    result = await self._post(
             ^^^^^^^^^^^^^^^^^
    ...<7 lines>...
    )
    ^
  File "/data/data/com.termux/files/home/telegram-software-bot/venv/lib/python3.13/site-packages/telegram/_bot.py", line 704, in _post
    return await self._do_post(
           ^^^^^^^^^^^^^^^^^^^^
    ...<6 lines>...
    )
    ^
  File "/data/data/com.termux/files/home/telegram-software-bot/venv/lib/python3.13/site-packages/telegram/ext/_extbot.py", line 370, in _do_post
    return await super()._do_post(
           ^^^^^^^^^^^^^^^^^^^^^^^
    ...<6 lines>...
    )
    ^
  File "/data/data/com.termux/files/home/telegram-software-bot/venv/lib/python3.13/site-packages/telegram/_bot.py", line 733, in _do_post
    result = await request.post(
             ^^^^^^^^^^^^^^^^^^^
    ...<6 lines>...
    )
    ^
  File "/data/data/com.termux/files/home/telegram-software-bot/venv/lib/python3.13/site-packages/telegram/request/_baserequest.py", line 198, in post
    result = await self._request_wrapper(
             ^^^^^^^^^^^^^^^^^^^^^^^^^^^^
    ...<7 lines>...
    )
    ^
  File "/data/data/com.termux/files/home/telegram-software-bot/venv/lib/python3.13/site-packages/telegram/request/_baserequest.py", line 375, in _request_wrapper
    raise exception
telegram.error.BadRequest: Can't parse entities: character '.' is reserved and must be escaped with the preceding '\'
2026-06-08 18:27:31 - bot - ERROR - main:_error_handler:109 - Update Update(message=Message(channel_chat_created=False, chat=Chat(first_name='عصام', id=1431003618, last_name='مرحب', type=<ChatType.PRIVATE>, username='Esam_Marhb'), date=datetime.datetime(2026, 6, 8, 15, 27, 31, tzinfo=datetime.timezone.utc), delete_chat_photo=False, from_user=User(first_name='عصام', id=1431003618, is_bot=False, language_code='ar', last_name='مرحب', username='Esam_Marhb'), group_chat_created=False, message_id=378, supergroup_chat_created=False, text='Vlc'), update_id=509989974) caused error Can't parse entities: character '.' is reserved and must be escaped with the preceding '\'
Traceback (most recent call last):
  File "/data/data/com.termux/files/home/telegram-software-bot/venv/lib/python3.13/site-packages/telegram/ext/_application.py", line 1315, in process_update
    await coroutine
  File "/data/data/com.termux/files/home/telegram-software-bot/venv/lib/python3.13/site-packages/telegram/ext/_handlers/basehandler.py", line 159, in handle_update
    return await self.callback(update, context)
           ^^^^^^^^^^^^^^^^^^^^^^^^^^^^^^^^^^^^
  File "/data/data/com.termux/files/home/telegram-software-bot/handlers/user_handlers.py", line 38, in handle_message
    await self.do_search(update, text)
  File "/data/data/com.termux/files/home/telegram-software-bot/handlers/user_handlers.py", line 43, in do_search
    msg = await update.message.reply_text("🔍 جاري البحث...")
          ^^^^^^^^^^^^^^^^^^^^^^^^^^^^^^^^^^^^^^^^^^^^^^^^^^^
  File "/data/data/com.termux/files/home/telegram-software-bot/venv/lib/python3.13/site-packages/telegram/_message.py", line 2106, in reply_text
    return await self.get_bot().send_message(
           ^^^^^^^^^^^^^^^^^^^^^^^^^^^^^^^^^^
    ...<21 lines>...
    )
    ^
  File "/data/data/com.termux/files/home/telegram-software-bot/venv/lib/python3.13/site-packages/telegram/ext/_extbot.py", line 3118, in send_message
    return await super().send_message(
           ^^^^^^^^^^^^^^^^^^^^^^^^^^^
    ...<23 lines>...
    )
    ^
  File "/data/data/com.termux/files/home/telegram-software-bot/venv/lib/python3.13/site-packages/telegram/_bot.py", line 1123, in send_message
    return await self._send_message(
           ^^^^^^^^^^^^^^^^^^^^^^^^^
    ...<21 lines>...
    )
    ^
  File "/data/data/com.termux/files/home/telegram-software-bot/venv/lib/python3.13/site-packages/telegram/ext/_extbot.py", line 630, in _send_message
    result = await super()._send_message(
             ^^^^^^^^^^^^^^^^^^^^^^^^^^^^
    ...<23 lines>...
    )
    ^
  File "/data/data/com.termux/files/home/telegram-software-bot/venv/lib/python3.13/site-packages/telegram/_bot.py", line 820, in _send_message
    result = await self._post(
             ^^^^^^^^^^^^^^^^^
    ...<7 lines>...
    )
    ^
  File "/data/data/com.termux/files/home/telegram-software-bot/venv/lib/python3.13/site-packages/telegram/_bot.py", line 704, in _post
    return await self._do_post(
           ^^^^^^^^^^^^^^^^^^^^
    ...<6 lines>...
    )
    ^
  File "/data/data/com.termux/files/home/telegram-software-bot/venv/lib/python3.13/site-packages/telegram/ext/_extbot.py", line 370, in _do_post
    return await super()._do_post(
           ^^^^^^^^^^^^^^^^^^^^^^^
    ...<6 lines>...
    )
    ^
  File "/data/data/com.termux/files/home/telegram-software-bot/venv/lib/python3.13/site-packages/telegram/_bot.py", line 733, in _do_post
    result = await request.post(
             ^^^^^^^^^^^^^^^^^^^
    ...<6 lines>...
    )
    ^
  File "/data/data/com.termux/files/home/telegram-software-bot/venv/lib/python3.13/site-packages/telegram/request/_baserequest.py", line 198, in post
    result = await self._request_wrapper(
             ^^^^^^^^^^^^^^^^^^^^^^^^^^^^
    ...<7 lines>...
    )
    ^
  File "/data/data/com.termux/files/home/telegram-software-bot/venv/lib/python3.13/site-packages/telegram/request/_baserequest.py", line 375, in _request_wrapper
    raise exception
telegram.error.BadRequest: Can't parse entities: character '.' is reserved and must be escaped with the preceding '\'
2026-06-08 18:28:38 - bot - INFO - main:stop:166 - Stopping bot...
2026-06-08 18:29:00 - bot - INFO - main:initialize:52 - Initializing bot components...
2026-06-08 18:29:00 - bot - INFO - main:initialize:57 - Database initialized
2026-06-08 18:29:00 - bot - INFO - main:initialize:62 - Cache initialized
2026-06-08 18:29:00 - bot - INFO - main:_register_handlers:101 - Handlers registered
2026-06-08 18:29:00 - bot - INFO - main:initialize:81 - Bot initialized successfully
2026-06-08 18:29:00 - bot - INFO - main:start:136 - Starting bot...
2026-06-08 18:29:01 - bot - INFO - main:start:147 - Bot started successfully
2026-06-08 18:29:01 - bot - INFO - main:start:148 - Bot username: @Esamaibot
2026-06-08 18:29:10 - bot - ERROR - main:_error_handler:109 - Update Update(message=Message(channel_chat_created=False, chat=Chat(first_name='عصام', id=1431003618, last_name='مرحب', type=<ChatType.PRIVATE>, username='Esam_Marhb'), date=datetime.datetime(2026, 6, 8, 15, 29, 10, tzinfo=datetime.timezone.utc), delete_chat_photo=False, from_user=User(first_name='عصام', id=1431003618, is_bot=False, language_code='ar', last_name='مرحب', username='Esam_Marhb'), group_chat_created=False, message_id=381, supergroup_chat_created=False, text='Chrome'), update_id=509989976) caused error Can't parse entities: character '.' is reserved and must be escaped with the preceding '\'
Traceback (most recent call last):
  File "/data/data/com.termux/files/home/telegram-software-bot/venv/lib/python3.13/site-packages/telegram/ext/_application.py", line 1315, in process_update
    await coroutine
  File "/data/data/com.termux/files/home/telegram-software-bot/venv/lib/python3.13/site-packages/telegram/ext/_handlers/basehandler.py", line 159, in handle_update
    return await self.callback(update, context)
           ^^^^^^^^^^^^^^^^^^^^^^^^^^^^^^^^^^^^
  File "/data/data/com.termux/files/home/telegram-software-bot/handlers/user_handlers.py", line 38, in handle_message
    await self.do_search(update, text)
  File "/data/data/com.termux/files/home/telegram-software-bot/handlers/user_handlers.py", line 43, in do_search
    msg = await update.message.reply_text("🔍 جاري البحث...")
          ^^^^^^^^^^^^^^^^^^^^^^^^^^^^^^^^^^^^^^^^^^^^^^^^^^^
  File "/data/data/com.termux/files/home/telegram-software-bot/venv/lib/python3.13/site-packages/telegram/_message.py", line 2106, in reply_text
    return await self.get_bot().send_message(
           ^^^^^^^^^^^^^^^^^^^^^^^^^^^^^^^^^^
    ...<21 lines>...
    )
    ^
  File "/data/data/com.termux/files/home/telegram-software-bot/venv/lib/python3.13/site-packages/telegram/ext/_extbot.py", line 3118, in send_message
    return await super().send_message(
           ^^^^^^^^^^^^^^^^^^^^^^^^^^^
    ...<23 lines>...
    )
    ^
  File "/data/data/com.termux/files/home/telegram-software-bot/venv/lib/python3.13/site-packages/telegram/_bot.py", line 1123, in send_message
    return await self._send_message(
           ^^^^^^^^^^^^^^^^^^^^^^^^^
    ...<21 lines>...
    )
    ^
  File "/data/data/com.termux/files/home/telegram-software-bot/venv/lib/python3.13/site-packages/telegram/ext/_extbot.py", line 630, in _send_message
    result = await super()._send_message(
             ^^^^^^^^^^^^^^^^^^^^^^^^^^^^
    ...<23 lines>...
    )
    ^
  File "/data/data/com.termux/files/home/telegram-software-bot/venv/lib/python3.13/site-packages/telegram/_bot.py", line 820, in _send_message
    result = await self._post(
             ^^^^^^^^^^^^^^^^^
    ...<7 lines>...
    )
    ^
  File "/data/data/com.termux/files/home/telegram-software-bot/venv/lib/python3.13/site-packages/telegram/_bot.py", line 704, in _post
    return await self._do_post(
           ^^^^^^^^^^^^^^^^^^^^
    ...<6 lines>...
    )
    ^
  File "/data/data/com.termux/files/home/telegram-software-bot/venv/lib/python3.13/site-packages/telegram/ext/_extbot.py", line 370, in _do_post
    return await super()._do_post(
           ^^^^^^^^^^^^^^^^^^^^^^^
    ...<6 lines>...
    )
    ^
  File "/data/data/com.termux/files/home/telegram-software-bot/venv/lib/python3.13/site-packages/telegram/_bot.py", line 733, in _do_post
    result = await request.post(
             ^^^^^^^^^^^^^^^^^^^
    ...<6 lines>...
    )
    ^
  File "/data/data/com.termux/files/home/telegram-software-bot/venv/lib/python3.13/site-packages/telegram/request/_baserequest.py", line 198, in post
    result = await self._request_wrapper(
             ^^^^^^^^^^^^^^^^^^^^^^^^^^^^
    ...<7 lines>...
    )
    ^
  File "/data/data/com.termux/files/home/telegram-software-bot/venv/lib/python3.13/site-packages/telegram/request/_baserequest.py", line 375, in _request_wrapper
    raise exception
telegram.error.BadRequest: Can't parse entities: character '.' is reserved and must be escaped with the preceding '\'
2026-06-08 18:29:14 - bot - ERROR - main:_error_handler:109 - Update Update(message=Message(channel_chat_created=False, chat=Chat(first_name='عصام', id=1431003618, last_name='مرحب', type=<ChatType.PRIVATE>, username='Esam_Marhb'), date=datetime.datetime(2026, 6, 8, 15, 29, 14, tzinfo=datetime.timezone.utc), delete_chat_photo=False, from_user=User(first_name='عصام', id=1431003618, is_bot=False, language_code='ar', last_name='مرحب', username='Esam_Marhb'), group_chat_created=False, message_id=382, supergroup_chat_created=False, text='Vlc'), update_id=509989977) caused error Can't parse entities: character '.' is reserved and must be escaped with the preceding '\'
Traceback (most recent call last):
  File "/data/data/com.termux/files/home/telegram-software-bot/venv/lib/python3.13/site-packages/telegram/ext/_application.py", line 1315, in process_update
    await coroutine
  File "/data/data/com.termux/files/home/telegram-software-bot/venv/lib/python3.13/site-packages/telegram/ext/_handlers/basehandler.py", line 159, in handle_update
    return await self.callback(update, context)
           ^^^^^^^^^^^^^^^^^^^^^^^^^^^^^^^^^^^^
  File "/data/data/com.termux/files/home/telegram-software-bot/handlers/user_handlers.py", line 38, in handle_message
    await self.do_search(update, text)
  File "/data/data/com.termux/files/home/telegram-software-bot/handlers/user_handlers.py", line 43, in do_search
    msg = await update.message.reply_text("🔍 جاري البحث...")
          ^^^^^^^^^^^^^^^^^^^^^^^^^^^^^^^^^^^^^^^^^^^^^^^^^^^
  File "/data/data/com.termux/files/home/telegram-software-bot/venv/lib/python3.13/site-packages/telegram/_message.py", line 2106, in reply_text
    return await self.get_bot().send_message(
           ^^^^^^^^^^^^^^^^^^^^^^^^^^^^^^^^^^
    ...<21 lines>...
    )
    ^
  File "/data/data/com.termux/files/home/telegram-software-bot/venv/lib/python3.13/site-packages/telegram/ext/_extbot.py", line 3118, in send_message
    return await super().send_message(
           ^^^^^^^^^^^^^^^^^^^^^^^^^^^
    ...<23 lines>...
    )
    ^
  File "/data/data/com.termux/files/home/telegram-software-bot/venv/lib/python3.13/site-packages/telegram/_bot.py", line 1123, in send_message
    return await self._send_message(
           ^^^^^^^^^^^^^^^^^^^^^^^^^
    ...<21 lines>...
    )
    ^
  File "/data/data/com.termux/files/home/telegram-software-bot/venv/lib/python3.13/site-packages/telegram/ext/_extbot.py", line 630, in _send_message
    result = await super()._send_message(
             ^^^^^^^^^^^^^^^^^^^^^^^^^^^^
    ...<23 lines>...
    )
    ^
  File "/data/data/com.termux/files/home/telegram-software-bot/venv/lib/python3.13/site-packages/telegram/_bot.py", line 820, in _send_message
    result = await self._post(
             ^^^^^^^^^^^^^^^^^
    ...<7 lines>...
    )
    ^
  File "/data/data/com.termux/files/home/telegram-software-bot/venv/lib/python3.13/site-packages/telegram/_bot.py", line 704, in _post
    return await self._do_post(
           ^^^^^^^^^^^^^^^^^^^^
    ...<6 lines>...
    )
    ^
  File "/data/data/com.termux/files/home/telegram-software-bot/venv/lib/python3.13/site-packages/telegram/ext/_extbot.py", line 370, in _do_post
    return await super()._do_post(
           ^^^^^^^^^^^^^^^^^^^^^^^
    ...<6 lines>...
    )
    ^
  File "/data/data/com.termux/files/home/telegram-software-bot/venv/lib/python3.13/site-packages/telegram/_bot.py", line 733, in _do_post
    result = await request.post(
             ^^^^^^^^^^^^^^^^^^^
    ...<6 lines>...
    )
    ^
  File "/data/data/com.termux/files/home/telegram-software-bot/venv/lib/python3.13/site-packages/telegram/request/_baserequest.py", line 198, in post
    result = await self._request_wrapper(
             ^^^^^^^^^^^^^^^^^^^^^^^^^^^^
    ...<7 lines>...
    )
    ^
  File "/data/data/com.termux/files/home/telegram-software-bot/venv/lib/python3.13/site-packages/telegram/request/_baserequest.py", line 375, in _request_wrapper
    raise exception
telegram.error.BadRequest: Can't parse entities: character '.' is reserved and must be escaped with the preceding '\'
2026-06-08 18:29:17 - bot - ERROR - main:_error_handler:109 - Update Update(message=Message(channel_chat_created=False, chat=Chat(first_name='عصام', id=1431003618, last_name='مرحب', type=<ChatType.PRIVATE>, username='Esam_Marhb'), date=datetime.datetime(2026, 6, 8, 15, 29, 17, tzinfo=datetime.timezone.utc), delete_chat_photo=False, from_user=User(first_name='عصام', id=1431003618, is_bot=False, language_code='ar', last_name='مرحب', username='Esam_Marhb'), group_chat_created=False, message_id=383, supergroup_chat_created=False, text='Vcl'), update_id=509989978) caused error Can't parse entities: character '.' is reserved and must be escaped with the preceding '\'
Traceback (most recent call last):
  File "/data/data/com.termux/files/home/telegram-software-bot/venv/lib/python3.13/site-packages/telegram/ext/_application.py", line 1315, in process_update
    await coroutine
  File "/data/data/com.termux/files/home/telegram-software-bot/venv/lib/python3.13/site-packages/telegram/ext/_handlers/basehandler.py", line 159, in handle_update
    return await self.callback(update, context)
           ^^^^^^^^^^^^^^^^^^^^^^^^^^^^^^^^^^^^
  File "/data/data/com.termux/files/home/telegram-software-bot/handlers/user_handlers.py", line 38, in handle_message
    await self.do_search(update, text)
  File "/data/data/com.termux/files/home/telegram-software-bot/handlers/user_handlers.py", line 43, in do_search
    msg = await update.message.reply_text("🔍 جاري البحث...")
          ^^^^^^^^^^^^^^^^^^^^^^^^^^^^^^^^^^^^^^^^^^^^^^^^^^^
  File "/data/data/com.termux/files/home/telegram-software-bot/venv/lib/python3.13/site-packages/telegram/_message.py", line 2106, in reply_text
    return await self.get_bot().send_message(
           ^^^^^^^^^^^^^^^^^^^^^^^^^^^^^^^^^^
    ...<21 lines>...
    )
    ^
  File "/data/data/com.termux/files/home/telegram-software-bot/venv/lib/python3.13/site-packages/telegram/ext/_extbot.py", line 3118, in send_message
    return await super().send_message(
           ^^^^^^^^^^^^^^^^^^^^^^^^^^^
    ...<23 lines>...
    )
    ^
  File "/data/data/com.termux/files/home/telegram-software-bot/venv/lib/python3.13/site-packages/telegram/_bot.py", line 1123, in send_message
    return await self._send_message(
           ^^^^^^^^^^^^^^^^^^^^^^^^^
    ...<21 lines>...
    )
    ^
  File "/data/data/com.termux/files/home/telegram-software-bot/venv/lib/python3.13/site-packages/telegram/ext/_extbot.py", line 630, in _send_message
    result = await super()._send_message(
             ^^^^^^^^^^^^^^^^^^^^^^^^^^^^
    ...<23 lines>...
    )
    ^
  File "/data/data/com.termux/files/home/telegram-software-bot/venv/lib/python3.13/site-packages/telegram/_bot.py", line 820, in _send_message
    result = await self._post(
             ^^^^^^^^^^^^^^^^^
    ...<7 lines>...
    )
    ^
  File "/data/data/com.termux/files/home/telegram-software-bot/venv/lib/python3.13/site-packages/telegram/_bot.py", line 704, in _post
    return await self._do_post(
           ^^^^^^^^^^^^^^^^^^^^
    ...<6 lines>...
    )
    ^
  File "/data/data/com.termux/files/home/telegram-software-bot/venv/lib/python3.13/site-packages/telegram/ext/_extbot.py", line 370, in _do_post
    return await super()._do_post(
           ^^^^^^^^^^^^^^^^^^^^^^^
    ...<6 lines>...
    )
    ^
  File "/data/data/com.termux/files/home/telegram-software-bot/venv/lib/python3.13/site-packages/telegram/_bot.py", line 733, in _do_post
    result = await request.post(
             ^^^^^^^^^^^^^^^^^^^
    ...<6 lines>...
    )
    ^
  File "/data/data/com.termux/files/home/telegram-software-bot/venv/lib/python3.13/site-packages/telegram/request/_baserequest.py", line 198, in post
    result = await self._request_wrapper(
             ^^^^^^^^^^^^^^^^^^^^^^^^^^^^
    ...<7 lines>...
    )
    ^
  File "/data/data/com.termux/files/home/telegram-software-bot/venv/lib/python3.13/site-packages/telegram/request/_baserequest.py", line 375, in _request_wrapper
    raise exception
telegram.error.BadRequest: Can't parse entities: character '.' is reserved and must be escaped with the preceding '\'
2026-06-08 18:29:33 - bot - ERROR - main:_error_handler:109 - Update Update(message=Message(channel_chat_created=False, chat=Chat(first_name='عصام', id=1431003618, last_name='مرحب', type=<ChatType.PRIVATE>, username='Esam_Marhb'), date=datetime.datetime(2026, 6, 8, 15, 29, 33, tzinfo=datetime.timezone.utc), delete_chat_photo=False, entities=(MessageEntity(length=6, offset=0, type=<MessageEntityType.BOT_COMMAND>),), from_user=User(first_name='عصام', id=1431003618, is_bot=False, language_code='ar', last_name='مرحب', username='Esam_Marhb'), group_chat_created=False, message_id=384, supergroup_chat_created=False, text='/start'), update_id=509989979) caused error Can't parse entities: character '-' is reserved and must be escaped with the preceding '\'
Traceback (most recent call last):
  File "/data/data/com.termux/files/home/telegram-software-bot/venv/lib/python3.13/site-packages/telegram/ext/_application.py", line 1315, in process_update
    await coroutine
  File "/data/data/com.termux/files/home/telegram-software-bot/venv/lib/python3.13/site-packages/telegram/ext/_handlers/basehandler.py", line 159, in handle_update
    return await self.callback(update, context)
           ^^^^^^^^^^^^^^^^^^^^^^^^^^^^^^^^^^^^
  File "/data/data/com.termux/files/home/telegram-software-bot/handlers/user_handlers.py", line 12, in start_command
    await update.message.reply_text(
    ...<3 lines>...
    )
  File "/data/data/com.termux/files/home/telegram-software-bot/venv/lib/python3.13/site-packages/telegram/_message.py", line 2106, in reply_text
    return await self.get_bot().send_message(
           ^^^^^^^^^^^^^^^^^^^^^^^^^^^^^^^^^^
    ...<21 lines>...
    )
    ^
  File "/data/data/com.termux/files/home/telegram-software-bot/venv/lib/python3.13/site-packages/telegram/ext/_extbot.py", line 3118, in send_message
    return await super().send_message(
           ^^^^^^^^^^^^^^^^^^^^^^^^^^^
    ...<23 lines>...
    )
    ^
  File "/data/data/com.termux/files/home/telegram-software-bot/venv/lib/python3.13/site-packages/telegram/_bot.py", line 1123, in send_message
    return await self._send_message(
           ^^^^^^^^^^^^^^^^^^^^^^^^^
    ...<21 lines>...
    )
    ^
  File "/data/data/com.termux/files/home/telegram-software-bot/venv/lib/python3.13/site-packages/telegram/ext/_extbot.py", line 630, in _send_message
    result = await super()._send_message(
             ^^^^^^^^^^^^^^^^^^^^^^^^^^^^
    ...<23 lines>...
    )
    ^
  File "/data/data/com.termux/files/home/telegram-software-bot/venv/lib/python3.13/site-packages/telegram/_bot.py", line 820, in _send_message
    result = await self._post(
             ^^^^^^^^^^^^^^^^^
    ...<7 lines>...
    )
    ^
  File "/data/data/com.termux/files/home/telegram-software-bot/venv/lib/python3.13/site-packages/telegram/_bot.py", line 704, in _post
    return await self._do_post(
           ^^^^^^^^^^^^^^^^^^^^
    ...<6 lines>...
    )
    ^
  File "/data/data/com.termux/files/home/telegram-software-bot/venv/lib/python3.13/site-packages/telegram/ext/_extbot.py", line 370, in _do_post
    return await super()._do_post(
           ^^^^^^^^^^^^^^^^^^^^^^^
    ...<6 lines>...
    )
    ^
  File "/data/data/com.termux/files/home/telegram-software-bot/venv/lib/python3.13/site-packages/telegram/_bot.py", line 733, in _do_post
    result = await request.post(
             ^^^^^^^^^^^^^^^^^^^
    ...<6 lines>...
    )
    ^
  File "/data/data/com.termux/files/home/telegram-software-bot/venv/lib/python3.13/site-packages/telegram/request/_baserequest.py", line 198, in post
    result = await self._request_wrapper(
             ^^^^^^^^^^^^^^^^^^^^^^^^^^^^
    ...<7 lines>...
    )
    ^
  File "/data/data/com.termux/files/home/telegram-software-bot/venv/lib/python3.13/site-packages/telegram/request/_baserequest.py", line 375, in _request_wrapper
    raise exception
telegram.error.BadRequest: Can't parse entities: character '-' is reserved and must be escaped with the preceding '\'
2026-06-08 18:29:40 - bot - ERROR - main:_error_handler:109 - Update Update(message=Message(channel_chat_created=False, chat=Chat(first_name='عصام', id=1431003618, last_name='مرحب', type=<ChatType.PRIVATE>, username='Esam_Marhb'), date=datetime.datetime(2026, 6, 8, 15, 29, 40, tzinfo=datetime.timezone.utc), delete_chat_photo=False, from_user=User(first_name='عصام', id=1431003618, is_bot=False, language_code='ar', last_name='مرحب', username='Esam_Marhb'), group_chat_created=False, message_id=387, supergroup_chat_created=False, text='Chrome'), update_id=509989981) caused error Can't parse entities: character '.' is reserved and must be escaped with the preceding '\'
Traceback (most recent call last):
  File "/data/data/com.termux/files/home/telegram-software-bot/venv/lib/python3.13/site-packages/telegram/ext/_application.py", line 1315, in process_update
    await coroutine
  File "/data/data/com.termux/files/home/telegram-software-bot/venv/lib/python3.13/site-packages/telegram/ext/_handlers/basehandler.py", line 159, in handle_update
    return await self.callback(update, context)
           ^^^^^^^^^^^^^^^^^^^^^^^^^^^^^^^^^^^^
  File "/data/data/com.termux/files/home/telegram-software-bot/handlers/user_handlers.py", line 38, in handle_message
    await self.do_search(update, text)
  File "/data/data/com.termux/files/home/telegram-software-bot/handlers/user_handlers.py", line 43, in do_search
    msg = await update.message.reply_text("🔍 جاري البحث...")
          ^^^^^^^^^^^^^^^^^^^^^^^^^^^^^^^^^^^^^^^^^^^^^^^^^^^
  File "/data/data/com.termux/files/home/telegram-software-bot/venv/lib/python3.13/site-packages/telegram/_message.py", line 2106, in reply_text
    return await self.get_bot().send_message(
           ^^^^^^^^^^^^^^^^^^^^^^^^^^^^^^^^^^
    ...<21 lines>...
    )
    ^
  File "/data/data/com.termux/files/home/telegram-software-bot/venv/lib/python3.13/site-packages/telegram/ext/_extbot.py", line 3118, in send_message
    return await super().send_message(
           ^^^^^^^^^^^^^^^^^^^^^^^^^^^
    ...<23 lines>...
    )
    ^
  File "/data/data/com.termux/files/home/telegram-software-bot/venv/lib/python3.13/site-packages/telegram/_bot.py", line 1123, in send_message
    return await self._send_message(
           ^^^^^^^^^^^^^^^^^^^^^^^^^
    ...<21 lines>...
    )
    ^
  File "/data/data/com.termux/files/home/telegram-software-bot/venv/lib/python3.13/site-packages/telegram/ext/_extbot.py", line 630, in _send_message
    result = await super()._send_message(
             ^^^^^^^^^^^^^^^^^^^^^^^^^^^^
    ...<23 lines>...
    )
    ^
  File "/data/data/com.termux/files/home/telegram-software-bot/venv/lib/python3.13/site-packages/telegram/_bot.py", line 820, in _send_message
    result = await self._post(
             ^^^^^^^^^^^^^^^^^
    ...<7 lines>...
    )
    ^
  File "/data/data/com.termux/files/home/telegram-software-bot/venv/lib/python3.13/site-packages/telegram/_bot.py", line 704, in _post
    return await self._do_post(
           ^^^^^^^^^^^^^^^^^^^^
    ...<6 lines>...
    )
    ^
  File "/data/data/com.termux/files/home/telegram-software-bot/venv/lib/python3.13/site-packages/telegram/ext/_extbot.py", line 370, in _do_post
    return await super()._do_post(
           ^^^^^^^^^^^^^^^^^^^^^^^
    ...<6 lines>...
    )
    ^
  File "/data/data/com.termux/files/home/telegram-software-bot/venv/lib/python3.13/site-packages/telegram/_bot.py", line 733, in _do_post
    result = await request.post(
             ^^^^^^^^^^^^^^^^^^^
    ...<6 lines>...
    )
    ^
  File "/data/data/com.termux/files/home/telegram-software-bot/venv/lib/python3.13/site-packages/telegram/request/_baserequest.py", line 198, in post
    result = await self._request_wrapper(
             ^^^^^^^^^^^^^^^^^^^^^^^^^^^^
    ...<7 lines>...
    )
    ^
  File "/data/data/com.termux/files/home/telegram-software-bot/venv/lib/python3.13/site-packages/telegram/request/_baserequest.py", line 375, in _request_wrapper
    raise exception
telegram.error.BadRequest: Can't parse entities: character '.' is reserved and must be escaped with the preceding '\'
2026-06-08 18:30:26 - bot - INFO - main:stop:166 - Stopping bot...
2026-06-08 18:30:26 - bot - INFO - main:stop:182 - Bot stopped successfully
2026-06-08 18:33:53 - bot - INFO - main:initialize:52 - Initializing bot components...
2026-06-08 18:33:53 - bot - INFO - main:initialize:57 - Database initialized
2026-06-08 18:33:53 - bot - INFO - main:initialize:62 - Cache initialized
2026-06-08 18:33:53 - bot - INFO - main:_register_handlers:101 - Handlers registered
2026-06-08 18:33:53 - bot - INFO - main:initialize:81 - Bot initialized successfully
2026-06-08 18:33:53 - bot - INFO - main:start:136 - Starting bot...
2026-06-08 18:33:54 - bot - INFO - main:start:147 - Bot started successfully
2026-06-08 18:33:54 - bot - INFO - main:start:148 - Bot username: @Esamaibot
2026-06-08 18:47:01 - bot - INFO - main:stop:166 - Stopping bot...
2026-06-08 18:48:06 - bot - INFO - main:initialize:52 - Initializing bot components...
2026-06-08 18:48:06 - bot - INFO - main:initialize:57 - Database initialized
2026-06-08 18:48:06 - bot - INFO - main:initialize:62 - Cache initialized
2026-06-08 18:48:06 - bot - INFO - main:_register_handlers:101 - Handlers registered
2026-06-08 18:48:06 - bot - INFO - main:initialize:81 - Bot initialized successfully
2026-06-08 18:48:06 - bot - INFO - main:start:136 - Starting bot...
2026-06-08 18:48:07 - bot - INFO - main:start:147 - Bot started successfully
2026-06-08 18:48:07 - bot - INFO - main:start:148 - Bot username: @Esamaibot
2026-06-08 18:50:05 - bot - INFO - main:stop:166 - Stopping bot...
2026-06-08 18:53:09 - bot - INFO - main:initialize:52 - Initializing bot components...
2026-06-08 18:53:09 - bot - INFO - main:initialize:57 - Database initialized
2026-06-08 18:53:09 - bot - INFO - main:initialize:62 - Cache initialized
2026-06-08 18:53:09 - bot - INFO - main:_register_handlers:101 - Handlers registered
2026-06-08 18:53:09 - bot - INFO - main:initialize:81 - Bot initialized successfully
2026-06-08 18:53:09 - bot - INFO - main:start:136 - Starting bot...
2026-06-08 18:53:10 - bot - INFO - main:start:147 - Bot started successfully
2026-06-08 18:53:10 - bot - INFO - main:start:148 - Bot username: @Esamaibot
2026-06-08 19:07:29 - bot - INFO - main:stop:166 - Stopping bot...
2026-06-08 19:07:29 - bot - INFO - main:stop:182 - Bot stopped successfully
2026-06-08 19:07:39 - bot - INFO - main:initialize:52 - Initializing bot components...
2026-06-08 19:07:39 - bot - INFO - main:initialize:57 - Database initialized
2026-06-08 19:07:39 - bot - INFO - main:initialize:62 - Cache initialized
2026-06-08 19:07:39 - bot - INFO - main:_register_handlers:101 - Handlers registered
2026-06-08 19:07:39 - bot - INFO - main:initialize:81 - Bot initialized successfully
2026-06-08 19:07:39 - bot - INFO - main:start:136 - Starting bot...
2026-06-08 19:07:39 - bot - INFO - main:start:147 - Bot started successfully
2026-06-08 19:07:40 - bot - INFO - main:start:148 - Bot username: @Esamaibot
2026-06-08 19:43:58 - bot - INFO - main:stop:166 - Stopping bot...
2026-06-08 19:44:30 - bot - INFO - main:initialize:52 - Initializing bot components...
2026-06-08 19:44:30 - bot - INFO - main:initialize:57 - Database initialized
2026-06-08 19:44:30 - bot - INFO - main:initialize:62 - Cache initialized
2026-06-08 19:44:30 - bot - INFO - main:_register_handlers:101 - Handlers registered
2026-06-08 19:44:30 - bot - INFO - main:initialize:81 - Bot initialized successfully
2026-06-08 19:44:30 - bot - INFO - main:start:136 - Starting bot...
2026-06-08 19:44:31 - bot - INFO - main:start:147 - Bot started successfully
2026-06-08 19:44:31 - bot - INFO - main:start:148 - Bot username: @Esamaibot
2026-06-08 19:50:35 - bot - INFO - main:stop:166 - Stopping bot...
2026-06-08 19:50:52 - bot - INFO - main:initialize:52 - Initializing bot components...
2026-06-08 19:50:52 - bot - INFO - main:initialize:57 - Database initialized
2026-06-08 19:50:52 - bot - INFO - main:initialize:62 - Cache initialized
2026-06-08 19:50:52 - bot - INFO - main:_register_handlers:101 - Handlers registered
2026-06-08 19:50:52 - bot - INFO - main:initialize:81 - Bot initialized successfully
2026-06-08 19:50:52 - bot - INFO - main:start:136 - Starting bot...
2026-06-08 19:50:53 - bot - INFO - main:start:147 - Bot started successfully
2026-06-08 19:50:53 - bot - INFO - main:start:148 - Bot username: @Esamaibot
2026-06-08 20:07:40 - bot - INFO - main:stop:166 - Stopping bot...
2026-06-08 20:07:40 - bot - INFO - main:stop:182 - Bot stopped successfully
2026-06-08 20:07:57 - bot - INFO - main:initialize:52 - Initializing bot components...
2026-06-08 20:07:57 - bot - INFO - main:initialize:57 - Database initialized
2026-06-08 20:07:57 - bot - INFO - main:initialize:62 - Cache initialized
2026-06-08 20:07:57 - bot - INFO - main:_register_handlers:101 - Handlers registered
2026-06-08 20:07:57 - bot - INFO - main:initialize:81 - Bot initialized successfully
2026-06-08 20:07:57 - bot - INFO - main:start:136 - Starting bot...
2026-06-08 20:07:58 - bot - INFO - main:start:147 - Bot started successfully
2026-06-08 20:07:58 - bot - INFO - main:start:148 - Bot username: @Esamaibot
2026-06-08 20:08:19 - bot - ERROR - main:_error_handler:109 - Update Update(message=Message(channel_chat_created=False, chat=Chat(first_name='عصام', id=1431003618, last_name='مرحب', type=<ChatType.PRIVATE>, username='Esam_Marhb'), date=datetime.datetime(2026, 6, 8, 17, 8, 15, tzinfo=datetime.timezone.utc), delete_chat_photo=False, from_user=User(first_name='عصام', id=1431003618, is_bot=False, language_code='ar', last_name='مرحب', username='Esam_Marhb'), group_chat_created=False, message_id=537, supergroup_chat_created=False, text='Project'), update_id=509990061) caused error Timed out
Traceback (most recent call last):
  File "/data/data/com.termux/files/home/telegram-software-bot/venv/lib/python3.13/site-packages/httpx/_transports/default.py", line 101, in map_httpcore_exceptions
    yield
  File "/data/data/com.termux/files/home/telegram-software-bot/venv/lib/python3.13/site-packages/httpx/_transports/default.py", line 394, in handle_async_request
    resp = await self._pool.handle_async_request(req)
           ^^^^^^^^^^^^^^^^^^^^^^^^^^^^^^^^^^^^^^^^^^
  File "/data/data/com.termux/files/home/telegram-software-bot/venv/lib/python3.13/site-packages/httpcore/_async/connection_pool.py", line 256, in handle_async_request
    raise exc from None
  File "/data/data/com.termux/files/home/telegram-software-bot/venv/lib/python3.13/site-packages/httpcore/_async/connection_pool.py", line 236, in handle_async_request
    response = await connection.handle_async_request(
               ^^^^^^^^^^^^^^^^^^^^^^^^^^^^^^^^^^^^^^
        pool_request.request
        ^^^^^^^^^^^^^^^^^^^^
    )
    ^
  File "/data/data/com.termux/files/home/telegram-software-bot/venv/lib/python3.13/site-packages/httpcore/_async/connection.py", line 101, in handle_async_request
    raise exc
  File "/data/data/com.termux/files/home/telegram-software-bot/venv/lib/python3.13/site-packages/httpcore/_async/connection.py", line 78, in handle_async_request
    stream = await self._connect(request)
             ^^^^^^^^^^^^^^^^^^^^^^^^^^^^
  File "/data/data/com.termux/files/home/telegram-software-bot/venv/lib/python3.13/site-packages/httpcore/_async/connection.py", line 124, in _connect
    stream = await self._network_backend.connect_tcp(**kwargs)
             ^^^^^^^^^^^^^^^^^^^^^^^^^^^^^^^^^^^^^^^^^^^^^^^^^
  File "/data/data/com.termux/files/home/telegram-software-bot/venv/lib/python3.13/site-packages/httpcore/_backends/auto.py", line 31, in connect_tcp
    return await self._backend.connect_tcp(
           ^^^^^^^^^^^^^^^^^^^^^^^^^^^^^^^^
    ...<5 lines>...
    )
    ^
  File "/data/data/com.termux/files/home/telegram-software-bot/venv/lib/python3.13/site-packages/httpcore/_backends/anyio.py", line 113, in connect_tcp
    with map_exceptions(exc_map):
         ~~~~~~~~~~~~~~^^^^^^^^^
  File "/data/data/com.termux/files/usr/lib/python3.13/contextlib.py", line 162, in __exit__
    self.gen.throw(value)
    ~~~~~~~~~~~~~~^^^^^^^
  File "/data/data/com.termux/files/home/telegram-software-bot/venv/lib/python3.13/site-packages/httpcore/_exceptions.py", line 14, in map_exceptions
    raise to_exc(exc) from exc
httpcore.ConnectTimeout

The above exception was the direct cause of the following exception:

Traceback (most recent call last):
  File "/data/data/com.termux/files/home/telegram-software-bot/venv/lib/python3.13/site-packages/telegram/request/_httpxrequest.py", line 279, in do_request
    res = await self._client.request(
          ^^^^^^^^^^^^^^^^^^^^^^^^^^^
    ...<6 lines>...
    )
    ^
  File "/data/data/com.termux/files/home/telegram-software-bot/venv/lib/python3.13/site-packages/httpx/_client.py", line 1540, in request
    return await self.send(request, auth=auth, follow_redirects=follow_redirects)
           ^^^^^^^^^^^^^^^^^^^^^^^^^^^^^^^^^^^^^^^^^^^^^^^^^^^^^^^^^^^^^^^^^^^^^^
  File "/data/data/com.termux/files/home/telegram-software-bot/venv/lib/python3.13/site-packages/httpx/_client.py", line 1629, in send
    response = await self._send_handling_auth(
               ^^^^^^^^^^^^^^^^^^^^^^^^^^^^^^^
    ...<4 lines>...
    )
    ^
  File "/data/data/com.termux/files/home/telegram-software-bot/venv/lib/python3.13/site-packages/httpx/_client.py", line 1657, in _send_handling_auth
    response = await self._send_handling_redirects(
               ^^^^^^^^^^^^^^^^^^^^^^^^^^^^^^^^^^^^
    ...<3 lines>...
    )
    ^
  File "/data/data/com.termux/files/home/telegram-software-bot/venv/lib/python3.13/site-packages/httpx/_client.py", line 1694, in _send_handling_redirects
    response = await self._send_single_request(request)
               ^^^^^^^^^^^^^^^^^^^^^^^^^^^^^^^^^^^^^^^^
  File "/data/data/com.termux/files/home/telegram-software-bot/venv/lib/python3.13/site-packages/httpx/_client.py", line 1730, in _send_single_request
    response = await transport.handle_async_request(request)
               ^^^^^^^^^^^^^^^^^^^^^^^^^^^^^^^^^^^^^^^^^^^^^
  File "/data/data/com.termux/files/home/telegram-software-bot/venv/lib/python3.13/site-packages/httpx/_transports/default.py", line 393, in handle_async_request
    with map_httpcore_exceptions():
         ~~~~~~~~~~~~~~~~~~~~~~~^^
  File "/data/data/com.termux/files/usr/lib/python3.13/contextlib.py", line 162, in __exit__
    self.gen.throw(value)
    ~~~~~~~~~~~~~~^^^^^^^
  File "/data/data/com.termux/files/home/telegram-software-bot/venv/lib/python3.13/site-packages/httpx/_transports/default.py", line 118, in map_httpcore_exceptions
    raise mapped_exc(message) from exc
httpx.ConnectTimeout

The above exception was the direct cause of the following exception:

Traceback (most recent call last):
  File "/data/data/com.termux/files/home/telegram-software-bot/venv/lib/python3.13/site-packages/telegram/ext/_application.py", line 1315, in process_update
    await coroutine
  File "/data/data/com.termux/files/home/telegram-software-bot/venv/lib/python3.13/site-packages/telegram/ext/_handlers/basehandler.py", line 159, in handle_update
    return await self.callback(update, context)
           ^^^^^^^^^^^^^^^^^^^^^^^^^^^^^^^^^^^^
  File "/data/data/com.termux/files/home/telegram-software-bot/handlers/user_handlers.py", line 38, in handle_message
    await self.do_search(update, text)
  File "/data/data/com.termux/files/home/telegram-software-bot/handlers/user_handlers.py", line 43, in do_search
    msg = await update.message.reply_text("🔍 جاري البحث...")
          ^^^^^^^^^^^^^^^^^^^^^^^^^^^^^^^^^^^^^^^^^^^^^^^^^^^
  File "/data/data/com.termux/files/home/telegram-software-bot/venv/lib/python3.13/site-packages/telegram/_message.py", line 2106, in reply_text
    return await self.get_bot().send_message(
           ^^^^^^^^^^^^^^^^^^^^^^^^^^^^^^^^^^
    ...<21 lines>...
    )
    ^
  File "/data/data/com.termux/files/home/telegram-software-bot/venv/lib/python3.13/site-packages/telegram/ext/_extbot.py", line 3118, in send_message
    return await super().send_message(
           ^^^^^^^^^^^^^^^^^^^^^^^^^^^
    ...<23 lines>...
    )
    ^
  File "/data/data/com.termux/files/home/telegram-software-bot/venv/lib/python3.13/site-packages/telegram/_bot.py", line 1123, in send_message
    return await self._send_message(
           ^^^^^^^^^^^^^^^^^^^^^^^^^
    ...<21 lines>...
    )
    ^
  File "/data/data/com.termux/files/home/telegram-software-bot/venv/lib/python3.13/site-packages/telegram/ext/_extbot.py", line 630, in _send_message
    result = await super()._send_message(
             ^^^^^^^^^^^^^^^^^^^^^^^^^^^^
    ...<23 lines>...
    )
    ^
  File "/data/data/com.termux/files/home/telegram-software-bot/venv/lib/python3.13/site-packages/telegram/_bot.py", line 820, in _send_message
    result = await self._post(
             ^^^^^^^^^^^^^^^^^
    ...<7 lines>...
    )
    ^
  File "/data/data/com.termux/files/home/telegram-software-bot/venv/lib/python3.13/site-packages/telegram/_bot.py", line 704, in _post
    return await self._do_post(
           ^^^^^^^^^^^^^^^^^^^^
    ...<6 lines>...
    )
    ^
  File "/data/data/com.termux/files/home/telegram-software-bot/venv/lib/python3.13/site-packages/telegram/ext/_extbot.py", line 370, in _do_post
    return await super()._do_post(
           ^^^^^^^^^^^^^^^^^^^^^^^
    ...<6 lines>...
    )
    ^
  File "/data/data/com.termux/files/home/telegram-software-bot/venv/lib/python3.13/site-packages/telegram/_bot.py", line 733, in _do_post
    result = await request.post(
             ^^^^^^^^^^^^^^^^^^^
    ...<6 lines>...
    )
    ^
  File "/data/data/com.termux/files/home/telegram-software-bot/venv/lib/python3.13/site-packages/telegram/request/_baserequest.py", line 198, in post
    result = await self._request_wrapper(
             ^^^^^^^^^^^^^^^^^^^^^^^^^^^^
    ...<7 lines>...
    )
    ^
  File "/data/data/com.termux/files/home/telegram-software-bot/venv/lib/python3.13/site-packages/telegram/request/_baserequest.py", line 305, in _request_wrapper
    code, payload = await self.do_request(
                    ^^^^^^^^^^^^^^^^^^^^^^
    ...<7 lines>...
    )
    ^
  File "/data/data/com.termux/files/home/telegram-software-bot/venv/lib/python3.13/site-packages/telegram/request/_httpxrequest.py", line 296, in do_request
    raise TimedOut from err
telegram.error.TimedOut: Timed out
2026-06-09 16:12:35 - bot - INFO - main:initialize:52 - Initializing bot components...
2026-06-09 16:12:35 - bot - INFO - main:initialize:57 - Database initialized
2026-06-09 16:12:35 - bot - INFO - main:initialize:62 - Cache initialized
2026-06-09 16:12:36 - bot - INFO - main:_register_handlers:101 - Handlers registered
2026-06-09 16:12:36 - bot - INFO - main:initialize:81 - Bot initialized successfully
2026-06-09 16:12:36 - bot - INFO - main:start:136 - Starting bot...
2026-06-09 16:12:37 - bot - INFO - main:start:147 - Bot started successfully
2026-06-09 16:12:37 - bot - INFO - main:start:148 - Bot username: @Esamaibot
2026-06-09 16:21:17 - bot - INFO - main:stop:166 - Stopping bot...
2026-06-09 16:23:57 - bot - INFO - main:initialize:52 - Initializing bot components...
2026-06-09 16:23:57 - bot - INFO - main:initialize:57 - Database initialized
2026-06-09 16:23:57 - bot - INFO - main:initialize:62 - Cache initialized
2026-06-09 16:23:57 - bot - INFO - main:_register_handlers:101 - Handlers registered
2026-06-09 16:23:57 - bot - INFO - main:initialize:81 - Bot initialized successfully
2026-06-09 16:23:57 - bot - INFO - main:start:136 - Starting bot...
2026-06-09 16:23:58 - bot - INFO - main:start:147 - Bot started successfully
2026-06-09 16:23:58 - bot - INFO - main:start:148 - Bot username: @Esamaibot
2026-06-09 16:33:24 - bot - INFO - main:stop:166 - Stopping bot...
2026-06-09 16:33:35 - bot - INFO - main:initialize:52 - Initializing bot components...
2026-06-09 16:33:35 - bot - INFO - main:initialize:57 - Database initialized
2026-06-09 16:33:35 - bot - INFO - main:initialize:62 - Cache initialized
2026-06-09 16:33:35 - bot - INFO - main:_register_handlers:101 - Handlers registered
2026-06-09 16:33:35 - bot - INFO - main:initialize:81 - Bot initialized successfully
2026-06-09 16:33:35 - bot - INFO - main:start:136 - Starting bot...
2026-06-09 16:33:36 - bot - INFO - main:start:147 - Bot started successfully
2026-06-09 16:33:36 - bot - INFO - main:start:148 - Bot username: @Esamaibot
2026-06-09 16:39:55 - bot - INFO - main:stop:166 - Stopping bot...
2026-06-09 16:40:05 - bot - INFO - main:initialize:52 - Initializing bot components...
2026-06-09 16:40:05 - bot - INFO - main:initialize:57 - Database initialized
2026-06-09 16:40:05 - bot - INFO - main:initialize:62 - Cache initialized
2026-06-09 16:40:06 - bot - INFO - main:_register_handlers:101 - Handlers registered
2026-06-09 16:40:06 - bot - INFO - main:initialize:81 - Bot initialized successfully
2026-06-09 16:40:06 - bot - INFO - main:start:136 - Starting bot...
2026-06-09 16:40:06 - bot - INFO - main:start:147 - Bot started successfully
2026-06-09 16:40:07 - bot - INFO - main:start:148 - Bot username: @Esamaibot
2026-06-09 16:44:04 - bot - INFO - main:stop:166 - Stopping bot...
2026-06-09 16:44:16 - bot - INFO - main:initialize:52 - Initializing bot components...
2026-06-09 16:44:16 - bot - INFO - main:initialize:57 - Database initialized
2026-06-09 16:44:16 - bot - INFO - main:initialize:62 - Cache initialized
2026-06-09 16:44:16 - bot - INFO - main:_register_handlers:101 - Handlers registered
2026-06-09 16:44:16 - bot - INFO - main:initialize:81 - Bot initialized successfully
2026-06-09 16:44:16 - bot - INFO - main:start:136 - Starting bot...
2026-06-09 16:44:17 - bot - INFO - main:start:147 - Bot started successfully
2026-06-09 16:44:17 - bot - INFO - main:start:148 - Bot username: @Esamaibot
2026-06-09 16:48:43 - bot - INFO - main:stop:166 - Stopping bot...
2026-06-09 16:48:44 - bot - INFO - main:stop:182 - Bot stopped successfully
2026-06-09 16:48:53 - bot - INFO - main:initialize:52 - Initializing bot components...
2026-06-09 16:48:53 - bot - INFO - main:initialize:57 - Database initialized
2026-06-09 16:48:53 - bot - INFO - main:initialize:62 - Cache initialized
2026-06-09 16:48:53 - bot - INFO - main:_register_handlers:101 - Handlers registered
2026-06-09 16:48:53 - bot - INFO - main:initialize:81 - Bot initialized successfully
2026-06-09 16:48:53 - bot - INFO - main:start:136 - Starting bot...
2026-06-09 16:48:54 - bot - INFO - main:start:147 - Bot started successfully
2026-06-09 16:48:54 - bot - INFO - main:start:148 - Bot username: @Esamaibot
2026-06-09 17:16:53 - bot - INFO - main:stop:166 - Stopping bot...
2026-06-09 17:17:04 - bot - INFO - main:initialize:52 - Initializing bot components...
2026-06-09 17:17:04 - bot - INFO - main:initialize:57 - Database initialized
2026-06-09 17:17:04 - bot - INFO - main:initialize:62 - Cache initialized
2026-06-09 17:17:04 - bot - INFO - main:_register_handlers:101 - Handlers registered
2026-06-09 17:17:04 - bot - INFO - main:initialize:81 - Bot initialized successfully
2026-06-09 17:17:04 - bot - INFO - main:start:136 - Starting bot...
2026-06-09 17:17:05 - bot - INFO - main:start:147 - Bot started successfully
2026-06-09 17:17:05 - bot - INFO - main:start:148 - Bot username: @Esamaibot
